18:10:27.546 [] ERROR o.s.j.l.DefaultMessageListenerContainer - Could not refresh JMS Connection for destination 'core.to.workload.queue' - retrying using FixedBackOff{interval=5000, currentAttempts=0, maxAttempts=unlimited}. Cause: Could not connect to broker URL: tcp://localhost:61616. Reason: java.net.ConnectException: Connection refused: getsockopt
jakarta.jms.JMSException: Could not connect to broker URL: tcp://localhost:61616. Reason: java.net.ConnectException: Connection refused: getsockopt
	at org.apache.activemq.util.JMSExceptionSupport.create(JMSExceptionSupport.java:49)
	at org.apache.activemq.ActiveMQConnectionFactory.createActiveMQConnection(ActiveMQConnectionFactory.java:423)
	at org.apache.activemq.ActiveMQConnectionFactory.createActiveMQConnection(ActiveMQConnectionFactory.java:353)
	at org.apache.activemq.ActiveMQConnectionFactory.createConnection(ActiveMQConnectionFactory.java:245)
	at org.springframework.jms.connection.SingleConnectionFactory.doCreateConnection(SingleConnectionFactory.java:475)
	at org.springframework.jms.connection.SingleConnectionFactory.initConnection(SingleConnectionFactory.java:434)
	at org.springframework.jms.connection.SingleConnectionFactory.getConnection(SingleConnectionFactory.java:340)
	at org.springframework.jms.connection.SingleConnectionFactory.createConnection(SingleConnectionFactory.java:245)
	at org.springframework.jms.support.JmsAccessor.createConnection(JmsAccessor.java:211)
	at org.springframework.jms.listener.AbstractJmsListeningContainer.createSharedConnection(AbstractJmsListeningContainer.java:439)
	at org.springframework.jms.listener.AbstractJmsListeningContainer.refreshSharedConnection(AbstractJmsListeningContainer.java:421)
	at org.springframework.jms.listener.DefaultMessageListenerContainer.refreshConnectionUntilSuccessful(DefaultMessageListenerContainer.java:1140)
	at org.springframework.jms.listener.DefaultMessageListenerContainer.recoverAfterListenerSetupFailure(DefaultMessageListenerContainer.java:1114)
	at org.springframework.jms.listener.DefaultMessageListenerContainer$AsyncMessageListenerInvoker.run(DefaultMessageListenerContainer.java:1314)
	at java.base/java.lang.Thread.run(Thread.java:1447)
Caused by: java.net.ConnectException: Connection refused: getsockopt
	at java.base/sun.nio.ch.Net.pollConnect(Native Method)
	at java.base/sun.nio.ch.Net.pollConnectNow(Net.java:628)
	at java.base/sun.nio.ch.NioSocketImpl.timedFinishConnect(NioSocketImpl.java:533)
	at java.base/sun.nio.ch.NioSocketImpl.connect(NioSocketImpl.java:583)
	at java.base/java.net.SocksSocketImpl.connect(SocksSocketImpl.java:282)
	at java.base/java.net.Socket.connect(Socket.java:665)
	at org.apache.activemq.transport.tcp.TcpTransport.connect(TcpTransport.java:526)
	at org.apache.activemq.transport.tcp.TcpTransport.doStart(TcpTransport.java:489)
	at org.apache.activemq.util.ServiceSupport.start(ServiceSupport.java:55)
	at org.apache.activemq.transport.AbstractInactivityMonitor.start(AbstractInactivityMonitor.java:172)
	at org.apache.activemq.transport.InactivityMonitor.start(InactivityMonitor.java:52)
	at org.apache.activemq.transport.TransportFilter.start(TransportFilter.java:64)
	at org.apache.activemq.transport.WireFormatNegotiator.start(WireFormatNegotiator.java:72)
	at org.apache.activemq.transport.TransportFilter.start(TransportFilter.java:64)
	at org.apache.activemq.transport.TransportFilter.start(TransportFilter.java:64)
	at org.apache.activemq.ActiveMQConnectionFactory.createActiveMQConnection(ActiveMQConnectionFactory.java:403)
	... 13 common frames omitted
18:10:27.556 [] ERROR o.s.j.l.DefaultMessageListenerContainer - Could not refresh JMS Connection for destination 'ActiveMQ.DLQ' - retrying using FixedBackOff{interval=5000, currentAttempts=0, maxAttempts=unlimited}. Cause: Could not connect to broker URL: tcp://localhost:61616. Reason: java.net.ConnectException: Connection refused: getsockopt
jakarta.jms.JMSException: Could not connect to broker URL: tcp://localhost:61616. Reason: java.net.ConnectException: Connection refused: getsockopt
	at org.apache.activemq.util.JMSExceptionSupport.create(JMSExceptionSupport.java:49)
	at org.apache.activemq.ActiveMQConnectionFactory.createActiveMQConnection(ActiveMQConnectionFactory.java:423)
	at org.apache.activemq.ActiveMQConnectionFactory.createActiveMQConnection(ActiveMQConnectionFactory.java:353)
	at org.apache.activemq.ActiveMQConnectionFactory.createConnection(ActiveMQConnectionFactory.java:245)
	at org.springframework.jms.connection.SingleConnectionFactory.doCreateConnection(SingleConnectionFactory.java:475)
	at org.springframework.jms.connection.SingleConnectionFactory.initConnection(SingleConnectionFactory.java:434)
	at org.springframework.jms.connection.SingleConnectionFactory.getConnection(SingleConnectionFactory.java:340)
	at org.springframework.jms.connection.SingleConnectionFactory.createConnection(SingleConnectionFactory.java:245)
	at org.springframework.jms.support.JmsAccessor.createConnection(JmsAccessor.java:211)
	at org.springframework.jms.listener.AbstractJmsListeningContainer.createSharedConnection(AbstractJmsListeningContainer.java:439)
	at org.springframework.jms.listener.AbstractJmsListeningContainer.refreshSharedConnection(AbstractJmsListeningContainer.java:421)
	at org.springframework.jms.listener.DefaultMessageListenerContainer.refreshConnectionUntilSuccessful(DefaultMessageListenerContainer.java:1140)
	at org.springframework.jms.listener.DefaultMessageListenerContainer.recoverAfterListenerSetupFailure(DefaultMessageListenerContainer.java:1114)
	at org.springframework.jms.listener.DefaultMessageListenerContainer$AsyncMessageListenerInvoker.run(DefaultMessageListenerContainer.java:1314)
	at java.base/java.lang.Thread.run(Thread.java:1447)
Caused by: java.net.ConnectException: Connection refused: getsockopt
	at java.base/sun.nio.ch.Net.pollConnect(Native Method)
	at java.base/sun.nio.ch.Net.pollConnectNow(Net.java:628)
	at java.base/sun.nio.ch.NioSocketImpl.timedFinishConnect(NioSocketImpl.java:533)
	at java.base/sun.nio.ch.NioSocketImpl.connect(NioSocketImpl.java:583)
	at java.base/java.net.SocksSocketImpl.connect(SocksSocketImpl.java:282)
	at java.base/java.net.Socket.connect(Socket.java:665)
	at org.apache.activemq.transport.tcp.TcpTransport.connect(TcpTransport.java:526)
	at org.apache.activemq.transport.tcp.TcpTransport.doStart(TcpTransport.java:489)
	at org.apache.activemq.util.ServiceSupport.start(ServiceSupport.java:55)
	at org.apache.activemq.transport.AbstractInactivityMonitor.start(AbstractInactivityMonitor.java:172)
	at org.apache.activemq.transport.InactivityMonitor.start(InactivityMonitor.java:52)
	at org.apache.activemq.transport.TransportFilter.start(TransportFilter.java:64)
	at org.apache.activemq.transport.WireFormatNegotiator.start(WireFormatNegotiator.java:72)
	at org.apache.activemq.transport.TransportFilter.start(TransportFilter.java:64)
	at org.apache.activemq.transport.TransportFilter.start(TransportFilter.java:64)
	at org.apache.activemq.ActiveMQConnectionFactory.createActiveMQConnection(ActiveMQConnectionFactory.java:403)
	... 13 common frames omitted
18:10:32.550 [] ERROR o.s.j.l.DefaultMessageListenerContainer - Could not refresh JMS Connection for destination 'core.to.workload.queue' - retrying using FixedBackOff{interval=5000, currentAttempts=1, maxAttempts=unlimited}. Cause: Could not connect to broker URL: tcp://localhost:61616. Reason: java.net.ConnectException: Connection refused: getsockopt
jakarta.jms.JMSException: Could not connect to broker URL: tcp://localhost:61616. Reason: java.net.ConnectException: Connection refused: getsockopt
	at org.apache.activemq.util.JMSExceptionSupport.create(JMSExceptionSupport.java:49)
	at org.apache.activemq.ActiveMQConnectionFactory.createActiveMQConnection(ActiveMQConnectionFactory.java:423)
	at org.apache.activemq.ActiveMQConnectionFactory.createActiveMQConnection(ActiveMQConnectionFactory.java:353)
	at org.apache.activemq.ActiveMQConnectionFactory.createConnection(ActiveMQConnectionFactory.java:245)
	at org.springframework.jms.connection.SingleConnectionFactory.doCreateConnection(SingleConnectionFactory.java:475)
	at org.springframework.jms.connection.SingleConnectionFactory.initConnection(SingleConnectionFactory.java:434)
	at org.springframework.jms.connection.SingleConnectionFactory.getConnection(SingleConnectionFactory.java:340)
	at org.springframework.jms.connection.SingleConnectionFactory.createConnection(SingleConnectionFactory.java:245)
	at org.springframework.jms.support.JmsAccessor.createConnection(JmsAccessor.java:211)
	at org.springframework.jms.listener.AbstractJmsListeningContainer.createSharedConnection(AbstractJmsListeningContainer.java:439)
	at org.springframework.jms.listener.AbstractJmsListeningContainer.refreshSharedConnection(AbstractJmsListeningContainer.java:421)
	at org.springframework.jms.listener.DefaultMessageListenerContainer.refreshConnectionUntilSuccessful(DefaultMessageListenerContainer.java:1140)
	at org.springframework.jms.listener.DefaultMessageListenerContainer.recoverAfterListenerSetupFailure(DefaultMessageListenerContainer.java:1114)
	at org.springframework.jms.listener.DefaultMessageListenerContainer$AsyncMessageListenerInvoker.run(DefaultMessageListenerContainer.java:1314)
	at java.base/java.lang.Thread.run(Thread.java:1447)
Caused by: java.net.ConnectException: Connection refused: getsockopt
	at java.base/sun.nio.ch.Net.pollConnect(Native Method)
	at java.base/sun.nio.ch.Net.pollConnectNow(Net.java:628)
	at java.base/sun.nio.ch.NioSocketImpl.timedFinishConnect(NioSocketImpl.java:533)
	at java.base/sun.nio.ch.NioSocketImpl.connect(NioSocketImpl.java:583)
	at java.base/java.net.SocksSocketImpl.connect(SocksSocketImpl.java:282)
	at java.base/java.net.Socket.connect(Socket.java:665)
	at org.apache.activemq.transport.tcp.TcpTransport.connect(TcpTransport.java:526)
	at org.apache.activemq.transport.tcp.TcpTransport.doStart(TcpTransport.java:489)
	at org.apache.activemq.util.ServiceSupport.start(ServiceSupport.java:55)
	at org.apache.activemq.transport.AbstractInactivityMonitor.start(AbstractInactivityMonitor.java:172)
	at org.apache.activemq.transport.InactivityMonitor.start(InactivityMonitor.java:52)
	at org.apache.activemq.transport.TransportFilter.start(TransportFilter.java:64)
	at org.apache.activemq.transport.WireFormatNegotiator.start(WireFormatNegotiator.java:72)
	at org.apache.activemq.transport.TransportFilter.start(TransportFilter.java:64)
	at org.apache.activemq.transport.TransportFilter.start(TransportFilter.java:64)
	at org.apache.activemq.ActiveMQConnectionFactory.createActiveMQConnection(ActiveMQConnectionFactory.java:403)
	... 13 common frames omitted
18:10:32.567 [] ERROR o.s.j.l.DefaultMessageListenerContainer - Could not refresh JMS Connection for destination 'ActiveMQ.DLQ' - retrying using FixedBackOff{interval=5000, currentAttempts=1, maxAttempts=unlimited}. Cause: Could not connect to broker URL: tcp://localhost:61616. Reason: java.net.ConnectException: Connection refused: getsockopt
jakarta.jms.JMSException: Could not connect to broker URL: tcp://localhost:61616. Reason: java.net.ConnectException: Connection refused: getsockopt
	at org.apache.activemq.util.JMSExceptionSupport.create(JMSExceptionSupport.java:49)
	at org.apache.activemq.ActiveMQConnectionFactory.createActiveMQConnection(ActiveMQConnectionFactory.java:423)
	at org.apache.activemq.ActiveMQConnectionFactory.createActiveMQConnection(ActiveMQConnectionFactory.java:353)
	at org.apache.activemq.ActiveMQConnectionFactory.createConnection(ActiveMQConnectionFactory.java:245)
	at org.springframework.jms.connection.SingleConnectionFactory.doCreateConnection(SingleConnectionFactory.java:475)
	at org.springframework.jms.connection.SingleConnectionFactory.initConnection(SingleConnectionFactory.java:434)
	at org.springframework.jms.connection.SingleConnectionFactory.getConnection(SingleConnectionFactory.java:340)
	at org.springframework.jms.connection.SingleConnectionFactory.createConnection(SingleConnectionFactory.java:245)
	at org.springframework.jms.support.JmsAccessor.createConnection(JmsAccessor.java:211)
	at org.springframework.jms.listener.AbstractJmsListeningContainer.createSharedConnection(AbstractJmsListeningContainer.java:439)
	at org.springframework.jms.listener.AbstractJmsListeningContainer.refreshSharedConnection(AbstractJmsListeningContainer.java:421)
	at org.springframework.jms.listener.DefaultMessageListenerContainer.refreshConnectionUntilSuccessful(DefaultMessageListenerContainer.java:1140)
	at org.springframework.jms.listener.DefaultMessageListenerContainer.recoverAfterListenerSetupFailure(DefaultMessageListenerContainer.java:1114)
	at org.springframework.jms.listener.DefaultMessageListenerContainer$AsyncMessageListenerInvoker.run(DefaultMessageListenerContainer.java:1314)
	at java.base/java.lang.Thread.run(Thread.java:1447)
Caused by: java.net.ConnectException: Connection refused: getsockopt
	at java.base/sun.nio.ch.Net.pollConnect(Native Method)
	at java.base/sun.nio.ch.Net.pollConnectNow(Net.java:628)
	at java.base/sun.nio.ch.NioSocketImpl.timedFinishConnect(NioSocketImpl.java:533)
	at java.base/sun.nio.ch.NioSocketImpl.connect(NioSocketImpl.java:583)
	at java.base/java.net.SocksSocketImpl.connect(SocksSocketImpl.java:282)
	at java.base/java.net.Socket.connect(Socket.java:665)
	at org.apache.activemq.transport.tcp.TcpTransport.connect(TcpTransport.java:526)
	at org.apache.activemq.transport.tcp.TcpTransport.doStart(TcpTransport.java:489)
	at org.apache.activemq.util.ServiceSupport.start(ServiceSupport.java:55)
	at org.apache.activemq.transport.AbstractInactivityMonitor.start(AbstractInactivityMonitor.java:172)
	at org.apache.activemq.transport.InactivityMonitor.start(InactivityMonitor.java:52)
	at org.apache.activemq.transport.TransportFilter.start(TransportFilter.java:64)
	at org.apache.activemq.transport.WireFormatNegotiator.start(WireFormatNegotiator.java:72)
	at org.apache.activemq.transport.TransportFilter.start(TransportFilter.java:64)
	at org.apache.activemq.transport.TransportFilter.start(TransportFilter.java:64)
	at org.apache.activemq.ActiveMQConnectionFactory.createActiveMQConnection(ActiveMQConnectionFactory.java:403)
	... 13 common frames omitted
18:10:37.553 [] ERROR o.s.j.l.DefaultMessageListenerContainer - Could not refresh JMS Connection for destination 'core.to.workload.queue' - retrying using FixedBackOff{interval=5000, currentAttempts=2, maxAttempts=unlimited}. Cause: Could not connect to broker URL: tcp://localhost:61616. Reason: java.net.ConnectException: Connection refused: getsockopt
jakarta.jms.JMSException: Could not connect to broker URL: tcp://localhost:61616. Reason: java.net.ConnectException: Connection refused: getsockopt
	at org.apache.activemq.util.JMSExceptionSupport.create(JMSExceptionSupport.java:49)
	at org.apache.activemq.ActiveMQConnectionFactory.createActiveMQConnection(ActiveMQConnectionFactory.java:423)
	at org.apache.activemq.ActiveMQConnectionFactory.createActiveMQConnection(ActiveMQConnectionFactory.java:353)
	at org.apache.activemq.ActiveMQConnectionFactory.createConnection(ActiveMQConnectionFactory.java:245)
	at org.springframework.jms.connection.SingleConnectionFactory.doCreateConnection(SingleConnectionFactory.java:475)
	at org.springframework.jms.connection.SingleConnectionFactory.initConnection(SingleConnectionFactory.java:434)
	at org.springframework.jms.connection.SingleConnectionFactory.getConnection(SingleConnectionFactory.java:340)
	at org.springframework.jms.connection.SingleConnectionFactory.createConnection(SingleConnectionFactory.java:245)
	at org.springframework.jms.support.JmsAccessor.createConnection(JmsAccessor.java:211)
	at org.springframework.jms.listener.AbstractJmsListeningContainer.createSharedConnection(AbstractJmsListeningContainer.java:439)
	at org.springframework.jms.listener.AbstractJmsListeningContainer.refreshSharedConnection(AbstractJmsListeningContainer.java:421)
	at org.springframework.jms.listener.DefaultMessageListenerContainer.refreshConnectionUntilSuccessful(DefaultMessageListenerContainer.java:1140)
	at org.springframework.jms.listener.DefaultMessageListenerContainer.recoverAfterListenerSetupFailure(DefaultMessageListenerContainer.java:1114)
	at org.springframework.jms.listener.DefaultMessageListenerContainer$AsyncMessageListenerInvoker.run(DefaultMessageListenerContainer.java:1314)
	at java.base/java.lang.Thread.run(Thread.java:1447)
Caused by: java.net.ConnectException: Connection refused: getsockopt
	at java.base/sun.nio.ch.Net.pollConnect(Native Method)
	at java.base/sun.nio.ch.Net.pollConnectNow(Net.java:628)
	at java.base/sun.nio.ch.NioSocketImpl.timedFinishConnect(NioSocketImpl.java:533)
	at java.base/sun.nio.ch.NioSocketImpl.connect(NioSocketImpl.java:583)
	at java.base/java.net.SocksSocketImpl.connect(SocksSocketImpl.java:282)
	at java.base/java.net.Socket.connect(Socket.java:665)
	at org.apache.activemq.transport.tcp.TcpTransport.connect(TcpTransport.java:526)
	at org.apache.activemq.transport.tcp.TcpTransport.doStart(TcpTransport.java:489)
	at org.apache.activemq.util.ServiceSupport.start(ServiceSupport.java:55)
	at org.apache.activemq.transport.AbstractInactivityMonitor.start(AbstractInactivityMonitor.java:172)
	at org.apache.activemq.transport.InactivityMonitor.start(InactivityMonitor.java:52)
	at org.apache.activemq.transport.TransportFilter.start(TransportFilter.java:64)
	at org.apache.activemq.transport.WireFormatNegotiator.start(WireFormatNegotiator.java:72)
	at org.apache.activemq.transport.TransportFilter.start(TransportFilter.java:64)
	at org.apache.activemq.transport.TransportFilter.start(TransportFilter.java:64)
	at org.apache.activemq.ActiveMQConnectionFactory.createActiveMQConnection(ActiveMQConnectionFactory.java:403)
	... 13 common frames omitted
18:10:37.579 [] ERROR o.s.j.l.DefaultMessageListenerContainer - Could not refresh JMS Connection for destination 'ActiveMQ.DLQ' - retrying using FixedBackOff{interval=5000, currentAttempts=2, maxAttempts=unlimited}. Cause: Could not connect to broker URL: tcp://localhost:61616. Reason: java.net.ConnectException: Connection refused: getsockopt
jakarta.jms.JMSException: Could not connect to broker URL: tcp://localhost:61616. Reason: java.net.ConnectException: Connection refused: getsockopt
	at org.apache.activemq.util.JMSExceptionSupport.create(JMSExceptionSupport.java:49)
	at org.apache.activemq.ActiveMQConnectionFactory.createActiveMQConnection(ActiveMQConnectionFactory.java:423)
	at org.apache.activemq.ActiveMQConnectionFactory.createActiveMQConnection(ActiveMQConnectionFactory.java:353)
	at org.apache.activemq.ActiveMQConnectionFactory.createConnection(ActiveMQConnectionFactory.java:245)
	at org.springframework.jms.connection.SingleConnectionFactory.doCreateConnection(SingleConnectionFactory.java:475)
	at org.springframework.jms.connection.SingleConnectionFactory.initConnection(SingleConnectionFactory.java:434)
	at org.springframework.jms.connection.SingleConnectionFactory.getConnection(SingleConnectionFactory.java:340)
	at org.springframework.jms.connection.SingleConnectionFactory.createConnection(SingleConnectionFactory.java:245)
	at org.springframework.jms.support.JmsAccessor.createConnection(JmsAccessor.java:211)
	at org.springframework.jms.listener.AbstractJmsListeningContainer.createSharedConnection(AbstractJmsListeningContainer.java:439)
	at org.springframework.jms.listener.AbstractJmsListeningContainer.refreshSharedConnection(AbstractJmsListeningContainer.java:421)
	at org.springframework.jms.listener.DefaultMessageListenerContainer.refreshConnectionUntilSuccessful(DefaultMessageListenerContainer.java:1140)
	at org.springframework.jms.listener.DefaultMessageListenerContainer.recoverAfterListenerSetupFailure(DefaultMessageListenerContainer.java:1114)
	at org.springframework.jms.listener.DefaultMessageListenerContainer$AsyncMessageListenerInvoker.run(DefaultMessageListenerContainer.java:1314)
	at java.base/java.lang.Thread.run(Thread.java:1447)
Caused by: java.net.ConnectException: Connection refused: getsockopt
	at java.base/sun.nio.ch.Net.pollConnect(Native Method)
	at java.base/sun.nio.ch.Net.pollConnectNow(Net.java:628)
	at java.base/sun.nio.ch.NioSocketImpl.timedFinishConnect(NioSocketImpl.java:533)
	at java.base/sun.nio.ch.NioSocketImpl.connect(NioSocketImpl.java:583)
	at java.base/java.net.SocksSocketImpl.connect(SocksSocketImpl.java:282)
	at java.base/java.net.Socket.connect(Socket.java:665)
	at org.apache.activemq.transport.tcp.TcpTransport.connect(TcpTransport.java:526)
	at org.apache.activemq.transport.tcp.TcpTransport.doStart(TcpTransport.java:489)
	at org.apache.activemq.util.ServiceSupport.start(ServiceSupport.java:55)
	at org.apache.activemq.transport.AbstractInactivityMonitor.start(AbstractInactivityMonitor.java:172)
	at org.apache.activemq.transport.InactivityMonitor.start(InactivityMonitor.java:52)
	at org.apache.activemq.transport.TransportFilter.start(TransportFilter.java:64)
	at org.apache.activemq.transport.WireFormatNegotiator.start(WireFormatNegotiator.java:72)
	at org.apache.activemq.transport.TransportFilter.start(TransportFilter.java:64)
	at org.apache.activemq.transport.TransportFilter.start(TransportFilter.java:64)
	at org.apache.activemq.ActiveMQConnectionFactory.createActiveMQConnection(ActiveMQConnectionFactory.java:403)
	... 13 common frames omitted
18:10:42.565 [] ERROR o.s.j.l.DefaultMessageListenerContainer - Could not refresh JMS Connection for destination 'core.to.workload.queue' - retrying using FixedBackOff{interval=5000, currentAttempts=3, maxAttempts=unlimited}. Cause: Could not connect to broker URL: tcp://localhost:61616. Reason: java.net.ConnectException: Connection refused: getsockopt
jakarta.jms.JMSException: Could not connect to broker URL: tcp://localhost:61616. Reason: java.net.ConnectException: Connection refused: getsockopt
	at org.apache.activemq.util.JMSExceptionSupport.create(JMSExceptionSupport.java:49)
	at org.apache.activemq.ActiveMQConnectionFactory.createActiveMQConnection(ActiveMQConnectionFactory.java:423)
	at org.apache.activemq.ActiveMQConnectionFactory.createActiveMQConnection(ActiveMQConnectionFactory.java:353)
	at org.apache.activemq.ActiveMQConnectionFactory.createConnection(ActiveMQConnectionFactory.java:245)
	at org.springframework.jms.connection.SingleConnectionFactory.doCreateConnection(SingleConnectionFactory.java:475)
	at org.springframework.jms.connection.SingleConnectionFactory.initConnection(SingleConnectionFactory.java:434)
	at org.springframework.jms.connection.SingleConnectionFactory.getConnection(SingleConnectionFactory.java:340)
	at org.springframework.jms.connection.SingleConnectionFactory.createConnection(SingleConnectionFactory.java:245)
	at org.springframework.jms.support.JmsAccessor.createConnection(JmsAccessor.java:211)
	at org.springframework.jms.listener.AbstractJmsListeningContainer.createSharedConnection(AbstractJmsListeningContainer.java:439)
	at org.springframework.jms.listener.AbstractJmsListeningContainer.refreshSharedConnection(AbstractJmsListeningContainer.java:421)
	at org.springframework.jms.listener.DefaultMessageListenerContainer.refreshConnectionUntilSuccessful(DefaultMessageListenerContainer.java:1140)
	at org.springframework.jms.listener.DefaultMessageListenerContainer.recoverAfterListenerSetupFailure(DefaultMessageListenerContainer.java:1114)
	at org.springframework.jms.listener.DefaultMessageListenerContainer$AsyncMessageListenerInvoker.run(DefaultMessageListenerContainer.java:1314)
	at java.base/java.lang.Thread.run(Thread.java:1447)
Caused by: java.net.ConnectException: Connection refused: getsockopt
	at java.base/sun.nio.ch.Net.pollConnect(Native Method)
	at java.base/sun.nio.ch.Net.pollConnectNow(Net.java:628)
	at java.base/sun.nio.ch.NioSocketImpl.timedFinishConnect(NioSocketImpl.java:533)
	at java.base/sun.nio.ch.NioSocketImpl.connect(NioSocketImpl.java:583)
	at java.base/java.net.SocksSocketImpl.connect(SocksSocketImpl.java:282)
	at java.base/java.net.Socket.connect(Socket.java:665)
	at org.apache.activemq.transport.tcp.TcpTransport.connect(TcpTransport.java:526)
	at org.apache.activemq.transport.tcp.TcpTransport.doStart(TcpTransport.java:489)
	at org.apache.activemq.util.ServiceSupport.start(ServiceSupport.java:55)
	at org.apache.activemq.transport.AbstractInactivityMonitor.start(AbstractInactivityMonitor.java:172)
	at org.apache.activemq.transport.InactivityMonitor.start(InactivityMonitor.java:52)
	at org.apache.activemq.transport.TransportFilter.start(TransportFilter.java:64)
	at org.apache.activemq.transport.WireFormatNegotiator.start(WireFormatNegotiator.java:72)
	at org.apache.activemq.transport.TransportFilter.start(TransportFilter.java:64)
	at org.apache.activemq.transport.TransportFilter.start(TransportFilter.java:64)
	at org.apache.activemq.ActiveMQConnectionFactory.createActiveMQConnection(ActiveMQConnectionFactory.java:403)
	... 13 common frames omitted
18:10:42.591 [] ERROR o.s.j.l.DefaultMessageListenerContainer - Could not refresh JMS Connection for destination 'ActiveMQ.DLQ' - retrying using FixedBackOff{interval=5000, currentAttempts=3, maxAttempts=unlimited}. Cause: Could not connect to broker URL: tcp://localhost:61616. Reason: java.net.ConnectException: Connection refused: getsockopt
jakarta.jms.JMSException: Could not connect to broker URL: tcp://localhost:61616. Reason: java.net.ConnectException: Connection refused: getsockopt
	at org.apache.activemq.util.JMSExceptionSupport.create(JMSExceptionSupport.java:49)
	at org.apache.activemq.ActiveMQConnectionFactory.createActiveMQConnection(ActiveMQConnectionFactory.java:423)
	at org.apache.activemq.ActiveMQConnectionFactory.createActiveMQConnection(ActiveMQConnectionFactory.java:353)
	at org.apache.activemq.ActiveMQConnectionFactory.createConnection(ActiveMQConnectionFactory.java:245)
	at org.springframework.jms.connection.SingleConnectionFactory.doCreateConnection(SingleConnectionFactory.java:475)
	at org.springframework.jms.connection.SingleConnectionFactory.initConnection(SingleConnectionFactory.java:434)
	at org.springframework.jms.connection.SingleConnectionFactory.getConnection(SingleConnectionFactory.java:340)
	at org.springframework.jms.connection.SingleConnectionFactory.createConnection(SingleConnectionFactory.java:245)
	at org.springframework.jms.support.JmsAccessor.createConnection(JmsAccessor.java:211)
	at org.springframework.jms.listener.AbstractJmsListeningContainer.createSharedConnection(AbstractJmsListeningContainer.java:439)
	at org.springframework.jms.listener.AbstractJmsListeningContainer.refreshSharedConnection(AbstractJmsListeningContainer.java:421)
	at org.springframework.jms.listener.DefaultMessageListenerContainer.refreshConnectionUntilSuccessful(DefaultMessageListenerContainer.java:1140)
	at org.springframework.jms.listener.DefaultMessageListenerContainer.recoverAfterListenerSetupFailure(DefaultMessageListenerContainer.java:1114)
	at org.springframework.jms.listener.DefaultMessageListenerContainer$AsyncMessageListenerInvoker.run(DefaultMessageListenerContainer.java:1314)
	at java.base/java.lang.Thread.run(Thread.java:1447)
Caused by: java.net.ConnectException: Connection refused: getsockopt
	at java.base/sun.nio.ch.Net.pollConnect(Native Method)
	at java.base/sun.nio.ch.Net.pollConnectNow(Net.java:628)
	at java.base/sun.nio.ch.NioSocketImpl.timedFinishConnect(NioSocketImpl.java:533)
	at java.base/sun.nio.ch.NioSocketImpl.connect(NioSocketImpl.java:583)
	at java.base/java.net.SocksSocketImpl.connect(SocksSocketImpl.java:282)
	at java.base/java.net.Socket.connect(Socket.java:665)
	at org.apache.activemq.transport.tcp.TcpTransport.connect(TcpTransport.java:526)
	at org.apache.activemq.transport.tcp.TcpTransport.doStart(TcpTransport.java:489)
	at org.apache.activemq.util.ServiceSupport.start(ServiceSupport.java:55)
	at org.apache.activemq.transport.AbstractInactivityMonitor.start(AbstractInactivityMonitor.java:172)
	at org.apache.activemq.transport.InactivityMonitor.start(InactivityMonitor.java:52)
	at org.apache.activemq.transport.TransportFilter.start(TransportFilter.java:64)
	at org.apache.activemq.transport.WireFormatNegotiator.start(WireFormatNegotiator.java:72)
	at org.apache.activemq.transport.TransportFilter.start(TransportFilter.java:64)
	at org.apache.activemq.transport.TransportFilter.start(TransportFilter.java:64)
	at org.apache.activemq.ActiveMQConnectionFactory.createActiveMQConnection(ActiveMQConnectionFactory.java:403)
	... 13 common frames omitted
18:10:47.577 [] ERROR o.s.j.l.DefaultMessageListenerContainer - Could not refresh JMS Connection for destination 'core.to.workload.queue' - retrying using FixedBackOff{interval=5000, currentAttempts=4, maxAttempts=unlimited}. Cause: Could not connect to broker URL: tcp://localhost:61616. Reason: java.net.ConnectException: Connection refused: getsockopt
jakarta.jms.JMSException: Could not connect to broker URL: tcp://localhost:61616. Reason: java.net.ConnectException: Connection refused: getsockopt
	at org.apache.activemq.util.JMSExceptionSupport.create(JMSExceptionSupport.java:49)
	at org.apache.activemq.ActiveMQConnectionFactory.createActiveMQConnection(ActiveMQConnectionFactory.java:423)
	at org.apache.activemq.ActiveMQConnectionFactory.createActiveMQConnection(ActiveMQConnectionFactory.java:353)
	at org.apache.activemq.ActiveMQConnectionFactory.createConnection(ActiveMQConnectionFactory.java:245)
	at org.springframework.jms.connection.SingleConnectionFactory.doCreateConnection(SingleConnectionFactory.java:475)
	at org.springframework.jms.connection.SingleConnectionFactory.initConnection(SingleConnectionFactory.java:434)
	at org.springframework.jms.connection.SingleConnectionFactory.getConnection(SingleConnectionFactory.java:340)
	at org.springframework.jms.connection.SingleConnectionFactory.createConnection(SingleConnectionFactory.java:245)
	at org.springframework.jms.support.JmsAccessor.createConnection(JmsAccessor.java:211)
	at org.springframework.jms.listener.AbstractJmsListeningContainer.createSharedConnection(AbstractJmsListeningContainer.java:439)
	at org.springframework.jms.listener.AbstractJmsListeningContainer.refreshSharedConnection(AbstractJmsListeningContainer.java:421)
	at org.springframework.jms.listener.DefaultMessageListenerContainer.refreshConnectionUntilSuccessful(DefaultMessageListenerContainer.java:1140)
	at org.springframework.jms.listener.DefaultMessageListenerContainer.recoverAfterListenerSetupFailure(DefaultMessageListenerContainer.java:1114)
	at org.springframework.jms.listener.DefaultMessageListenerContainer$AsyncMessageListenerInvoker.run(DefaultMessageListenerContainer.java:1314)
	at java.base/java.lang.Thread.run(Thread.java:1447)
Caused by: java.net.ConnectException: Connection refused: getsockopt
	at java.base/sun.nio.ch.Net.pollConnect(Native Method)
	at java.base/sun.nio.ch.Net.pollConnectNow(Net.java:628)
	at java.base/sun.nio.ch.NioSocketImpl.timedFinishConnect(NioSocketImpl.java:533)
	at java.base/sun.nio.ch.NioSocketImpl.connect(NioSocketImpl.java:583)
	at java.base/java.net.SocksSocketImpl.connect(SocksSocketImpl.java:282)
	at java.base/java.net.Socket.connect(Socket.java:665)
	at org.apache.activemq.transport.tcp.TcpTransport.connect(TcpTransport.java:526)
	at org.apache.activemq.transport.tcp.TcpTransport.doStart(TcpTransport.java:489)
	at org.apache.activemq.util.ServiceSupport.start(ServiceSupport.java:55)
	at org.apache.activemq.transport.AbstractInactivityMonitor.start(AbstractInactivityMonitor.java:172)
	at org.apache.activemq.transport.InactivityMonitor.start(InactivityMonitor.java:52)
	at org.apache.activemq.transport.TransportFilter.start(TransportFilter.java:64)
	at org.apache.activemq.transport.WireFormatNegotiator.start(WireFormatNegotiator.java:72)
	at org.apache.activemq.transport.TransportFilter.start(TransportFilter.java:64)
	at org.apache.activemq.transport.TransportFilter.start(TransportFilter.java:64)
	at org.apache.activemq.ActiveMQConnectionFactory.createActiveMQConnection(ActiveMQConnectionFactory.java:403)
	... 13 common frames omitted
18:10:47.603 [] ERROR o.s.j.l.DefaultMessageListenerContainer - Could not refresh JMS Connection for destination 'ActiveMQ.DLQ' - retrying using FixedBackOff{interval=5000, currentAttempts=4, maxAttempts=unlimited}. Cause: Could not connect to broker URL: tcp://localhost:61616. Reason: java.net.ConnectException: Connection refused: getsockopt
jakarta.jms.JMSException: Could not connect to broker URL: tcp://localhost:61616. Reason: java.net.ConnectException: Connection refused: getsockopt
	at org.apache.activemq.util.JMSExceptionSupport.create(JMSExceptionSupport.java:49)
	at org.apache.activemq.ActiveMQConnectionFactory.createActiveMQConnection(ActiveMQConnectionFactory.java:423)
	at org.apache.activemq.ActiveMQConnectionFactory.createActiveMQConnection(ActiveMQConnectionFactory.java:353)
	at org.apache.activemq.ActiveMQConnectionFactory.createConnection(ActiveMQConnectionFactory.java:245)
	at org.springframework.jms.connection.SingleConnectionFactory.doCreateConnection(SingleConnectionFactory.java:475)
	at org.springframework.jms.connection.SingleConnectionFactory.initConnection(SingleConnectionFactory.java:434)
	at org.springframework.jms.connection.SingleConnectionFactory.getConnection(SingleConnectionFactory.java:340)
	at org.springframework.jms.connection.SingleConnectionFactory.createConnection(SingleConnectionFactory.java:245)
	at org.springframework.jms.support.JmsAccessor.createConnection(JmsAccessor.java:211)
	at org.springframework.jms.listener.AbstractJmsListeningContainer.createSharedConnection(AbstractJmsListeningContainer.java:439)
	at org.springframework.jms.listener.AbstractJmsListeningContainer.refreshSharedConnection(AbstractJmsListeningContainer.java:421)
	at org.springframework.jms.listener.DefaultMessageListenerContainer.refreshConnectionUntilSuccessful(DefaultMessageListenerContainer.java:1140)
	at org.springframework.jms.listener.DefaultMessageListenerContainer.recoverAfterListenerSetupFailure(DefaultMessageListenerContainer.java:1114)
	at org.springframework.jms.listener.DefaultMessageListenerContainer$AsyncMessageListenerInvoker.run(DefaultMessageListenerContainer.java:1314)
	at java.base/java.lang.Thread.run(Thread.java:1447)
Caused by: java.net.ConnectException: Connection refused: getsockopt
	at java.base/sun.nio.ch.Net.pollConnect(Native Method)
	at java.base/sun.nio.ch.Net.pollConnectNow(Net.java:628)
	at java.base/sun.nio.ch.NioSocketImpl.timedFinishConnect(NioSocketImpl.java:533)
	at java.base/sun.nio.ch.NioSocketImpl.connect(NioSocketImpl.java:583)
	at java.base/java.net.SocksSocketImpl.connect(SocksSocketImpl.java:282)
	at java.base/java.net.Socket.connect(Socket.java:665)
	at org.apache.activemq.transport.tcp.TcpTransport.connect(TcpTransport.java:526)
	at org.apache.activemq.transport.tcp.TcpTransport.doStart(TcpTransport.java:489)
	at org.apache.activemq.util.ServiceSupport.start(ServiceSupport.java:55)
	at org.apache.activemq.transport.AbstractInactivityMonitor.start(AbstractInactivityMonitor.java:172)
	at org.apache.activemq.transport.InactivityMonitor.start(InactivityMonitor.java:52)
	at org.apache.activemq.transport.TransportFilter.start(TransportFilter.java:64)
	at org.apache.activemq.transport.WireFormatNegotiator.start(WireFormatNegotiator.java:72)
	at org.apache.activemq.transport.TransportFilter.start(TransportFilter.java:64)
	at org.apache.activemq.transport.TransportFilter.start(TransportFilter.java:64)
	at org.apache.activemq.ActiveMQConnectionFactory.createActiveMQConnection(ActiveMQConnectionFactory.java:403)
	... 13 common frames omitted
18:10:52.579 [] ERROR o.s.j.l.DefaultMessageListenerContainer - Could not refresh JMS Connection for destination 'core.to.workload.queue' - retrying using FixedBackOff{interval=5000, currentAttempts=5, maxAttempts=unlimited}. Cause: Could not connect to broker URL: tcp://localhost:61616. Reason: java.net.ConnectException: Connection refused: getsockopt
jakarta.jms.JMSException: Could not connect to broker URL: tcp://localhost:61616. Reason: java.net.ConnectException: Connection refused: getsockopt
	at org.apache.activemq.util.JMSExceptionSupport.create(JMSExceptionSupport.java:49)
	at org.apache.activemq.ActiveMQConnectionFactory.createActiveMQConnection(ActiveMQConnectionFactory.java:423)
	at org.apache.activemq.ActiveMQConnectionFactory.createActiveMQConnection(ActiveMQConnectionFactory.java:353)
	at org.apache.activemq.ActiveMQConnectionFactory.createConnection(ActiveMQConnectionFactory.java:245)
	at org.springframework.jms.connection.SingleConnectionFactory.doCreateConnection(SingleConnectionFactory.java:475)
	at org.springframework.jms.connection.SingleConnectionFactory.initConnection(SingleConnectionFactory.java:434)
	at org.springframework.jms.connection.SingleConnectionFactory.getConnection(SingleConnectionFactory.java:340)
	at org.springframework.jms.connection.SingleConnectionFactory.createConnection(SingleConnectionFactory.java:245)
	at org.springframework.jms.support.JmsAccessor.createConnection(JmsAccessor.java:211)
	at org.springframework.jms.listener.AbstractJmsListeningContainer.createSharedConnection(AbstractJmsListeningContainer.java:439)
	at org.springframework.jms.listener.AbstractJmsListeningContainer.refreshSharedConnection(AbstractJmsListeningContainer.java:421)
	at org.springframework.jms.listener.DefaultMessageListenerContainer.refreshConnectionUntilSuccessful(DefaultMessageListenerContainer.java:1140)
	at org.springframework.jms.listener.DefaultMessageListenerContainer.recoverAfterListenerSetupFailure(DefaultMessageListenerContainer.java:1114)
	at org.springframework.jms.listener.DefaultMessageListenerContainer$AsyncMessageListenerInvoker.run(DefaultMessageListenerContainer.java:1314)
	at java.base/java.lang.Thread.run(Thread.java:1447)
Caused by: java.net.ConnectException: Connection refused: getsockopt
	at java.base/sun.nio.ch.Net.pollConnect(Native Method)
	at java.base/sun.nio.ch.Net.pollConnectNow(Net.java:628)
	at java.base/sun.nio.ch.NioSocketImpl.timedFinishConnect(NioSocketImpl.java:533)
	at java.base/sun.nio.ch.NioSocketImpl.connect(NioSocketImpl.java:583)
	at java.base/java.net.SocksSocketImpl.connect(SocksSocketImpl.java:282)
	at java.base/java.net.Socket.connect(Socket.java:665)
	at org.apache.activemq.transport.tcp.TcpTransport.connect(TcpTransport.java:526)
	at org.apache.activemq.transport.tcp.TcpTransport.doStart(TcpTransport.java:489)
	at org.apache.activemq.util.ServiceSupport.start(ServiceSupport.java:55)
	at org.apache.activemq.transport.AbstractInactivityMonitor.start(AbstractInactivityMonitor.java:172)
	at org.apache.activemq.transport.InactivityMonitor.start(InactivityMonitor.java:52)
	at org.apache.activemq.transport.TransportFilter.start(TransportFilter.java:64)
	at org.apache.activemq.transport.WireFormatNegotiator.start(WireFormatNegotiator.java:72)
	at org.apache.activemq.transport.TransportFilter.start(TransportFilter.java:64)
	at org.apache.activemq.transport.TransportFilter.start(TransportFilter.java:64)
	at org.apache.activemq.ActiveMQConnectionFactory.createActiveMQConnection(ActiveMQConnectionFactory.java:403)
	... 13 common frames omitted
18:10:52.606 [] ERROR o.s.j.l.DefaultMessageListenerContainer - Could not refresh JMS Connection for destination 'ActiveMQ.DLQ' - retrying using FixedBackOff{interval=5000, currentAttempts=5, maxAttempts=unlimited}. Cause: Could not connect to broker URL: tcp://localhost:61616. Reason: java.net.ConnectException: Connection refused: getsockopt
jakarta.jms.JMSException: Could not connect to broker URL: tcp://localhost:61616. Reason: java.net.ConnectException: Connection refused: getsockopt
	at org.apache.activemq.util.JMSExceptionSupport.create(JMSExceptionSupport.java:49)
	at org.apache.activemq.ActiveMQConnectionFactory.createActiveMQConnection(ActiveMQConnectionFactory.java:423)
	at org.apache.activemq.ActiveMQConnectionFactory.createActiveMQConnection(ActiveMQConnectionFactory.java:353)
	at org.apache.activemq.ActiveMQConnectionFactory.createConnection(ActiveMQConnectionFactory.java:245)
	at org.springframework.jms.connection.SingleConnectionFactory.doCreateConnection(SingleConnectionFactory.java:475)
	at org.springframework.jms.connection.SingleConnectionFactory.initConnection(SingleConnectionFactory.java:434)
	at org.springframework.jms.connection.SingleConnectionFactory.getConnection(SingleConnectionFactory.java:340)
	at org.springframework.jms.connection.SingleConnectionFactory.createConnection(SingleConnectionFactory.java:245)
	at org.springframework.jms.support.JmsAccessor.createConnection(JmsAccessor.java:211)
	at org.springframework.jms.listener.AbstractJmsListeningContainer.createSharedConnection(AbstractJmsListeningContainer.java:439)
	at org.springframework.jms.listener.AbstractJmsListeningContainer.refreshSharedConnection(AbstractJmsListeningContainer.java:421)
	at org.springframework.jms.listener.DefaultMessageListenerContainer.refreshConnectionUntilSuccessful(DefaultMessageListenerContainer.java:1140)
	at org.springframework.jms.listener.DefaultMessageListenerContainer.recoverAfterListenerSetupFailure(DefaultMessageListenerContainer.java:1114)
	at org.springframework.jms.listener.DefaultMessageListenerContainer$AsyncMessageListenerInvoker.run(DefaultMessageListenerContainer.java:1314)
	at java.base/java.lang.Thread.run(Thread.java:1447)
Caused by: java.net.ConnectException: Connection refused: getsockopt
	at java.base/sun.nio.ch.Net.pollConnect(Native Method)
	at java.base/sun.nio.ch.Net.pollConnectNow(Net.java:628)
	at java.base/sun.nio.ch.NioSocketImpl.timedFinishConnect(NioSocketImpl.java:533)
	at java.base/sun.nio.ch.NioSocketImpl.connect(NioSocketImpl.java:583)
	at java.base/java.net.SocksSocketImpl.connect(SocksSocketImpl.java:282)
	at java.base/java.net.Socket.connect(Socket.java:665)
	at org.apache.activemq.transport.tcp.TcpTransport.connect(TcpTransport.java:526)
	at org.apache.activemq.transport.tcp.TcpTransport.doStart(TcpTransport.java:489)
	at org.apache.activemq.util.ServiceSupport.start(ServiceSupport.java:55)
	at org.apache.activemq.transport.AbstractInactivityMonitor.start(AbstractInactivityMonitor.java:172)
	at org.apache.activemq.transport.InactivityMonitor.start(InactivityMonitor.java:52)
	at org.apache.activemq.transport.TransportFilter.start(TransportFilter.java:64)
	at org.apache.activemq.transport.WireFormatNegotiator.start(WireFormatNegotiator.java:72)
	at org.apache.activemq.transport.TransportFilter.start(TransportFilter.java:64)
	at org.apache.activemq.transport.TransportFilter.start(TransportFilter.java:64)
	at org.apache.activemq.ActiveMQConnectionFactory.createActiveMQConnection(ActiveMQConnectionFactory.java:403)
	... 13 common frames omitted
18:10:57.582 [] ERROR o.s.j.l.DefaultMessageListenerContainer - Could not refresh JMS Connection for destination 'core.to.workload.queue' - retrying using FixedBackOff{interval=5000, currentAttempts=6, maxAttempts=unlimited}. Cause: Could not connect to broker URL: tcp://localhost:61616. Reason: java.net.ConnectException: Connection refused: getsockopt
jakarta.jms.JMSException: Could not connect to broker URL: tcp://localhost:61616. Reason: java.net.ConnectException: Connection refused: getsockopt
	at org.apache.activemq.util.JMSExceptionSupport.create(JMSExceptionSupport.java:49)
	at org.apache.activemq.ActiveMQConnectionFactory.createActiveMQConnection(ActiveMQConnectionFactory.java:423)
	at org.apache.activemq.ActiveMQConnectionFactory.createActiveMQConnection(ActiveMQConnectionFactory.java:353)
	at org.apache.activemq.ActiveMQConnectionFactory.createConnection(ActiveMQConnectionFactory.java:245)
	at org.springframework.jms.connection.SingleConnectionFactory.doCreateConnection(SingleConnectionFactory.java:475)
	at org.springframework.jms.connection.SingleConnectionFactory.initConnection(SingleConnectionFactory.java:434)
	at org.springframework.jms.connection.SingleConnectionFactory.getConnection(SingleConnectionFactory.java:340)
	at org.springframework.jms.connection.SingleConnectionFactory.createConnection(SingleConnectionFactory.java:245)
	at org.springframework.jms.support.JmsAccessor.createConnection(JmsAccessor.java:211)
	at org.springframework.jms.listener.AbstractJmsListeningContainer.createSharedConnection(AbstractJmsListeningContainer.java:439)
	at org.springframework.jms.listener.AbstractJmsListeningContainer.refreshSharedConnection(AbstractJmsListeningContainer.java:421)
	at org.springframework.jms.listener.DefaultMessageListenerContainer.refreshConnectionUntilSuccessful(DefaultMessageListenerContainer.java:1140)
	at org.springframework.jms.listener.DefaultMessageListenerContainer.recoverAfterListenerSetupFailure(DefaultMessageListenerContainer.java:1114)
	at org.springframework.jms.listener.DefaultMessageListenerContainer$AsyncMessageListenerInvoker.run(DefaultMessageListenerContainer.java:1314)
	at java.base/java.lang.Thread.run(Thread.java:1447)
Caused by: java.net.ConnectException: Connection refused: getsockopt
	at java.base/sun.nio.ch.Net.pollConnect(Native Method)
	at java.base/sun.nio.ch.Net.pollConnectNow(Net.java:628)
	at java.base/sun.nio.ch.NioSocketImpl.timedFinishConnect(NioSocketImpl.java:533)
	at java.base/sun.nio.ch.NioSocketImpl.connect(NioSocketImpl.java:583)
	at java.base/java.net.SocksSocketImpl.connect(SocksSocketImpl.java:282)
	at java.base/java.net.Socket.connect(Socket.java:665)
	at org.apache.activemq.transport.tcp.TcpTransport.connect(TcpTransport.java:526)
	at org.apache.activemq.transport.tcp.TcpTransport.doStart(TcpTransport.java:489)
	at org.apache.activemq.util.ServiceSupport.start(ServiceSupport.java:55)
	at org.apache.activemq.transport.AbstractInactivityMonitor.start(AbstractInactivityMonitor.java:172)
	at org.apache.activemq.transport.InactivityMonitor.start(InactivityMonitor.java:52)
	at org.apache.activemq.transport.TransportFilter.start(TransportFilter.java:64)
	at org.apache.activemq.transport.WireFormatNegotiator.start(WireFormatNegotiator.java:72)
	at org.apache.activemq.transport.TransportFilter.start(TransportFilter.java:64)
	at org.apache.activemq.transport.TransportFilter.start(TransportFilter.java:64)
	at org.apache.activemq.ActiveMQConnectionFactory.createActiveMQConnection(ActiveMQConnectionFactory.java:403)
	... 13 common frames omitted
18:10:57.608 [] ERROR o.s.j.l.DefaultMessageListenerContainer - Could not refresh JMS Connection for destination 'ActiveMQ.DLQ' - retrying using FixedBackOff{interval=5000, currentAttempts=6, maxAttempts=unlimited}. Cause: Could not connect to broker URL: tcp://localhost:61616. Reason: java.net.ConnectException: Connection refused: getsockopt
jakarta.jms.JMSException: Could not connect to broker URL: tcp://localhost:61616. Reason: java.net.ConnectException: Connection refused: getsockopt
	at org.apache.activemq.util.JMSExceptionSupport.create(JMSExceptionSupport.java:49)
	at org.apache.activemq.ActiveMQConnectionFactory.createActiveMQConnection(ActiveMQConnectionFactory.java:423)
	at org.apache.activemq.ActiveMQConnectionFactory.createActiveMQConnection(ActiveMQConnectionFactory.java:353)
	at org.apache.activemq.ActiveMQConnectionFactory.createConnection(ActiveMQConnectionFactory.java:245)
	at org.springframework.jms.connection.SingleConnectionFactory.doCreateConnection(SingleConnectionFactory.java:475)
	at org.springframework.jms.connection.SingleConnectionFactory.initConnection(SingleConnectionFactory.java:434)
	at org.springframework.jms.connection.SingleConnectionFactory.getConnection(SingleConnectionFactory.java:340)
	at org.springframework.jms.connection.SingleConnectionFactory.createConnection(SingleConnectionFactory.java:245)
	at org.springframework.jms.support.JmsAccessor.createConnection(JmsAccessor.java:211)
	at org.springframework.jms.listener.AbstractJmsListeningContainer.createSharedConnection(AbstractJmsListeningContainer.java:439)
	at org.springframework.jms.listener.AbstractJmsListeningContainer.refreshSharedConnection(AbstractJmsListeningContainer.java:421)
	at org.springframework.jms.listener.DefaultMessageListenerContainer.refreshConnectionUntilSuccessful(DefaultMessageListenerContainer.java:1140)
	at org.springframework.jms.listener.DefaultMessageListenerContainer.recoverAfterListenerSetupFailure(DefaultMessageListenerContainer.java:1114)
	at org.springframework.jms.listener.DefaultMessageListenerContainer$AsyncMessageListenerInvoker.run(DefaultMessageListenerContainer.java:1314)
	at java.base/java.lang.Thread.run(Thread.java:1447)
Caused by: java.net.ConnectException: Connection refused: getsockopt
	at java.base/sun.nio.ch.Net.pollConnect(Native Method)
	at java.base/sun.nio.ch.Net.pollConnectNow(Net.java:628)
	at java.base/sun.nio.ch.NioSocketImpl.timedFinishConnect(NioSocketImpl.java:533)
	at java.base/sun.nio.ch.NioSocketImpl.connect(NioSocketImpl.java:583)
	at java.base/java.net.SocksSocketImpl.connect(SocksSocketImpl.java:282)
	at java.base/java.net.Socket.connect(Socket.java:665)
	at org.apache.activemq.transport.tcp.TcpTransport.connect(TcpTransport.java:526)
	at org.apache.activemq.transport.tcp.TcpTransport.doStart(TcpTransport.java:489)
	at org.apache.activemq.util.ServiceSupport.start(ServiceSupport.java:55)
	at org.apache.activemq.transport.AbstractInactivityMonitor.start(AbstractInactivityMonitor.java:172)
	at org.apache.activemq.transport.InactivityMonitor.start(InactivityMonitor.java:52)
	at org.apache.activemq.transport.TransportFilter.start(TransportFilter.java:64)
	at org.apache.activemq.transport.WireFormatNegotiator.start(WireFormatNegotiator.java:72)
	at org.apache.activemq.transport.TransportFilter.start(TransportFilter.java:64)
	at org.apache.activemq.transport.TransportFilter.start(TransportFilter.java:64)
	at org.apache.activemq.ActiveMQConnectionFactory.createActiveMQConnection(ActiveMQConnectionFactory.java:403)
	... 13 common frames omitted
18:11:02.584 [] ERROR o.s.j.l.DefaultMessageListenerContainer - Could not refresh JMS Connection for destination 'core.to.workload.queue' - retrying using FixedBackOff{interval=5000, currentAttempts=7, maxAttempts=unlimited}. Cause: Could not connect to broker URL: tcp://localhost:61616. Reason: java.net.ConnectException: Connection refused: getsockopt
jakarta.jms.JMSException: Could not connect to broker URL: tcp://localhost:61616. Reason: java.net.ConnectException: Connection refused: getsockopt
	at org.apache.activemq.util.JMSExceptionSupport.create(JMSExceptionSupport.java:49)
	at org.apache.activemq.ActiveMQConnectionFactory.createActiveMQConnection(ActiveMQConnectionFactory.java:423)
	at org.apache.activemq.ActiveMQConnectionFactory.createActiveMQConnection(ActiveMQConnectionFactory.java:353)
	at org.apache.activemq.ActiveMQConnectionFactory.createConnection(ActiveMQConnectionFactory.java:245)
	at org.springframework.jms.connection.SingleConnectionFactory.doCreateConnection(SingleConnectionFactory.java:475)
	at org.springframework.jms.connection.SingleConnectionFactory.initConnection(SingleConnectionFactory.java:434)
	at org.springframework.jms.connection.SingleConnectionFactory.getConnection(SingleConnectionFactory.java:340)
	at org.springframework.jms.connection.SingleConnectionFactory.createConnection(SingleConnectionFactory.java:245)
	at org.springframework.jms.support.JmsAccessor.createConnection(JmsAccessor.java:211)
	at org.springframework.jms.listener.AbstractJmsListeningContainer.createSharedConnection(AbstractJmsListeningContainer.java:439)
	at org.springframework.jms.listener.AbstractJmsListeningContainer.refreshSharedConnection(AbstractJmsListeningContainer.java:421)
	at org.springframework.jms.listener.DefaultMessageListenerContainer.refreshConnectionUntilSuccessful(DefaultMessageListenerContainer.java:1140)
	at org.springframework.jms.listener.DefaultMessageListenerContainer.recoverAfterListenerSetupFailure(DefaultMessageListenerContainer.java:1114)
	at org.springframework.jms.listener.DefaultMessageListenerContainer$AsyncMessageListenerInvoker.run(DefaultMessageListenerContainer.java:1314)
	at java.base/java.lang.Thread.run(Thread.java:1447)
Caused by: java.net.ConnectException: Connection refused: getsockopt
	at java.base/sun.nio.ch.Net.pollConnect(Native Method)
	at java.base/sun.nio.ch.Net.pollConnectNow(Net.java:628)
	at java.base/sun.nio.ch.NioSocketImpl.timedFinishConnect(NioSocketImpl.java:533)
	at java.base/sun.nio.ch.NioSocketImpl.connect(NioSocketImpl.java:583)
	at java.base/java.net.SocksSocketImpl.connect(SocksSocketImpl.java:282)
	at java.base/java.net.Socket.connect(Socket.java:665)
	at org.apache.activemq.transport.tcp.TcpTransport.connect(TcpTransport.java:526)
	at org.apache.activemq.transport.tcp.TcpTransport.doStart(TcpTransport.java:489)
	at org.apache.activemq.util.ServiceSupport.start(ServiceSupport.java:55)
	at org.apache.activemq.transport.AbstractInactivityMonitor.start(AbstractInactivityMonitor.java:172)
	at org.apache.activemq.transport.InactivityMonitor.start(InactivityMonitor.java:52)
	at org.apache.activemq.transport.TransportFilter.start(TransportFilter.java:64)
	at org.apache.activemq.transport.WireFormatNegotiator.start(WireFormatNegotiator.java:72)
	at org.apache.activemq.transport.TransportFilter.start(TransportFilter.java:64)
	at org.apache.activemq.transport.TransportFilter.start(TransportFilter.java:64)
	at org.apache.activemq.ActiveMQConnectionFactory.createActiveMQConnection(ActiveMQConnectionFactory.java:403)
	... 13 common frames omitted
18:11:02.611 [] ERROR o.s.j.l.DefaultMessageListenerContainer - Could not refresh JMS Connection for destination 'ActiveMQ.DLQ' - retrying using FixedBackOff{interval=5000, currentAttempts=7, maxAttempts=unlimited}. Cause: Could not connect to broker URL: tcp://localhost:61616. Reason: java.net.ConnectException: Connection refused: getsockopt
jakarta.jms.JMSException: Could not connect to broker URL: tcp://localhost:61616. Reason: java.net.ConnectException: Connection refused: getsockopt
	at org.apache.activemq.util.JMSExceptionSupport.create(JMSExceptionSupport.java:49)
	at org.apache.activemq.ActiveMQConnectionFactory.createActiveMQConnection(ActiveMQConnectionFactory.java:423)
	at org.apache.activemq.ActiveMQConnectionFactory.createActiveMQConnection(ActiveMQConnectionFactory.java:353)
	at org.apache.activemq.ActiveMQConnectionFactory.createConnection(ActiveMQConnectionFactory.java:245)
	at org.springframework.jms.connection.SingleConnectionFactory.doCreateConnection(SingleConnectionFactory.java:475)
	at org.springframework.jms.connection.SingleConnectionFactory.initConnection(SingleConnectionFactory.java:434)
	at org.springframework.jms.connection.SingleConnectionFactory.getConnection(SingleConnectionFactory.java:340)
	at org.springframework.jms.connection.SingleConnectionFactory.createConnection(SingleConnectionFactory.java:245)
	at org.springframework.jms.support.JmsAccessor.createConnection(JmsAccessor.java:211)
	at org.springframework.jms.listener.AbstractJmsListeningContainer.createSharedConnection(AbstractJmsListeningContainer.java:439)
	at org.springframework.jms.listener.AbstractJmsListeningContainer.refreshSharedConnection(AbstractJmsListeningContainer.java:421)
	at org.springframework.jms.listener.DefaultMessageListenerContainer.refreshConnectionUntilSuccessful(DefaultMessageListenerContainer.java:1140)
	at org.springframework.jms.listener.DefaultMessageListenerContainer.recoverAfterListenerSetupFailure(DefaultMessageListenerContainer.java:1114)
	at org.springframework.jms.listener.DefaultMessageListenerContainer$AsyncMessageListenerInvoker.run(DefaultMessageListenerContainer.java:1314)
	at java.base/java.lang.Thread.run(Thread.java:1447)
Caused by: java.net.ConnectException: Connection refused: getsockopt
	at java.base/sun.nio.ch.Net.pollConnect(Native Method)
	at java.base/sun.nio.ch.Net.pollConnectNow(Net.java:628)
	at java.base/sun.nio.ch.NioSocketImpl.timedFinishConnect(NioSocketImpl.java:533)
	at java.base/sun.nio.ch.NioSocketImpl.connect(NioSocketImpl.java:583)
	at java.base/java.net.SocksSocketImpl.connect(SocksSocketImpl.java:282)
	at java.base/java.net.Socket.connect(Socket.java:665)
	at org.apache.activemq.transport.tcp.TcpTransport.connect(TcpTransport.java:526)
	at org.apache.activemq.transport.tcp.TcpTransport.doStart(TcpTransport.java:489)
	at org.apache.activemq.util.ServiceSupport.start(ServiceSupport.java:55)
	at org.apache.activemq.transport.AbstractInactivityMonitor.start(AbstractInactivityMonitor.java:172)
	at org.apache.activemq.transport.InactivityMonitor.start(InactivityMonitor.java:52)
	at org.apache.activemq.transport.TransportFilter.start(TransportFilter.java:64)
	at org.apache.activemq.transport.WireFormatNegotiator.start(WireFormatNegotiator.java:72)
	at org.apache.activemq.transport.TransportFilter.start(TransportFilter.java:64)
	at org.apache.activemq.transport.TransportFilter.start(TransportFilter.java:64)
	at org.apache.activemq.ActiveMQConnectionFactory.createActiveMQConnection(ActiveMQConnectionFactory.java:403)
	... 13 common frames omitted
18:11:07.587 [] ERROR o.s.j.l.DefaultMessageListenerContainer - Could not refresh JMS Connection for destination 'core.to.workload.queue' - retrying using FixedBackOff{interval=5000, currentAttempts=8, maxAttempts=unlimited}. Cause: Could not connect to broker URL: tcp://localhost:61616. Reason: java.net.ConnectException: Connection refused: getsockopt
jakarta.jms.JMSException: Could not connect to broker URL: tcp://localhost:61616. Reason: java.net.ConnectException: Connection refused: getsockopt
	at org.apache.activemq.util.JMSExceptionSupport.create(JMSExceptionSupport.java:49)
	at org.apache.activemq.ActiveMQConnectionFactory.createActiveMQConnection(ActiveMQConnectionFactory.java:423)
	at org.apache.activemq.ActiveMQConnectionFactory.createActiveMQConnection(ActiveMQConnectionFactory.java:353)
	at org.apache.activemq.ActiveMQConnectionFactory.createConnection(ActiveMQConnectionFactory.java:245)
	at org.springframework.jms.connection.SingleConnectionFactory.doCreateConnection(SingleConnectionFactory.java:475)
	at org.springframework.jms.connection.SingleConnectionFactory.initConnection(SingleConnectionFactory.java:434)
	at org.springframework.jms.connection.SingleConnectionFactory.getConnection(SingleConnectionFactory.java:340)
	at org.springframework.jms.connection.SingleConnectionFactory.createConnection(SingleConnectionFactory.java:245)
	at org.springframework.jms.support.JmsAccessor.createConnection(JmsAccessor.java:211)
	at org.springframework.jms.listener.AbstractJmsListeningContainer.createSharedConnection(AbstractJmsListeningContainer.java:439)
	at org.springframework.jms.listener.AbstractJmsListeningContainer.refreshSharedConnection(AbstractJmsListeningContainer.java:421)
	at org.springframework.jms.listener.DefaultMessageListenerContainer.refreshConnectionUntilSuccessful(DefaultMessageListenerContainer.java:1140)
	at org.springframework.jms.listener.DefaultMessageListenerContainer.recoverAfterListenerSetupFailure(DefaultMessageListenerContainer.java:1114)
	at org.springframework.jms.listener.DefaultMessageListenerContainer$AsyncMessageListenerInvoker.run(DefaultMessageListenerContainer.java:1314)
	at java.base/java.lang.Thread.run(Thread.java:1447)
Caused by: java.net.ConnectException: Connection refused: getsockopt
	at java.base/sun.nio.ch.Net.pollConnect(Native Method)
	at java.base/sun.nio.ch.Net.pollConnectNow(Net.java:628)
	at java.base/sun.nio.ch.NioSocketImpl.timedFinishConnect(NioSocketImpl.java:533)
	at java.base/sun.nio.ch.NioSocketImpl.connect(NioSocketImpl.java:583)
	at java.base/java.net.SocksSocketImpl.connect(SocksSocketImpl.java:282)
	at java.base/java.net.Socket.connect(Socket.java:665)
	at org.apache.activemq.transport.tcp.TcpTransport.connect(TcpTransport.java:526)
	at org.apache.activemq.transport.tcp.TcpTransport.doStart(TcpTransport.java:489)
	at org.apache.activemq.util.ServiceSupport.start(ServiceSupport.java:55)
	at org.apache.activemq.transport.AbstractInactivityMonitor.start(AbstractInactivityMonitor.java:172)
	at org.apache.activemq.transport.InactivityMonitor.start(InactivityMonitor.java:52)
	at org.apache.activemq.transport.TransportFilter.start(TransportFilter.java:64)
	at org.apache.activemq.transport.WireFormatNegotiator.start(WireFormatNegotiator.java:72)
	at org.apache.activemq.transport.TransportFilter.start(TransportFilter.java:64)
	at org.apache.activemq.transport.TransportFilter.start(TransportFilter.java:64)
	at org.apache.activemq.ActiveMQConnectionFactory.createActiveMQConnection(ActiveMQConnectionFactory.java:403)
	... 13 common frames omitted
18:11:07.613 [] ERROR o.s.j.l.DefaultMessageListenerContainer - Could not refresh JMS Connection for destination 'ActiveMQ.DLQ' - retrying using FixedBackOff{interval=5000, currentAttempts=8, maxAttempts=unlimited}. Cause: Could not connect to broker URL: tcp://localhost:61616. Reason: java.net.ConnectException: Connection refused: getsockopt
jakarta.jms.JMSException: Could not connect to broker URL: tcp://localhost:61616. Reason: java.net.ConnectException: Connection refused: getsockopt
	at org.apache.activemq.util.JMSExceptionSupport.create(JMSExceptionSupport.java:49)
	at org.apache.activemq.ActiveMQConnectionFactory.createActiveMQConnection(ActiveMQConnectionFactory.java:423)
	at org.apache.activemq.ActiveMQConnectionFactory.createActiveMQConnection(ActiveMQConnectionFactory.java:353)
	at org.apache.activemq.ActiveMQConnectionFactory.createConnection(ActiveMQConnectionFactory.java:245)
	at org.springframework.jms.connection.SingleConnectionFactory.doCreateConnection(SingleConnectionFactory.java:475)
	at org.springframework.jms.connection.SingleConnectionFactory.initConnection(SingleConnectionFactory.java:434)
	at org.springframework.jms.connection.SingleConnectionFactory.getConnection(SingleConnectionFactory.java:340)
	at org.springframework.jms.connection.SingleConnectionFactory.createConnection(SingleConnectionFactory.java:245)
	at org.springframework.jms.support.JmsAccessor.createConnection(JmsAccessor.java:211)
	at org.springframework.jms.listener.AbstractJmsListeningContainer.createSharedConnection(AbstractJmsListeningContainer.java:439)
	at org.springframework.jms.listener.AbstractJmsListeningContainer.refreshSharedConnection(AbstractJmsListeningContainer.java:421)
	at org.springframework.jms.listener.DefaultMessageListenerContainer.refreshConnectionUntilSuccessful(DefaultMessageListenerContainer.java:1140)
	at org.springframework.jms.listener.DefaultMessageListenerContainer.recoverAfterListenerSetupFailure(DefaultMessageListenerContainer.java:1114)
	at org.springframework.jms.listener.DefaultMessageListenerContainer$AsyncMessageListenerInvoker.run(DefaultMessageListenerContainer.java:1314)
	at java.base/java.lang.Thread.run(Thread.java:1447)
Caused by: java.net.ConnectException: Connection refused: getsockopt
	at java.base/sun.nio.ch.Net.pollConnect(Native Method)
	at java.base/sun.nio.ch.Net.pollConnectNow(Net.java:628)
	at java.base/sun.nio.ch.NioSocketImpl.timedFinishConnect(NioSocketImpl.java:533)
	at java.base/sun.nio.ch.NioSocketImpl.connect(NioSocketImpl.java:583)
	at java.base/java.net.SocksSocketImpl.connect(SocksSocketImpl.java:282)
	at java.base/java.net.Socket.connect(Socket.java:665)
	at org.apache.activemq.transport.tcp.TcpTransport.connect(TcpTransport.java:526)
	at org.apache.activemq.transport.tcp.TcpTransport.doStart(TcpTransport.java:489)
	at org.apache.activemq.util.ServiceSupport.start(ServiceSupport.java:55)
	at org.apache.activemq.transport.AbstractInactivityMonitor.start(AbstractInactivityMonitor.java:172)
	at org.apache.activemq.transport.InactivityMonitor.start(InactivityMonitor.java:52)
	at org.apache.activemq.transport.TransportFilter.start(TransportFilter.java:64)
	at org.apache.activemq.transport.WireFormatNegotiator.start(WireFormatNegotiator.java:72)
	at org.apache.activemq.transport.TransportFilter.start(TransportFilter.java:64)
	at org.apache.activemq.transport.TransportFilter.start(TransportFilter.java:64)
	at org.apache.activemq.ActiveMQConnectionFactory.createActiveMQConnection(ActiveMQConnectionFactory.java:403)
	... 13 common frames omitted
18:11:12.599 [] ERROR o.s.j.l.DefaultMessageListenerContainer - Could not refresh JMS Connection for destination 'core.to.workload.queue' - retrying using FixedBackOff{interval=5000, currentAttempts=9, maxAttempts=unlimited}. Cause: Could not connect to broker URL: tcp://localhost:61616. Reason: java.net.ConnectException: Connection refused: getsockopt
jakarta.jms.JMSException: Could not connect to broker URL: tcp://localhost:61616. Reason: java.net.ConnectException: Connection refused: getsockopt
	at org.apache.activemq.util.JMSExceptionSupport.create(JMSExceptionSupport.java:49)
	at org.apache.activemq.ActiveMQConnectionFactory.createActiveMQConnection(ActiveMQConnectionFactory.java:423)
	at org.apache.activemq.ActiveMQConnectionFactory.createActiveMQConnection(ActiveMQConnectionFactory.java:353)
	at org.apache.activemq.ActiveMQConnectionFactory.createConnection(ActiveMQConnectionFactory.java:245)
	at org.springframework.jms.connection.SingleConnectionFactory.doCreateConnection(SingleConnectionFactory.java:475)
	at org.springframework.jms.connection.SingleConnectionFactory.initConnection(SingleConnectionFactory.java:434)
	at org.springframework.jms.connection.SingleConnectionFactory.getConnection(SingleConnectionFactory.java:340)
	at org.springframework.jms.connection.SingleConnectionFactory.createConnection(SingleConnectionFactory.java:245)
	at org.springframework.jms.support.JmsAccessor.createConnection(JmsAccessor.java:211)
	at org.springframework.jms.listener.AbstractJmsListeningContainer.createSharedConnection(AbstractJmsListeningContainer.java:439)
	at org.springframework.jms.listener.AbstractJmsListeningContainer.refreshSharedConnection(AbstractJmsListeningContainer.java:421)
	at org.springframework.jms.listener.DefaultMessageListenerContainer.refreshConnectionUntilSuccessful(DefaultMessageListenerContainer.java:1140)
	at org.springframework.jms.listener.DefaultMessageListenerContainer.recoverAfterListenerSetupFailure(DefaultMessageListenerContainer.java:1114)
	at org.springframework.jms.listener.DefaultMessageListenerContainer$AsyncMessageListenerInvoker.run(DefaultMessageListenerContainer.java:1314)
	at java.base/java.lang.Thread.run(Thread.java:1447)
Caused by: java.net.ConnectException: Connection refused: getsockopt
	at java.base/sun.nio.ch.Net.pollConnect(Native Method)
	at java.base/sun.nio.ch.Net.pollConnectNow(Net.java:628)
	at java.base/sun.nio.ch.NioSocketImpl.timedFinishConnect(NioSocketImpl.java:533)
	at java.base/sun.nio.ch.NioSocketImpl.connect(NioSocketImpl.java:583)
	at java.base/java.net.SocksSocketImpl.connect(SocksSocketImpl.java:282)
	at java.base/java.net.Socket.connect(Socket.java:665)
	at org.apache.activemq.transport.tcp.TcpTransport.connect(TcpTransport.java:526)
	at org.apache.activemq.transport.tcp.TcpTransport.doStart(TcpTransport.java:489)
	at org.apache.activemq.util.ServiceSupport.start(ServiceSupport.java:55)
	at org.apache.activemq.transport.AbstractInactivityMonitor.start(AbstractInactivityMonitor.java:172)
	at org.apache.activemq.transport.InactivityMonitor.start(InactivityMonitor.java:52)
	at org.apache.activemq.transport.TransportFilter.start(TransportFilter.java:64)
	at org.apache.activemq.transport.WireFormatNegotiator.start(WireFormatNegotiator.java:72)
	at org.apache.activemq.transport.TransportFilter.start(TransportFilter.java:64)
	at org.apache.activemq.transport.TransportFilter.start(TransportFilter.java:64)
	at org.apache.activemq.ActiveMQConnectionFactory.createActiveMQConnection(ActiveMQConnectionFactory.java:403)
	... 13 common frames omitted
18:11:12.626 [] ERROR o.s.j.l.DefaultMessageListenerContainer - Could not refresh JMS Connection for destination 'ActiveMQ.DLQ' - retrying using FixedBackOff{interval=5000, currentAttempts=9, maxAttempts=unlimited}. Cause: Could not connect to broker URL: tcp://localhost:61616. Reason: java.net.ConnectException: Connection refused: getsockopt
jakarta.jms.JMSException: Could not connect to broker URL: tcp://localhost:61616. Reason: java.net.ConnectException: Connection refused: getsockopt
	at org.apache.activemq.util.JMSExceptionSupport.create(JMSExceptionSupport.java:49)
	at org.apache.activemq.ActiveMQConnectionFactory.createActiveMQConnection(ActiveMQConnectionFactory.java:423)
	at org.apache.activemq.ActiveMQConnectionFactory.createActiveMQConnection(ActiveMQConnectionFactory.java:353)
	at org.apache.activemq.ActiveMQConnectionFactory.createConnection(ActiveMQConnectionFactory.java:245)
	at org.springframework.jms.connection.SingleConnectionFactory.doCreateConnection(SingleConnectionFactory.java:475)
	at org.springframework.jms.connection.SingleConnectionFactory.initConnection(SingleConnectionFactory.java:434)
	at org.springframework.jms.connection.SingleConnectionFactory.getConnection(SingleConnectionFactory.java:340)
	at org.springframework.jms.connection.SingleConnectionFactory.createConnection(SingleConnectionFactory.java:245)
	at org.springframework.jms.support.JmsAccessor.createConnection(JmsAccessor.java:211)
	at org.springframework.jms.listener.AbstractJmsListeningContainer.createSharedConnection(AbstractJmsListeningContainer.java:439)
	at org.springframework.jms.listener.AbstractJmsListeningContainer.refreshSharedConnection(AbstractJmsListeningContainer.java:421)
	at org.springframework.jms.listener.DefaultMessageListenerContainer.refreshConnectionUntilSuccessful(DefaultMessageListenerContainer.java:1140)
	at org.springframework.jms.listener.DefaultMessageListenerContainer.recoverAfterListenerSetupFailure(DefaultMessageListenerContainer.java:1114)
	at org.springframework.jms.listener.DefaultMessageListenerContainer$AsyncMessageListenerInvoker.run(DefaultMessageListenerContainer.java:1314)
	at java.base/java.lang.Thread.run(Thread.java:1447)
Caused by: java.net.ConnectException: Connection refused: getsockopt
	at java.base/sun.nio.ch.Net.pollConnect(Native Method)
	at java.base/sun.nio.ch.Net.pollConnectNow(Net.java:628)
	at java.base/sun.nio.ch.NioSocketImpl.timedFinishConnect(NioSocketImpl.java:533)
	at java.base/sun.nio.ch.NioSocketImpl.connect(NioSocketImpl.java:583)
	at java.base/java.net.SocksSocketImpl.connect(SocksSocketImpl.java:282)
	at java.base/java.net.Socket.connect(Socket.java:665)
	at org.apache.activemq.transport.tcp.TcpTransport.connect(TcpTransport.java:526)
	at org.apache.activemq.transport.tcp.TcpTransport.doStart(TcpTransport.java:489)
	at org.apache.activemq.util.ServiceSupport.start(ServiceSupport.java:55)
	at org.apache.activemq.transport.AbstractInactivityMonitor.start(AbstractInactivityMonitor.java:172)
	at org.apache.activemq.transport.InactivityMonitor.start(InactivityMonitor.java:52)
	at org.apache.activemq.transport.TransportFilter.start(TransportFilter.java:64)
	at org.apache.activemq.transport.WireFormatNegotiator.start(WireFormatNegotiator.java:72)
	at org.apache.activemq.transport.TransportFilter.start(TransportFilter.java:64)
	at org.apache.activemq.transport.TransportFilter.start(TransportFilter.java:64)
	at org.apache.activemq.ActiveMQConnectionFactory.createActiveMQConnection(ActiveMQConnectionFactory.java:403)
	... 13 common frames omitted
18:11:17.612 [] ERROR o.s.j.l.DefaultMessageListenerContainer - Could not refresh JMS Connection for destination 'core.to.workload.queue' - retrying using FixedBackOff{interval=5000, currentAttempts=10, maxAttempts=unlimited}. Cause: Could not connect to broker URL: tcp://localhost:61616. Reason: java.net.ConnectException: Connection refused: getsockopt
jakarta.jms.JMSException: Could not connect to broker URL: tcp://localhost:61616. Reason: java.net.ConnectException: Connection refused: getsockopt
	at org.apache.activemq.util.JMSExceptionSupport.create(JMSExceptionSupport.java:49)
	at org.apache.activemq.ActiveMQConnectionFactory.createActiveMQConnection(ActiveMQConnectionFactory.java:423)
	at org.apache.activemq.ActiveMQConnectionFactory.createActiveMQConnection(ActiveMQConnectionFactory.java:353)
	at org.apache.activemq.ActiveMQConnectionFactory.createConnection(ActiveMQConnectionFactory.java:245)
	at org.springframework.jms.connection.SingleConnectionFactory.doCreateConnection(SingleConnectionFactory.java:475)
	at org.springframework.jms.connection.SingleConnectionFactory.initConnection(SingleConnectionFactory.java:434)
	at org.springframework.jms.connection.SingleConnectionFactory.getConnection(SingleConnectionFactory.java:340)
	at org.springframework.jms.connection.SingleConnectionFactory.createConnection(SingleConnectionFactory.java:245)
	at org.springframework.jms.support.JmsAccessor.createConnection(JmsAccessor.java:211)
	at org.springframework.jms.listener.AbstractJmsListeningContainer.createSharedConnection(AbstractJmsListeningContainer.java:439)
	at org.springframework.jms.listener.AbstractJmsListeningContainer.refreshSharedConnection(AbstractJmsListeningContainer.java:421)
	at org.springframework.jms.listener.DefaultMessageListenerContainer.refreshConnectionUntilSuccessful(DefaultMessageListenerContainer.java:1140)
	at org.springframework.jms.listener.DefaultMessageListenerContainer.recoverAfterListenerSetupFailure(DefaultMessageListenerContainer.java:1114)
	at org.springframework.jms.listener.DefaultMessageListenerContainer$AsyncMessageListenerInvoker.run(DefaultMessageListenerContainer.java:1314)
	at java.base/java.lang.Thread.run(Thread.java:1447)
Caused by: java.net.ConnectException: Connection refused: getsockopt
	at java.base/sun.nio.ch.Net.pollConnect(Native Method)
	at java.base/sun.nio.ch.Net.pollConnectNow(Net.java:628)
	at java.base/sun.nio.ch.NioSocketImpl.timedFinishConnect(NioSocketImpl.java:533)
	at java.base/sun.nio.ch.NioSocketImpl.connect(NioSocketImpl.java:583)
	at java.base/java.net.SocksSocketImpl.connect(SocksSocketImpl.java:282)
	at java.base/java.net.Socket.connect(Socket.java:665)
	at org.apache.activemq.transport.tcp.TcpTransport.connect(TcpTransport.java:526)
	at org.apache.activemq.transport.tcp.TcpTransport.doStart(TcpTransport.java:489)
	at org.apache.activemq.util.ServiceSupport.start(ServiceSupport.java:55)
	at org.apache.activemq.transport.AbstractInactivityMonitor.start(AbstractInactivityMonitor.java:172)
	at org.apache.activemq.transport.InactivityMonitor.start(InactivityMonitor.java:52)
	at org.apache.activemq.transport.TransportFilter.start(TransportFilter.java:64)
	at org.apache.activemq.transport.WireFormatNegotiator.start(WireFormatNegotiator.java:72)
	at org.apache.activemq.transport.TransportFilter.start(TransportFilter.java:64)
	at org.apache.activemq.transport.TransportFilter.start(TransportFilter.java:64)
	at org.apache.activemq.ActiveMQConnectionFactory.createActiveMQConnection(ActiveMQConnectionFactory.java:403)
	... 13 common frames omitted
18:11:17.637 [] ERROR o.s.j.l.DefaultMessageListenerContainer - Could not refresh JMS Connection for destination 'ActiveMQ.DLQ' - retrying using FixedBackOff{interval=5000, currentAttempts=10, maxAttempts=unlimited}. Cause: Could not connect to broker URL: tcp://localhost:61616. Reason: java.net.ConnectException: Connection refused: getsockopt
jakarta.jms.JMSException: Could not connect to broker URL: tcp://localhost:61616. Reason: java.net.ConnectException: Connection refused: getsockopt
	at org.apache.activemq.util.JMSExceptionSupport.create(JMSExceptionSupport.java:49)
	at org.apache.activemq.ActiveMQConnectionFactory.createActiveMQConnection(ActiveMQConnectionFactory.java:423)
	at org.apache.activemq.ActiveMQConnectionFactory.createActiveMQConnection(ActiveMQConnectionFactory.java:353)
	at org.apache.activemq.ActiveMQConnectionFactory.createConnection(ActiveMQConnectionFactory.java:245)
	at org.springframework.jms.connection.SingleConnectionFactory.doCreateConnection(SingleConnectionFactory.java:475)
	at org.springframework.jms.connection.SingleConnectionFactory.initConnection(SingleConnectionFactory.java:434)
	at org.springframework.jms.connection.SingleConnectionFactory.getConnection(SingleConnectionFactory.java:340)
	at org.springframework.jms.connection.SingleConnectionFactory.createConnection(SingleConnectionFactory.java:245)
	at org.springframework.jms.support.JmsAccessor.createConnection(JmsAccessor.java:211)
	at org.springframework.jms.listener.AbstractJmsListeningContainer.createSharedConnection(AbstractJmsListeningContainer.java:439)
	at org.springframework.jms.listener.AbstractJmsListeningContainer.refreshSharedConnection(AbstractJmsListeningContainer.java:421)
	at org.springframework.jms.listener.DefaultMessageListenerContainer.refreshConnectionUntilSuccessful(DefaultMessageListenerContainer.java:1140)
	at org.springframework.jms.listener.DefaultMessageListenerContainer.recoverAfterListenerSetupFailure(DefaultMessageListenerContainer.java:1114)
	at org.springframework.jms.listener.DefaultMessageListenerContainer$AsyncMessageListenerInvoker.run(DefaultMessageListenerContainer.java:1314)
	at java.base/java.lang.Thread.run(Thread.java:1447)
Caused by: java.net.ConnectException: Connection refused: getsockopt
	at java.base/sun.nio.ch.Net.pollConnect(Native Method)
	at java.base/sun.nio.ch.Net.pollConnectNow(Net.java:628)
	at java.base/sun.nio.ch.NioSocketImpl.timedFinishConnect(NioSocketImpl.java:533)
	at java.base/sun.nio.ch.NioSocketImpl.connect(NioSocketImpl.java:583)
	at java.base/java.net.SocksSocketImpl.connect(SocksSocketImpl.java:282)
	at java.base/java.net.Socket.connect(Socket.java:665)
	at org.apache.activemq.transport.tcp.TcpTransport.connect(TcpTransport.java:526)
	at org.apache.activemq.transport.tcp.TcpTransport.doStart(TcpTransport.java:489)
	at org.apache.activemq.util.ServiceSupport.start(ServiceSupport.java:55)
	at org.apache.activemq.transport.AbstractInactivityMonitor.start(AbstractInactivityMonitor.java:172)
	at org.apache.activemq.transport.InactivityMonitor.start(InactivityMonitor.java:52)
	at org.apache.activemq.transport.TransportFilter.start(TransportFilter.java:64)
	at org.apache.activemq.transport.WireFormatNegotiator.start(WireFormatNegotiator.java:72)
	at org.apache.activemq.transport.TransportFilter.start(TransportFilter.java:64)
	at org.apache.activemq.transport.TransportFilter.start(TransportFilter.java:64)
	at org.apache.activemq.ActiveMQConnectionFactory.createActiveMQConnection(ActiveMQConnectionFactory.java:403)
	... 13 common frames omitted
18:11:22.625 [] ERROR o.s.j.l.DefaultMessageListenerContainer - Could not refresh JMS Connection for destination 'core.to.workload.queue' - retrying using FixedBackOff{interval=5000, currentAttempts=11, maxAttempts=unlimited}. Cause: Could not connect to broker URL: tcp://localhost:61616. Reason: java.net.ConnectException: Connection refused: getsockopt
jakarta.jms.JMSException: Could not connect to broker URL: tcp://localhost:61616. Reason: java.net.ConnectException: Connection refused: getsockopt
	at org.apache.activemq.util.JMSExceptionSupport.create(JMSExceptionSupport.java:49)
	at org.apache.activemq.ActiveMQConnectionFactory.createActiveMQConnection(ActiveMQConnectionFactory.java:423)
	at org.apache.activemq.ActiveMQConnectionFactory.createActiveMQConnection(ActiveMQConnectionFactory.java:353)
	at org.apache.activemq.ActiveMQConnectionFactory.createConnection(ActiveMQConnectionFactory.java:245)
	at org.springframework.jms.connection.SingleConnectionFactory.doCreateConnection(SingleConnectionFactory.java:475)
	at org.springframework.jms.connection.SingleConnectionFactory.initConnection(SingleConnectionFactory.java:434)
	at org.springframework.jms.connection.SingleConnectionFactory.getConnection(SingleConnectionFactory.java:340)
	at org.springframework.jms.connection.SingleConnectionFactory.createConnection(SingleConnectionFactory.java:245)
	at org.springframework.jms.support.JmsAccessor.createConnection(JmsAccessor.java:211)
	at org.springframework.jms.listener.AbstractJmsListeningContainer.createSharedConnection(AbstractJmsListeningContainer.java:439)
	at org.springframework.jms.listener.AbstractJmsListeningContainer.refreshSharedConnection(AbstractJmsListeningContainer.java:421)
	at org.springframework.jms.listener.DefaultMessageListenerContainer.refreshConnectionUntilSuccessful(DefaultMessageListenerContainer.java:1140)
	at org.springframework.jms.listener.DefaultMessageListenerContainer.recoverAfterListenerSetupFailure(DefaultMessageListenerContainer.java:1114)
	at org.springframework.jms.listener.DefaultMessageListenerContainer$AsyncMessageListenerInvoker.run(DefaultMessageListenerContainer.java:1314)
	at java.base/java.lang.Thread.run(Thread.java:1447)
Caused by: java.net.ConnectException: Connection refused: getsockopt
	at java.base/sun.nio.ch.Net.pollConnect(Native Method)
	at java.base/sun.nio.ch.Net.pollConnectNow(Net.java:628)
	at java.base/sun.nio.ch.NioSocketImpl.timedFinishConnect(NioSocketImpl.java:533)
	at java.base/sun.nio.ch.NioSocketImpl.connect(NioSocketImpl.java:583)
	at java.base/java.net.SocksSocketImpl.connect(SocksSocketImpl.java:282)
	at java.base/java.net.Socket.connect(Socket.java:665)
	at org.apache.activemq.transport.tcp.TcpTransport.connect(TcpTransport.java:526)
	at org.apache.activemq.transport.tcp.TcpTransport.doStart(TcpTransport.java:489)
	at org.apache.activemq.util.ServiceSupport.start(ServiceSupport.java:55)
	at org.apache.activemq.transport.AbstractInactivityMonitor.start(AbstractInactivityMonitor.java:172)
	at org.apache.activemq.transport.InactivityMonitor.start(InactivityMonitor.java:52)
	at org.apache.activemq.transport.TransportFilter.start(TransportFilter.java:64)
	at org.apache.activemq.transport.WireFormatNegotiator.start(WireFormatNegotiator.java:72)
	at org.apache.activemq.transport.TransportFilter.start(TransportFilter.java:64)
	at org.apache.activemq.transport.TransportFilter.start(TransportFilter.java:64)
	at org.apache.activemq.ActiveMQConnectionFactory.createActiveMQConnection(ActiveMQConnectionFactory.java:403)
	... 13 common frames omitted
18:11:22.648 [] ERROR o.s.j.l.DefaultMessageListenerContainer - Could not refresh JMS Connection for destination 'ActiveMQ.DLQ' - retrying using FixedBackOff{interval=5000, currentAttempts=11, maxAttempts=unlimited}. Cause: Could not connect to broker URL: tcp://localhost:61616. Reason: java.net.ConnectException: Connection refused: getsockopt
jakarta.jms.JMSException: Could not connect to broker URL: tcp://localhost:61616. Reason: java.net.ConnectException: Connection refused: getsockopt
	at org.apache.activemq.util.JMSExceptionSupport.create(JMSExceptionSupport.java:49)
	at org.apache.activemq.ActiveMQConnectionFactory.createActiveMQConnection(ActiveMQConnectionFactory.java:423)
	at org.apache.activemq.ActiveMQConnectionFactory.createActiveMQConnection(ActiveMQConnectionFactory.java:353)
	at org.apache.activemq.ActiveMQConnectionFactory.createConnection(ActiveMQConnectionFactory.java:245)
	at org.springframework.jms.connection.SingleConnectionFactory.doCreateConnection(SingleConnectionFactory.java:475)
	at org.springframework.jms.connection.SingleConnectionFactory.initConnection(SingleConnectionFactory.java:434)
	at org.springframework.jms.connection.SingleConnectionFactory.getConnection(SingleConnectionFactory.java:340)
	at org.springframework.jms.connection.SingleConnectionFactory.createConnection(SingleConnectionFactory.java:245)
	at org.springframework.jms.support.JmsAccessor.createConnection(JmsAccessor.java:211)
	at org.springframework.jms.listener.AbstractJmsListeningContainer.createSharedConnection(AbstractJmsListeningContainer.java:439)
	at org.springframework.jms.listener.AbstractJmsListeningContainer.refreshSharedConnection(AbstractJmsListeningContainer.java:421)
	at org.springframework.jms.listener.DefaultMessageListenerContainer.refreshConnectionUntilSuccessful(DefaultMessageListenerContainer.java:1140)
	at org.springframework.jms.listener.DefaultMessageListenerContainer.recoverAfterListenerSetupFailure(DefaultMessageListenerContainer.java:1114)
	at org.springframework.jms.listener.DefaultMessageListenerContainer$AsyncMessageListenerInvoker.run(DefaultMessageListenerContainer.java:1314)
	at java.base/java.lang.Thread.run(Thread.java:1447)
Caused by: java.net.ConnectException: Connection refused: getsockopt
	at java.base/sun.nio.ch.Net.pollConnect(Native Method)
	at java.base/sun.nio.ch.Net.pollConnectNow(Net.java:628)
	at java.base/sun.nio.ch.NioSocketImpl.timedFinishConnect(NioSocketImpl.java:533)
	at java.base/sun.nio.ch.NioSocketImpl.connect(NioSocketImpl.java:583)
	at java.base/java.net.SocksSocketImpl.connect(SocksSocketImpl.java:282)
	at java.base/java.net.Socket.connect(Socket.java:665)
	at org.apache.activemq.transport.tcp.TcpTransport.connect(TcpTransport.java:526)
	at org.apache.activemq.transport.tcp.TcpTransport.doStart(TcpTransport.java:489)
	at org.apache.activemq.util.ServiceSupport.start(ServiceSupport.java:55)
	at org.apache.activemq.transport.AbstractInactivityMonitor.start(AbstractInactivityMonitor.java:172)
	at org.apache.activemq.transport.InactivityMonitor.start(InactivityMonitor.java:52)
	at org.apache.activemq.transport.TransportFilter.start(TransportFilter.java:64)
	at org.apache.activemq.transport.WireFormatNegotiator.start(WireFormatNegotiator.java:72)
	at org.apache.activemq.transport.TransportFilter.start(TransportFilter.java:64)
	at org.apache.activemq.transport.TransportFilter.start(TransportFilter.java:64)
	at org.apache.activemq.ActiveMQConnectionFactory.createActiveMQConnection(ActiveMQConnectionFactory.java:403)
	... 13 common frames omitted
18:11:27.640 [] ERROR o.s.j.l.DefaultMessageListenerContainer - Could not refresh JMS Connection for destination 'core.to.workload.queue' - retrying using FixedBackOff{interval=5000, currentAttempts=12, maxAttempts=unlimited}. Cause: Could not connect to broker URL: tcp://localhost:61616. Reason: java.net.ConnectException: Connection refused: getsockopt
jakarta.jms.JMSException: Could not connect to broker URL: tcp://localhost:61616. Reason: java.net.ConnectException: Connection refused: getsockopt
	at org.apache.activemq.util.JMSExceptionSupport.create(JMSExceptionSupport.java:49)
	at org.apache.activemq.ActiveMQConnectionFactory.createActiveMQConnection(ActiveMQConnectionFactory.java:423)
	at org.apache.activemq.ActiveMQConnectionFactory.createActiveMQConnection(ActiveMQConnectionFactory.java:353)
	at org.apache.activemq.ActiveMQConnectionFactory.createConnection(ActiveMQConnectionFactory.java:245)
	at org.springframework.jms.connection.SingleConnectionFactory.doCreateConnection(SingleConnectionFactory.java:475)
	at org.springframework.jms.connection.SingleConnectionFactory.initConnection(SingleConnectionFactory.java:434)
	at org.springframework.jms.connection.SingleConnectionFactory.getConnection(SingleConnectionFactory.java:340)
	at org.springframework.jms.connection.SingleConnectionFactory.createConnection(SingleConnectionFactory.java:245)
	at org.springframework.jms.support.JmsAccessor.createConnection(JmsAccessor.java:211)
	at org.springframework.jms.listener.AbstractJmsListeningContainer.createSharedConnection(AbstractJmsListeningContainer.java:439)
	at org.springframework.jms.listener.AbstractJmsListeningContainer.refreshSharedConnection(AbstractJmsListeningContainer.java:421)
	at org.springframework.jms.listener.DefaultMessageListenerContainer.refreshConnectionUntilSuccessful(DefaultMessageListenerContainer.java:1140)
	at org.springframework.jms.listener.DefaultMessageListenerContainer.recoverAfterListenerSetupFailure(DefaultMessageListenerContainer.java:1114)
	at org.springframework.jms.listener.DefaultMessageListenerContainer$AsyncMessageListenerInvoker.run(DefaultMessageListenerContainer.java:1314)
	at java.base/java.lang.Thread.run(Thread.java:1447)
Caused by: java.net.ConnectException: Connection refused: getsockopt
	at java.base/sun.nio.ch.Net.pollConnect(Native Method)
	at java.base/sun.nio.ch.Net.pollConnectNow(Net.java:628)
	at java.base/sun.nio.ch.NioSocketImpl.timedFinishConnect(NioSocketImpl.java:533)
	at java.base/sun.nio.ch.NioSocketImpl.connect(NioSocketImpl.java:583)
	at java.base/java.net.SocksSocketImpl.connect(SocksSocketImpl.java:282)
	at java.base/java.net.Socket.connect(Socket.java:665)
	at org.apache.activemq.transport.tcp.TcpTransport.connect(TcpTransport.java:526)
	at org.apache.activemq.transport.tcp.TcpTransport.doStart(TcpTransport.java:489)
	at org.apache.activemq.util.ServiceSupport.start(ServiceSupport.java:55)
	at org.apache.activemq.transport.AbstractInactivityMonitor.start(AbstractInactivityMonitor.java:172)
	at org.apache.activemq.transport.InactivityMonitor.start(InactivityMonitor.java:52)
	at org.apache.activemq.transport.TransportFilter.start(TransportFilter.java:64)
	at org.apache.activemq.transport.WireFormatNegotiator.start(WireFormatNegotiator.java:72)
	at org.apache.activemq.transport.TransportFilter.start(TransportFilter.java:64)
	at org.apache.activemq.transport.TransportFilter.start(TransportFilter.java:64)
	at org.apache.activemq.ActiveMQConnectionFactory.createActiveMQConnection(ActiveMQConnectionFactory.java:403)
	... 13 common frames omitted
18:11:27.660 [] ERROR o.s.j.l.DefaultMessageListenerContainer - Could not refresh JMS Connection for destination 'ActiveMQ.DLQ' - retrying using FixedBackOff{interval=5000, currentAttempts=12, maxAttempts=unlimited}. Cause: Could not connect to broker URL: tcp://localhost:61616. Reason: java.net.ConnectException: Connection refused: getsockopt
jakarta.jms.JMSException: Could not connect to broker URL: tcp://localhost:61616. Reason: java.net.ConnectException: Connection refused: getsockopt
	at org.apache.activemq.util.JMSExceptionSupport.create(JMSExceptionSupport.java:49)
	at org.apache.activemq.ActiveMQConnectionFactory.createActiveMQConnection(ActiveMQConnectionFactory.java:423)
	at org.apache.activemq.ActiveMQConnectionFactory.createActiveMQConnection(ActiveMQConnectionFactory.java:353)
	at org.apache.activemq.ActiveMQConnectionFactory.createConnection(ActiveMQConnectionFactory.java:245)
	at org.springframework.jms.connection.SingleConnectionFactory.doCreateConnection(SingleConnectionFactory.java:475)
	at org.springframework.jms.connection.SingleConnectionFactory.initConnection(SingleConnectionFactory.java:434)
	at org.springframework.jms.connection.SingleConnectionFactory.getConnection(SingleConnectionFactory.java:340)
	at org.springframework.jms.connection.SingleConnectionFactory.createConnection(SingleConnectionFactory.java:245)
	at org.springframework.jms.support.JmsAccessor.createConnection(JmsAccessor.java:211)
	at org.springframework.jms.listener.AbstractJmsListeningContainer.createSharedConnection(AbstractJmsListeningContainer.java:439)
	at org.springframework.jms.listener.AbstractJmsListeningContainer.refreshSharedConnection(AbstractJmsListeningContainer.java:421)
	at org.springframework.jms.listener.DefaultMessageListenerContainer.refreshConnectionUntilSuccessful(DefaultMessageListenerContainer.java:1140)
	at org.springframework.jms.listener.DefaultMessageListenerContainer.recoverAfterListenerSetupFailure(DefaultMessageListenerContainer.java:1114)
	at org.springframework.jms.listener.DefaultMessageListenerContainer$AsyncMessageListenerInvoker.run(DefaultMessageListenerContainer.java:1314)
	at java.base/java.lang.Thread.run(Thread.java:1447)
Caused by: java.net.ConnectException: Connection refused: getsockopt
	at java.base/sun.nio.ch.Net.pollConnect(Native Method)
	at java.base/sun.nio.ch.Net.pollConnectNow(Net.java:628)
	at java.base/sun.nio.ch.NioSocketImpl.timedFinishConnect(NioSocketImpl.java:533)
	at java.base/sun.nio.ch.NioSocketImpl.connect(NioSocketImpl.java:583)
	at java.base/java.net.SocksSocketImpl.connect(SocksSocketImpl.java:282)
	at java.base/java.net.Socket.connect(Socket.java:665)
	at org.apache.activemq.transport.tcp.TcpTransport.connect(TcpTransport.java:526)
	at org.apache.activemq.transport.tcp.TcpTransport.doStart(TcpTransport.java:489)
	at org.apache.activemq.util.ServiceSupport.start(ServiceSupport.java:55)
	at org.apache.activemq.transport.AbstractInactivityMonitor.start(AbstractInactivityMonitor.java:172)
	at org.apache.activemq.transport.InactivityMonitor.start(InactivityMonitor.java:52)
	at org.apache.activemq.transport.TransportFilter.start(TransportFilter.java:64)
	at org.apache.activemq.transport.WireFormatNegotiator.start(WireFormatNegotiator.java:72)
	at org.apache.activemq.transport.TransportFilter.start(TransportFilter.java:64)
	at org.apache.activemq.transport.TransportFilter.start(TransportFilter.java:64)
	at org.apache.activemq.ActiveMQConnectionFactory.createActiveMQConnection(ActiveMQConnectionFactory.java:403)
	... 13 common frames omitted
18:11:32.652 [] ERROR o.s.j.l.DefaultMessageListenerContainer - Could not refresh JMS Connection for destination 'core.to.workload.queue' - retrying using FixedBackOff{interval=5000, currentAttempts=13, maxAttempts=unlimited}. Cause: Could not connect to broker URL: tcp://localhost:61616. Reason: java.net.ConnectException: Connection refused: getsockopt
jakarta.jms.JMSException: Could not connect to broker URL: tcp://localhost:61616. Reason: java.net.ConnectException: Connection refused: getsockopt
	at org.apache.activemq.util.JMSExceptionSupport.create(JMSExceptionSupport.java:49)
	at org.apache.activemq.ActiveMQConnectionFactory.createActiveMQConnection(ActiveMQConnectionFactory.java:423)
	at org.apache.activemq.ActiveMQConnectionFactory.createActiveMQConnection(ActiveMQConnectionFactory.java:353)
	at org.apache.activemq.ActiveMQConnectionFactory.createConnection(ActiveMQConnectionFactory.java:245)
	at org.springframework.jms.connection.SingleConnectionFactory.doCreateConnection(SingleConnectionFactory.java:475)
	at org.springframework.jms.connection.SingleConnectionFactory.initConnection(SingleConnectionFactory.java:434)
	at org.springframework.jms.connection.SingleConnectionFactory.getConnection(SingleConnectionFactory.java:340)
	at org.springframework.jms.connection.SingleConnectionFactory.createConnection(SingleConnectionFactory.java:245)
	at org.springframework.jms.support.JmsAccessor.createConnection(JmsAccessor.java:211)
	at org.springframework.jms.listener.AbstractJmsListeningContainer.createSharedConnection(AbstractJmsListeningContainer.java:439)
	at org.springframework.jms.listener.AbstractJmsListeningContainer.refreshSharedConnection(AbstractJmsListeningContainer.java:421)
	at org.springframework.jms.listener.DefaultMessageListenerContainer.refreshConnectionUntilSuccessful(DefaultMessageListenerContainer.java:1140)
	at org.springframework.jms.listener.DefaultMessageListenerContainer.recoverAfterListenerSetupFailure(DefaultMessageListenerContainer.java:1114)
	at org.springframework.jms.listener.DefaultMessageListenerContainer$AsyncMessageListenerInvoker.run(DefaultMessageListenerContainer.java:1314)
	at java.base/java.lang.Thread.run(Thread.java:1447)
Caused by: java.net.ConnectException: Connection refused: getsockopt
	at java.base/sun.nio.ch.Net.pollConnect(Native Method)
	at java.base/sun.nio.ch.Net.pollConnectNow(Net.java:628)
	at java.base/sun.nio.ch.NioSocketImpl.timedFinishConnect(NioSocketImpl.java:533)
	at java.base/sun.nio.ch.NioSocketImpl.connect(NioSocketImpl.java:583)
	at java.base/java.net.SocksSocketImpl.connect(SocksSocketImpl.java:282)
	at java.base/java.net.Socket.connect(Socket.java:665)
	at org.apache.activemq.transport.tcp.TcpTransport.connect(TcpTransport.java:526)
	at org.apache.activemq.transport.tcp.TcpTransport.doStart(TcpTransport.java:489)
	at org.apache.activemq.util.ServiceSupport.start(ServiceSupport.java:55)
	at org.apache.activemq.transport.AbstractInactivityMonitor.start(AbstractInactivityMonitor.java:172)
	at org.apache.activemq.transport.InactivityMonitor.start(InactivityMonitor.java:52)
	at org.apache.activemq.transport.TransportFilter.start(TransportFilter.java:64)
	at org.apache.activemq.transport.WireFormatNegotiator.start(WireFormatNegotiator.java:72)
	at org.apache.activemq.transport.TransportFilter.start(TransportFilter.java:64)
	at org.apache.activemq.transport.TransportFilter.start(TransportFilter.java:64)
	at org.apache.activemq.ActiveMQConnectionFactory.createActiveMQConnection(ActiveMQConnectionFactory.java:403)
	... 13 common frames omitted
18:11:32.672 [] ERROR o.s.j.l.DefaultMessageListenerContainer - Could not refresh JMS Connection for destination 'ActiveMQ.DLQ' - retrying using FixedBackOff{interval=5000, currentAttempts=13, maxAttempts=unlimited}. Cause: Could not connect to broker URL: tcp://localhost:61616. Reason: java.net.ConnectException: Connection refused: getsockopt
jakarta.jms.JMSException: Could not connect to broker URL: tcp://localhost:61616. Reason: java.net.ConnectException: Connection refused: getsockopt
	at org.apache.activemq.util.JMSExceptionSupport.create(JMSExceptionSupport.java:49)
	at org.apache.activemq.ActiveMQConnectionFactory.createActiveMQConnection(ActiveMQConnectionFactory.java:423)
	at org.apache.activemq.ActiveMQConnectionFactory.createActiveMQConnection(ActiveMQConnectionFactory.java:353)
	at org.apache.activemq.ActiveMQConnectionFactory.createConnection(ActiveMQConnectionFactory.java:245)
	at org.springframework.jms.connection.SingleConnectionFactory.doCreateConnection(SingleConnectionFactory.java:475)
	at org.springframework.jms.connection.SingleConnectionFactory.initConnection(SingleConnectionFactory.java:434)
	at org.springframework.jms.connection.SingleConnectionFactory.getConnection(SingleConnectionFactory.java:340)
	at org.springframework.jms.connection.SingleConnectionFactory.createConnection(SingleConnectionFactory.java:245)
	at org.springframework.jms.support.JmsAccessor.createConnection(JmsAccessor.java:211)
	at org.springframework.jms.listener.AbstractJmsListeningContainer.createSharedConnection(AbstractJmsListeningContainer.java:439)
	at org.springframework.jms.listener.AbstractJmsListeningContainer.refreshSharedConnection(AbstractJmsListeningContainer.java:421)
	at org.springframework.jms.listener.DefaultMessageListenerContainer.refreshConnectionUntilSuccessful(DefaultMessageListenerContainer.java:1140)
	at org.springframework.jms.listener.DefaultMessageListenerContainer.recoverAfterListenerSetupFailure(DefaultMessageListenerContainer.java:1114)
	at org.springframework.jms.listener.DefaultMessageListenerContainer$AsyncMessageListenerInvoker.run(DefaultMessageListenerContainer.java:1314)
	at java.base/java.lang.Thread.run(Thread.java:1447)
Caused by: java.net.ConnectException: Connection refused: getsockopt
	at java.base/sun.nio.ch.Net.pollConnect(Native Method)
	at java.base/sun.nio.ch.Net.pollConnectNow(Net.java:628)
	at java.base/sun.nio.ch.NioSocketImpl.timedFinishConnect(NioSocketImpl.java:533)
	at java.base/sun.nio.ch.NioSocketImpl.connect(NioSocketImpl.java:583)
	at java.base/java.net.SocksSocketImpl.connect(SocksSocketImpl.java:282)
	at java.base/java.net.Socket.connect(Socket.java:665)
	at org.apache.activemq.transport.tcp.TcpTransport.connect(TcpTransport.java:526)
	at org.apache.activemq.transport.tcp.TcpTransport.doStart(TcpTransport.java:489)
	at org.apache.activemq.util.ServiceSupport.start(ServiceSupport.java:55)
	at org.apache.activemq.transport.AbstractInactivityMonitor.start(AbstractInactivityMonitor.java:172)
	at org.apache.activemq.transport.InactivityMonitor.start(InactivityMonitor.java:52)
	at org.apache.activemq.transport.TransportFilter.start(TransportFilter.java:64)
	at org.apache.activemq.transport.WireFormatNegotiator.start(WireFormatNegotiator.java:72)
	at org.apache.activemq.transport.TransportFilter.start(TransportFilter.java:64)
	at org.apache.activemq.transport.TransportFilter.start(TransportFilter.java:64)
	at org.apache.activemq.ActiveMQConnectionFactory.createActiveMQConnection(ActiveMQConnectionFactory.java:403)
	... 13 common frames omitted
18:11:37.665 [] ERROR o.s.j.l.DefaultMessageListenerContainer - Could not refresh JMS Connection for destination 'core.to.workload.queue' - retrying using FixedBackOff{interval=5000, currentAttempts=14, maxAttempts=unlimited}. Cause: Could not connect to broker URL: tcp://localhost:61616. Reason: java.net.ConnectException: Connection refused: getsockopt
jakarta.jms.JMSException: Could not connect to broker URL: tcp://localhost:61616. Reason: java.net.ConnectException: Connection refused: getsockopt
	at org.apache.activemq.util.JMSExceptionSupport.create(JMSExceptionSupport.java:49)
	at org.apache.activemq.ActiveMQConnectionFactory.createActiveMQConnection(ActiveMQConnectionFactory.java:423)
	at org.apache.activemq.ActiveMQConnectionFactory.createActiveMQConnection(ActiveMQConnectionFactory.java:353)
	at org.apache.activemq.ActiveMQConnectionFactory.createConnection(ActiveMQConnectionFactory.java:245)
	at org.springframework.jms.connection.SingleConnectionFactory.doCreateConnection(SingleConnectionFactory.java:475)
	at org.springframework.jms.connection.SingleConnectionFactory.initConnection(SingleConnectionFactory.java:434)
	at org.springframework.jms.connection.SingleConnectionFactory.getConnection(SingleConnectionFactory.java:340)
	at org.springframework.jms.connection.SingleConnectionFactory.createConnection(SingleConnectionFactory.java:245)
	at org.springframework.jms.support.JmsAccessor.createConnection(JmsAccessor.java:211)
	at org.springframework.jms.listener.AbstractJmsListeningContainer.createSharedConnection(AbstractJmsListeningContainer.java:439)
	at org.springframework.jms.listener.AbstractJmsListeningContainer.refreshSharedConnection(AbstractJmsListeningContainer.java:421)
	at org.springframework.jms.listener.DefaultMessageListenerContainer.refreshConnectionUntilSuccessful(DefaultMessageListenerContainer.java:1140)
	at org.springframework.jms.listener.DefaultMessageListenerContainer.recoverAfterListenerSetupFailure(DefaultMessageListenerContainer.java:1114)
	at org.springframework.jms.listener.DefaultMessageListenerContainer$AsyncMessageListenerInvoker.run(DefaultMessageListenerContainer.java:1314)
	at java.base/java.lang.Thread.run(Thread.java:1447)
Caused by: java.net.ConnectException: Connection refused: getsockopt
	at java.base/sun.nio.ch.Net.pollConnect(Native Method)
	at java.base/sun.nio.ch.Net.pollConnectNow(Net.java:628)
	at java.base/sun.nio.ch.NioSocketImpl.timedFinishConnect(NioSocketImpl.java:533)
	at java.base/sun.nio.ch.NioSocketImpl.connect(NioSocketImpl.java:583)
	at java.base/java.net.SocksSocketImpl.connect(SocksSocketImpl.java:282)
	at java.base/java.net.Socket.connect(Socket.java:665)
	at org.apache.activemq.transport.tcp.TcpTransport.connect(TcpTransport.java:526)
	at org.apache.activemq.transport.tcp.TcpTransport.doStart(TcpTransport.java:489)
	at org.apache.activemq.util.ServiceSupport.start(ServiceSupport.java:55)
	at org.apache.activemq.transport.AbstractInactivityMonitor.start(AbstractInactivityMonitor.java:172)
	at org.apache.activemq.transport.InactivityMonitor.start(InactivityMonitor.java:52)
	at org.apache.activemq.transport.TransportFilter.start(TransportFilter.java:64)
	at org.apache.activemq.transport.WireFormatNegotiator.start(WireFormatNegotiator.java:72)
	at org.apache.activemq.transport.TransportFilter.start(TransportFilter.java:64)
	at org.apache.activemq.transport.TransportFilter.start(TransportFilter.java:64)
	at org.apache.activemq.ActiveMQConnectionFactory.createActiveMQConnection(ActiveMQConnectionFactory.java:403)
	... 13 common frames omitted
18:11:37.685 [] ERROR o.s.j.l.DefaultMessageListenerContainer - Could not refresh JMS Connection for destination 'ActiveMQ.DLQ' - retrying using FixedBackOff{interval=5000, currentAttempts=14, maxAttempts=unlimited}. Cause: Could not connect to broker URL: tcp://localhost:61616. Reason: java.net.ConnectException: Connection refused: getsockopt
jakarta.jms.JMSException: Could not connect to broker URL: tcp://localhost:61616. Reason: java.net.ConnectException: Connection refused: getsockopt
	at org.apache.activemq.util.JMSExceptionSupport.create(JMSExceptionSupport.java:49)
	at org.apache.activemq.ActiveMQConnectionFactory.createActiveMQConnection(ActiveMQConnectionFactory.java:423)
	at org.apache.activemq.ActiveMQConnectionFactory.createActiveMQConnection(ActiveMQConnectionFactory.java:353)
	at org.apache.activemq.ActiveMQConnectionFactory.createConnection(ActiveMQConnectionFactory.java:245)
	at org.springframework.jms.connection.SingleConnectionFactory.doCreateConnection(SingleConnectionFactory.java:475)
	at org.springframework.jms.connection.SingleConnectionFactory.initConnection(SingleConnectionFactory.java:434)
	at org.springframework.jms.connection.SingleConnectionFactory.getConnection(SingleConnectionFactory.java:340)
	at org.springframework.jms.connection.SingleConnectionFactory.createConnection(SingleConnectionFactory.java:245)
	at org.springframework.jms.support.JmsAccessor.createConnection(JmsAccessor.java:211)
	at org.springframework.jms.listener.AbstractJmsListeningContainer.createSharedConnection(AbstractJmsListeningContainer.java:439)
	at org.springframework.jms.listener.AbstractJmsListeningContainer.refreshSharedConnection(AbstractJmsListeningContainer.java:421)
	at org.springframework.jms.listener.DefaultMessageListenerContainer.refreshConnectionUntilSuccessful(DefaultMessageListenerContainer.java:1140)
	at org.springframework.jms.listener.DefaultMessageListenerContainer.recoverAfterListenerSetupFailure(DefaultMessageListenerContainer.java:1114)
	at org.springframework.jms.listener.DefaultMessageListenerContainer$AsyncMessageListenerInvoker.run(DefaultMessageListenerContainer.java:1314)
	at java.base/java.lang.Thread.run(Thread.java:1447)
Caused by: java.net.ConnectException: Connection refused: getsockopt
	at java.base/sun.nio.ch.Net.pollConnect(Native Method)
	at java.base/sun.nio.ch.Net.pollConnectNow(Net.java:628)
	at java.base/sun.nio.ch.NioSocketImpl.timedFinishConnect(NioSocketImpl.java:533)
	at java.base/sun.nio.ch.NioSocketImpl.connect(NioSocketImpl.java:583)
	at java.base/java.net.SocksSocketImpl.connect(SocksSocketImpl.java:282)
	at java.base/java.net.Socket.connect(Socket.java:665)
	at org.apache.activemq.transport.tcp.TcpTransport.connect(TcpTransport.java:526)
	at org.apache.activemq.transport.tcp.TcpTransport.doStart(TcpTransport.java:489)
	at org.apache.activemq.util.ServiceSupport.start(ServiceSupport.java:55)
	at org.apache.activemq.transport.AbstractInactivityMonitor.start(AbstractInactivityMonitor.java:172)
	at org.apache.activemq.transport.InactivityMonitor.start(InactivityMonitor.java:52)
	at org.apache.activemq.transport.TransportFilter.start(TransportFilter.java:64)
	at org.apache.activemq.transport.WireFormatNegotiator.start(WireFormatNegotiator.java:72)
	at org.apache.activemq.transport.TransportFilter.start(TransportFilter.java:64)
	at org.apache.activemq.transport.TransportFilter.start(TransportFilter.java:64)
	at org.apache.activemq.ActiveMQConnectionFactory.createActiveMQConnection(ActiveMQConnectionFactory.java:403)
	... 13 common frames omitted
18:11:42.678 [] ERROR o.s.j.l.DefaultMessageListenerContainer - Could not refresh JMS Connection for destination 'core.to.workload.queue' - retrying using FixedBackOff{interval=5000, currentAttempts=15, maxAttempts=unlimited}. Cause: Could not connect to broker URL: tcp://localhost:61616. Reason: java.net.ConnectException: Connection refused: getsockopt
jakarta.jms.JMSException: Could not connect to broker URL: tcp://localhost:61616. Reason: java.net.ConnectException: Connection refused: getsockopt
	at org.apache.activemq.util.JMSExceptionSupport.create(JMSExceptionSupport.java:49)
	at org.apache.activemq.ActiveMQConnectionFactory.createActiveMQConnection(ActiveMQConnectionFactory.java:423)
	at org.apache.activemq.ActiveMQConnectionFactory.createActiveMQConnection(ActiveMQConnectionFactory.java:353)
	at org.apache.activemq.ActiveMQConnectionFactory.createConnection(ActiveMQConnectionFactory.java:245)
	at org.springframework.jms.connection.SingleConnectionFactory.doCreateConnection(SingleConnectionFactory.java:475)
	at org.springframework.jms.connection.SingleConnectionFactory.initConnection(SingleConnectionFactory.java:434)
	at org.springframework.jms.connection.SingleConnectionFactory.getConnection(SingleConnectionFactory.java:340)
	at org.springframework.jms.connection.SingleConnectionFactory.createConnection(SingleConnectionFactory.java:245)
	at org.springframework.jms.support.JmsAccessor.createConnection(JmsAccessor.java:211)
	at org.springframework.jms.listener.AbstractJmsListeningContainer.createSharedConnection(AbstractJmsListeningContainer.java:439)
	at org.springframework.jms.listener.AbstractJmsListeningContainer.refreshSharedConnection(AbstractJmsListeningContainer.java:421)
	at org.springframework.jms.listener.DefaultMessageListenerContainer.refreshConnectionUntilSuccessful(DefaultMessageListenerContainer.java:1140)
	at org.springframework.jms.listener.DefaultMessageListenerContainer.recoverAfterListenerSetupFailure(DefaultMessageListenerContainer.java:1114)
	at org.springframework.jms.listener.DefaultMessageListenerContainer$AsyncMessageListenerInvoker.run(DefaultMessageListenerContainer.java:1314)
	at java.base/java.lang.Thread.run(Thread.java:1447)
Caused by: java.net.ConnectException: Connection refused: getsockopt
	at java.base/sun.nio.ch.Net.pollConnect(Native Method)
	at java.base/sun.nio.ch.Net.pollConnectNow(Net.java:628)
	at java.base/sun.nio.ch.NioSocketImpl.timedFinishConnect(NioSocketImpl.java:533)
	at java.base/sun.nio.ch.NioSocketImpl.connect(NioSocketImpl.java:583)
	at java.base/java.net.SocksSocketImpl.connect(SocksSocketImpl.java:282)
	at java.base/java.net.Socket.connect(Socket.java:665)
	at org.apache.activemq.transport.tcp.TcpTransport.connect(TcpTransport.java:526)
	at org.apache.activemq.transport.tcp.TcpTransport.doStart(TcpTransport.java:489)
	at org.apache.activemq.util.ServiceSupport.start(ServiceSupport.java:55)
	at org.apache.activemq.transport.AbstractInactivityMonitor.start(AbstractInactivityMonitor.java:172)
	at org.apache.activemq.transport.InactivityMonitor.start(InactivityMonitor.java:52)
	at org.apache.activemq.transport.TransportFilter.start(TransportFilter.java:64)
	at org.apache.activemq.transport.WireFormatNegotiator.start(WireFormatNegotiator.java:72)
	at org.apache.activemq.transport.TransportFilter.start(TransportFilter.java:64)
	at org.apache.activemq.transport.TransportFilter.start(TransportFilter.java:64)
	at org.apache.activemq.ActiveMQConnectionFactory.createActiveMQConnection(ActiveMQConnectionFactory.java:403)
	... 13 common frames omitted
18:11:42.697 [] ERROR o.s.j.l.DefaultMessageListenerContainer - Could not refresh JMS Connection for destination 'ActiveMQ.DLQ' - retrying using FixedBackOff{interval=5000, currentAttempts=15, maxAttempts=unlimited}. Cause: Could not connect to broker URL: tcp://localhost:61616. Reason: java.net.ConnectException: Connection refused: getsockopt
jakarta.jms.JMSException: Could not connect to broker URL: tcp://localhost:61616. Reason: java.net.ConnectException: Connection refused: getsockopt
	at org.apache.activemq.util.JMSExceptionSupport.create(JMSExceptionSupport.java:49)
	at org.apache.activemq.ActiveMQConnectionFactory.createActiveMQConnection(ActiveMQConnectionFactory.java:423)
	at org.apache.activemq.ActiveMQConnectionFactory.createActiveMQConnection(ActiveMQConnectionFactory.java:353)
	at org.apache.activemq.ActiveMQConnectionFactory.createConnection(ActiveMQConnectionFactory.java:245)
	at org.springframework.jms.connection.SingleConnectionFactory.doCreateConnection(SingleConnectionFactory.java:475)
	at org.springframework.jms.connection.SingleConnectionFactory.initConnection(SingleConnectionFactory.java:434)
	at org.springframework.jms.connection.SingleConnectionFactory.getConnection(SingleConnectionFactory.java:340)
	at org.springframework.jms.connection.SingleConnectionFactory.createConnection(SingleConnectionFactory.java:245)
	at org.springframework.jms.support.JmsAccessor.createConnection(JmsAccessor.java:211)
	at org.springframework.jms.listener.AbstractJmsListeningContainer.createSharedConnection(AbstractJmsListeningContainer.java:439)
	at org.springframework.jms.listener.AbstractJmsListeningContainer.refreshSharedConnection(AbstractJmsListeningContainer.java:421)
	at org.springframework.jms.listener.DefaultMessageListenerContainer.refreshConnectionUntilSuccessful(DefaultMessageListenerContainer.java:1140)
	at org.springframework.jms.listener.DefaultMessageListenerContainer.recoverAfterListenerSetupFailure(DefaultMessageListenerContainer.java:1114)
	at org.springframework.jms.listener.DefaultMessageListenerContainer$AsyncMessageListenerInvoker.run(DefaultMessageListenerContainer.java:1314)
	at java.base/java.lang.Thread.run(Thread.java:1447)
Caused by: java.net.ConnectException: Connection refused: getsockopt
	at java.base/sun.nio.ch.Net.pollConnect(Native Method)
	at java.base/sun.nio.ch.Net.pollConnectNow(Net.java:628)
	at java.base/sun.nio.ch.NioSocketImpl.timedFinishConnect(NioSocketImpl.java:533)
	at java.base/sun.nio.ch.NioSocketImpl.connect(NioSocketImpl.java:583)
	at java.base/java.net.SocksSocketImpl.connect(SocksSocketImpl.java:282)
	at java.base/java.net.Socket.connect(Socket.java:665)
	at org.apache.activemq.transport.tcp.TcpTransport.connect(TcpTransport.java:526)
	at org.apache.activemq.transport.tcp.TcpTransport.doStart(TcpTransport.java:489)
	at org.apache.activemq.util.ServiceSupport.start(ServiceSupport.java:55)
	at org.apache.activemq.transport.AbstractInactivityMonitor.start(AbstractInactivityMonitor.java:172)
	at org.apache.activemq.transport.InactivityMonitor.start(InactivityMonitor.java:52)
	at org.apache.activemq.transport.TransportFilter.start(TransportFilter.java:64)
	at org.apache.activemq.transport.WireFormatNegotiator.start(WireFormatNegotiator.java:72)
	at org.apache.activemq.transport.TransportFilter.start(TransportFilter.java:64)
	at org.apache.activemq.transport.TransportFilter.start(TransportFilter.java:64)
	at org.apache.activemq.ActiveMQConnectionFactory.createActiveMQConnection(ActiveMQConnectionFactory.java:403)
	... 13 common frames omitted
18:11:47.689 [] ERROR o.s.j.l.DefaultMessageListenerContainer - Could not refresh JMS Connection for destination 'core.to.workload.queue' - retrying using FixedBackOff{interval=5000, currentAttempts=16, maxAttempts=unlimited}. Cause: Could not connect to broker URL: tcp://localhost:61616. Reason: java.net.ConnectException: Connection refused: getsockopt
jakarta.jms.JMSException: Could not connect to broker URL: tcp://localhost:61616. Reason: java.net.ConnectException: Connection refused: getsockopt
	at org.apache.activemq.util.JMSExceptionSupport.create(JMSExceptionSupport.java:49)
	at org.apache.activemq.ActiveMQConnectionFactory.createActiveMQConnection(ActiveMQConnectionFactory.java:423)
	at org.apache.activemq.ActiveMQConnectionFactory.createActiveMQConnection(ActiveMQConnectionFactory.java:353)
	at org.apache.activemq.ActiveMQConnectionFactory.createConnection(ActiveMQConnectionFactory.java:245)
	at org.springframework.jms.connection.SingleConnectionFactory.doCreateConnection(SingleConnectionFactory.java:475)
	at org.springframework.jms.connection.SingleConnectionFactory.initConnection(SingleConnectionFactory.java:434)
	at org.springframework.jms.connection.SingleConnectionFactory.getConnection(SingleConnectionFactory.java:340)
	at org.springframework.jms.connection.SingleConnectionFactory.createConnection(SingleConnectionFactory.java:245)
	at org.springframework.jms.support.JmsAccessor.createConnection(JmsAccessor.java:211)
	at org.springframework.jms.listener.AbstractJmsListeningContainer.createSharedConnection(AbstractJmsListeningContainer.java:439)
	at org.springframework.jms.listener.AbstractJmsListeningContainer.refreshSharedConnection(AbstractJmsListeningContainer.java:421)
	at org.springframework.jms.listener.DefaultMessageListenerContainer.refreshConnectionUntilSuccessful(DefaultMessageListenerContainer.java:1140)
	at org.springframework.jms.listener.DefaultMessageListenerContainer.recoverAfterListenerSetupFailure(DefaultMessageListenerContainer.java:1114)
	at org.springframework.jms.listener.DefaultMessageListenerContainer$AsyncMessageListenerInvoker.run(DefaultMessageListenerContainer.java:1314)
	at java.base/java.lang.Thread.run(Thread.java:1447)
Caused by: java.net.ConnectException: Connection refused: getsockopt
	at java.base/sun.nio.ch.Net.pollConnect(Native Method)
	at java.base/sun.nio.ch.Net.pollConnectNow(Net.java:628)
	at java.base/sun.nio.ch.NioSocketImpl.timedFinishConnect(NioSocketImpl.java:533)
	at java.base/sun.nio.ch.NioSocketImpl.connect(NioSocketImpl.java:583)
	at java.base/java.net.SocksSocketImpl.connect(SocksSocketImpl.java:282)
	at java.base/java.net.Socket.connect(Socket.java:665)
	at org.apache.activemq.transport.tcp.TcpTransport.connect(TcpTransport.java:526)
	at org.apache.activemq.transport.tcp.TcpTransport.doStart(TcpTransport.java:489)
	at org.apache.activemq.util.ServiceSupport.start(ServiceSupport.java:55)
	at org.apache.activemq.transport.AbstractInactivityMonitor.start(AbstractInactivityMonitor.java:172)
	at org.apache.activemq.transport.InactivityMonitor.start(InactivityMonitor.java:52)
	at org.apache.activemq.transport.TransportFilter.start(TransportFilter.java:64)
	at org.apache.activemq.transport.WireFormatNegotiator.start(WireFormatNegotiator.java:72)
	at org.apache.activemq.transport.TransportFilter.start(TransportFilter.java:64)
	at org.apache.activemq.transport.TransportFilter.start(TransportFilter.java:64)
	at org.apache.activemq.ActiveMQConnectionFactory.createActiveMQConnection(ActiveMQConnectionFactory.java:403)
	... 13 common frames omitted
18:11:47.709 [] ERROR o.s.j.l.DefaultMessageListenerContainer - Could not refresh JMS Connection for destination 'ActiveMQ.DLQ' - retrying using FixedBackOff{interval=5000, currentAttempts=16, maxAttempts=unlimited}. Cause: Could not connect to broker URL: tcp://localhost:61616. Reason: java.net.ConnectException: Connection refused: getsockopt
jakarta.jms.JMSException: Could not connect to broker URL: tcp://localhost:61616. Reason: java.net.ConnectException: Connection refused: getsockopt
	at org.apache.activemq.util.JMSExceptionSupport.create(JMSExceptionSupport.java:49)
	at org.apache.activemq.ActiveMQConnectionFactory.createActiveMQConnection(ActiveMQConnectionFactory.java:423)
	at org.apache.activemq.ActiveMQConnectionFactory.createActiveMQConnection(ActiveMQConnectionFactory.java:353)
	at org.apache.activemq.ActiveMQConnectionFactory.createConnection(ActiveMQConnectionFactory.java:245)
	at org.springframework.jms.connection.SingleConnectionFactory.doCreateConnection(SingleConnectionFactory.java:475)
	at org.springframework.jms.connection.SingleConnectionFactory.initConnection(SingleConnectionFactory.java:434)
	at org.springframework.jms.connection.SingleConnectionFactory.getConnection(SingleConnectionFactory.java:340)
	at org.springframework.jms.connection.SingleConnectionFactory.createConnection(SingleConnectionFactory.java:245)
	at org.springframework.jms.support.JmsAccessor.createConnection(JmsAccessor.java:211)
	at org.springframework.jms.listener.AbstractJmsListeningContainer.createSharedConnection(AbstractJmsListeningContainer.java:439)
	at org.springframework.jms.listener.AbstractJmsListeningContainer.refreshSharedConnection(AbstractJmsListeningContainer.java:421)
	at org.springframework.jms.listener.DefaultMessageListenerContainer.refreshConnectionUntilSuccessful(DefaultMessageListenerContainer.java:1140)
	at org.springframework.jms.listener.DefaultMessageListenerContainer.recoverAfterListenerSetupFailure(DefaultMessageListenerContainer.java:1114)
	at org.springframework.jms.listener.DefaultMessageListenerContainer$AsyncMessageListenerInvoker.run(DefaultMessageListenerContainer.java:1314)
	at java.base/java.lang.Thread.run(Thread.java:1447)
Caused by: java.net.ConnectException: Connection refused: getsockopt
	at java.base/sun.nio.ch.Net.pollConnect(Native Method)
	at java.base/sun.nio.ch.Net.pollConnectNow(Net.java:628)
	at java.base/sun.nio.ch.NioSocketImpl.timedFinishConnect(NioSocketImpl.java:533)
	at java.base/sun.nio.ch.NioSocketImpl.connect(NioSocketImpl.java:583)
	at java.base/java.net.SocksSocketImpl.connect(SocksSocketImpl.java:282)
	at java.base/java.net.Socket.connect(Socket.java:665)
	at org.apache.activemq.transport.tcp.TcpTransport.connect(TcpTransport.java:526)
	at org.apache.activemq.transport.tcp.TcpTransport.doStart(TcpTransport.java:489)
	at org.apache.activemq.util.ServiceSupport.start(ServiceSupport.java:55)
	at org.apache.activemq.transport.AbstractInactivityMonitor.start(AbstractInactivityMonitor.java:172)
	at org.apache.activemq.transport.InactivityMonitor.start(InactivityMonitor.java:52)
	at org.apache.activemq.transport.TransportFilter.start(TransportFilter.java:64)
	at org.apache.activemq.transport.WireFormatNegotiator.start(WireFormatNegotiator.java:72)
	at org.apache.activemq.transport.TransportFilter.start(TransportFilter.java:64)
	at org.apache.activemq.transport.TransportFilter.start(TransportFilter.java:64)
	at org.apache.activemq.ActiveMQConnectionFactory.createActiveMQConnection(ActiveMQConnectionFactory.java:403)
	... 13 common frames omitted
18:11:52.700 [] ERROR o.s.j.l.DefaultMessageListenerContainer - Could not refresh JMS Connection for destination 'core.to.workload.queue' - retrying using FixedBackOff{interval=5000, currentAttempts=17, maxAttempts=unlimited}. Cause: Could not connect to broker URL: tcp://localhost:61616. Reason: java.net.ConnectException: Connection refused: getsockopt
jakarta.jms.JMSException: Could not connect to broker URL: tcp://localhost:61616. Reason: java.net.ConnectException: Connection refused: getsockopt
	at org.apache.activemq.util.JMSExceptionSupport.create(JMSExceptionSupport.java:49)
	at org.apache.activemq.ActiveMQConnectionFactory.createActiveMQConnection(ActiveMQConnectionFactory.java:423)
	at org.apache.activemq.ActiveMQConnectionFactory.createActiveMQConnection(ActiveMQConnectionFactory.java:353)
	at org.apache.activemq.ActiveMQConnectionFactory.createConnection(ActiveMQConnectionFactory.java:245)
	at org.springframework.jms.connection.SingleConnectionFactory.doCreateConnection(SingleConnectionFactory.java:475)
	at org.springframework.jms.connection.SingleConnectionFactory.initConnection(SingleConnectionFactory.java:434)
	at org.springframework.jms.connection.SingleConnectionFactory.getConnection(SingleConnectionFactory.java:340)
	at org.springframework.jms.connection.SingleConnectionFactory.createConnection(SingleConnectionFactory.java:245)
	at org.springframework.jms.support.JmsAccessor.createConnection(JmsAccessor.java:211)
	at org.springframework.jms.listener.AbstractJmsListeningContainer.createSharedConnection(AbstractJmsListeningContainer.java:439)
	at org.springframework.jms.listener.AbstractJmsListeningContainer.refreshSharedConnection(AbstractJmsListeningContainer.java:421)
	at org.springframework.jms.listener.DefaultMessageListenerContainer.refreshConnectionUntilSuccessful(DefaultMessageListenerContainer.java:1140)
	at org.springframework.jms.listener.DefaultMessageListenerContainer.recoverAfterListenerSetupFailure(DefaultMessageListenerContainer.java:1114)
	at org.springframework.jms.listener.DefaultMessageListenerContainer$AsyncMessageListenerInvoker.run(DefaultMessageListenerContainer.java:1314)
	at java.base/java.lang.Thread.run(Thread.java:1447)
Caused by: java.net.ConnectException: Connection refused: getsockopt
	at java.base/sun.nio.ch.Net.pollConnect(Native Method)
	at java.base/sun.nio.ch.Net.pollConnectNow(Net.java:628)
	at java.base/sun.nio.ch.NioSocketImpl.timedFinishConnect(NioSocketImpl.java:533)
	at java.base/sun.nio.ch.NioSocketImpl.connect(NioSocketImpl.java:583)
	at java.base/java.net.SocksSocketImpl.connect(SocksSocketImpl.java:282)
	at java.base/java.net.Socket.connect(Socket.java:665)
	at org.apache.activemq.transport.tcp.TcpTransport.connect(TcpTransport.java:526)
	at org.apache.activemq.transport.tcp.TcpTransport.doStart(TcpTransport.java:489)
	at org.apache.activemq.util.ServiceSupport.start(ServiceSupport.java:55)
	at org.apache.activemq.transport.AbstractInactivityMonitor.start(AbstractInactivityMonitor.java:172)
	at org.apache.activemq.transport.InactivityMonitor.start(InactivityMonitor.java:52)
	at org.apache.activemq.transport.TransportFilter.start(TransportFilter.java:64)
	at org.apache.activemq.transport.WireFormatNegotiator.start(WireFormatNegotiator.java:72)
	at org.apache.activemq.transport.TransportFilter.start(TransportFilter.java:64)
	at org.apache.activemq.transport.TransportFilter.start(TransportFilter.java:64)
	at org.apache.activemq.ActiveMQConnectionFactory.createActiveMQConnection(ActiveMQConnectionFactory.java:403)
	... 13 common frames omitted
18:11:52.721 [] ERROR o.s.j.l.DefaultMessageListenerContainer - Could not refresh JMS Connection for destination 'ActiveMQ.DLQ' - retrying using FixedBackOff{interval=5000, currentAttempts=17, maxAttempts=unlimited}. Cause: Could not connect to broker URL: tcp://localhost:61616. Reason: java.net.ConnectException: Connection refused: getsockopt
jakarta.jms.JMSException: Could not connect to broker URL: tcp://localhost:61616. Reason: java.net.ConnectException: Connection refused: getsockopt
	at org.apache.activemq.util.JMSExceptionSupport.create(JMSExceptionSupport.java:49)
	at org.apache.activemq.ActiveMQConnectionFactory.createActiveMQConnection(ActiveMQConnectionFactory.java:423)
	at org.apache.activemq.ActiveMQConnectionFactory.createActiveMQConnection(ActiveMQConnectionFactory.java:353)
	at org.apache.activemq.ActiveMQConnectionFactory.createConnection(ActiveMQConnectionFactory.java:245)
	at org.springframework.jms.connection.SingleConnectionFactory.doCreateConnection(SingleConnectionFactory.java:475)
	at org.springframework.jms.connection.SingleConnectionFactory.initConnection(SingleConnectionFactory.java:434)
	at org.springframework.jms.connection.SingleConnectionFactory.getConnection(SingleConnectionFactory.java:340)
	at org.springframework.jms.connection.SingleConnectionFactory.createConnection(SingleConnectionFactory.java:245)
	at org.springframework.jms.support.JmsAccessor.createConnection(JmsAccessor.java:211)
	at org.springframework.jms.listener.AbstractJmsListeningContainer.createSharedConnection(AbstractJmsListeningContainer.java:439)
	at org.springframework.jms.listener.AbstractJmsListeningContainer.refreshSharedConnection(AbstractJmsListeningContainer.java:421)
	at org.springframework.jms.listener.DefaultMessageListenerContainer.refreshConnectionUntilSuccessful(DefaultMessageListenerContainer.java:1140)
	at org.springframework.jms.listener.DefaultMessageListenerContainer.recoverAfterListenerSetupFailure(DefaultMessageListenerContainer.java:1114)
	at org.springframework.jms.listener.DefaultMessageListenerContainer$AsyncMessageListenerInvoker.run(DefaultMessageListenerContainer.java:1314)
	at java.base/java.lang.Thread.run(Thread.java:1447)
Caused by: java.net.ConnectException: Connection refused: getsockopt
	at java.base/sun.nio.ch.Net.pollConnect(Native Method)
	at java.base/sun.nio.ch.Net.pollConnectNow(Net.java:628)
	at java.base/sun.nio.ch.NioSocketImpl.timedFinishConnect(NioSocketImpl.java:533)
	at java.base/sun.nio.ch.NioSocketImpl.connect(NioSocketImpl.java:583)
	at java.base/java.net.SocksSocketImpl.connect(SocksSocketImpl.java:282)
	at java.base/java.net.Socket.connect(Socket.java:665)
	at org.apache.activemq.transport.tcp.TcpTransport.connect(TcpTransport.java:526)
	at org.apache.activemq.transport.tcp.TcpTransport.doStart(TcpTransport.java:489)
	at org.apache.activemq.util.ServiceSupport.start(ServiceSupport.java:55)
	at org.apache.activemq.transport.AbstractInactivityMonitor.start(AbstractInactivityMonitor.java:172)
	at org.apache.activemq.transport.InactivityMonitor.start(InactivityMonitor.java:52)
	at org.apache.activemq.transport.TransportFilter.start(TransportFilter.java:64)
	at org.apache.activemq.transport.WireFormatNegotiator.start(WireFormatNegotiator.java:72)
	at org.apache.activemq.transport.TransportFilter.start(TransportFilter.java:64)
	at org.apache.activemq.transport.TransportFilter.start(TransportFilter.java:64)
	at org.apache.activemq.ActiveMQConnectionFactory.createActiveMQConnection(ActiveMQConnectionFactory.java:403)
	... 13 common frames omitted
18:11:57.712 [] ERROR o.s.j.l.DefaultMessageListenerContainer - Could not refresh JMS Connection for destination 'core.to.workload.queue' - retrying using FixedBackOff{interval=5000, currentAttempts=18, maxAttempts=unlimited}. Cause: Could not connect to broker URL: tcp://localhost:61616. Reason: java.net.ConnectException: Connection refused: getsockopt
jakarta.jms.JMSException: Could not connect to broker URL: tcp://localhost:61616. Reason: java.net.ConnectException: Connection refused: getsockopt
	at org.apache.activemq.util.JMSExceptionSupport.create(JMSExceptionSupport.java:49)
	at org.apache.activemq.ActiveMQConnectionFactory.createActiveMQConnection(ActiveMQConnectionFactory.java:423)
	at org.apache.activemq.ActiveMQConnectionFactory.createActiveMQConnection(ActiveMQConnectionFactory.java:353)
	at org.apache.activemq.ActiveMQConnectionFactory.createConnection(ActiveMQConnectionFactory.java:245)
	at org.springframework.jms.connection.SingleConnectionFactory.doCreateConnection(SingleConnectionFactory.java:475)
	at org.springframework.jms.connection.SingleConnectionFactory.initConnection(SingleConnectionFactory.java:434)
	at org.springframework.jms.connection.SingleConnectionFactory.getConnection(SingleConnectionFactory.java:340)
	at org.springframework.jms.connection.SingleConnectionFactory.createConnection(SingleConnectionFactory.java:245)
	at org.springframework.jms.support.JmsAccessor.createConnection(JmsAccessor.java:211)
	at org.springframework.jms.listener.AbstractJmsListeningContainer.createSharedConnection(AbstractJmsListeningContainer.java:439)
	at org.springframework.jms.listener.AbstractJmsListeningContainer.refreshSharedConnection(AbstractJmsListeningContainer.java:421)
	at org.springframework.jms.listener.DefaultMessageListenerContainer.refreshConnectionUntilSuccessful(DefaultMessageListenerContainer.java:1140)
	at org.springframework.jms.listener.DefaultMessageListenerContainer.recoverAfterListenerSetupFailure(DefaultMessageListenerContainer.java:1114)
	at org.springframework.jms.listener.DefaultMessageListenerContainer$AsyncMessageListenerInvoker.run(DefaultMessageListenerContainer.java:1314)
	at java.base/java.lang.Thread.run(Thread.java:1447)
Caused by: java.net.ConnectException: Connection refused: getsockopt
	at java.base/sun.nio.ch.Net.pollConnect(Native Method)
	at java.base/sun.nio.ch.Net.pollConnectNow(Net.java:628)
	at java.base/sun.nio.ch.NioSocketImpl.timedFinishConnect(NioSocketImpl.java:533)
	at java.base/sun.nio.ch.NioSocketImpl.connect(NioSocketImpl.java:583)
	at java.base/java.net.SocksSocketImpl.connect(SocksSocketImpl.java:282)
	at java.base/java.net.Socket.connect(Socket.java:665)
	at org.apache.activemq.transport.tcp.TcpTransport.connect(TcpTransport.java:526)
	at org.apache.activemq.transport.tcp.TcpTransport.doStart(TcpTransport.java:489)
	at org.apache.activemq.util.ServiceSupport.start(ServiceSupport.java:55)
	at org.apache.activemq.transport.AbstractInactivityMonitor.start(AbstractInactivityMonitor.java:172)
	at org.apache.activemq.transport.InactivityMonitor.start(InactivityMonitor.java:52)
	at org.apache.activemq.transport.TransportFilter.start(TransportFilter.java:64)
	at org.apache.activemq.transport.WireFormatNegotiator.start(WireFormatNegotiator.java:72)
	at org.apache.activemq.transport.TransportFilter.start(TransportFilter.java:64)
	at org.apache.activemq.transport.TransportFilter.start(TransportFilter.java:64)
	at org.apache.activemq.ActiveMQConnectionFactory.createActiveMQConnection(ActiveMQConnectionFactory.java:403)
	... 13 common frames omitted
18:11:57.733 [] ERROR o.s.j.l.DefaultMessageListenerContainer - Could not refresh JMS Connection for destination 'ActiveMQ.DLQ' - retrying using FixedBackOff{interval=5000, currentAttempts=18, maxAttempts=unlimited}. Cause: Could not connect to broker URL: tcp://localhost:61616. Reason: java.net.ConnectException: Connection refused: getsockopt
jakarta.jms.JMSException: Could not connect to broker URL: tcp://localhost:61616. Reason: java.net.ConnectException: Connection refused: getsockopt
	at org.apache.activemq.util.JMSExceptionSupport.create(JMSExceptionSupport.java:49)
	at org.apache.activemq.ActiveMQConnectionFactory.createActiveMQConnection(ActiveMQConnectionFactory.java:423)
	at org.apache.activemq.ActiveMQConnectionFactory.createActiveMQConnection(ActiveMQConnectionFactory.java:353)
	at org.apache.activemq.ActiveMQConnectionFactory.createConnection(ActiveMQConnectionFactory.java:245)
	at org.springframework.jms.connection.SingleConnectionFactory.doCreateConnection(SingleConnectionFactory.java:475)
	at org.springframework.jms.connection.SingleConnectionFactory.initConnection(SingleConnectionFactory.java:434)
	at org.springframework.jms.connection.SingleConnectionFactory.getConnection(SingleConnectionFactory.java:340)
	at org.springframework.jms.connection.SingleConnectionFactory.createConnection(SingleConnectionFactory.java:245)
	at org.springframework.jms.support.JmsAccessor.createConnection(JmsAccessor.java:211)
	at org.springframework.jms.listener.AbstractJmsListeningContainer.createSharedConnection(AbstractJmsListeningContainer.java:439)
	at org.springframework.jms.listener.AbstractJmsListeningContainer.refreshSharedConnection(AbstractJmsListeningContainer.java:421)
	at org.springframework.jms.listener.DefaultMessageListenerContainer.refreshConnectionUntilSuccessful(DefaultMessageListenerContainer.java:1140)
	at org.springframework.jms.listener.DefaultMessageListenerContainer.recoverAfterListenerSetupFailure(DefaultMessageListenerContainer.java:1114)
	at org.springframework.jms.listener.DefaultMessageListenerContainer$AsyncMessageListenerInvoker.run(DefaultMessageListenerContainer.java:1314)
	at java.base/java.lang.Thread.run(Thread.java:1447)
Caused by: java.net.ConnectException: Connection refused: getsockopt
	at java.base/sun.nio.ch.Net.pollConnect(Native Method)
	at java.base/sun.nio.ch.Net.pollConnectNow(Net.java:628)
	at java.base/sun.nio.ch.NioSocketImpl.timedFinishConnect(NioSocketImpl.java:533)
	at java.base/sun.nio.ch.NioSocketImpl.connect(NioSocketImpl.java:583)
	at java.base/java.net.SocksSocketImpl.connect(SocksSocketImpl.java:282)
	at java.base/java.net.Socket.connect(Socket.java:665)
	at org.apache.activemq.transport.tcp.TcpTransport.connect(TcpTransport.java:526)
	at org.apache.activemq.transport.tcp.TcpTransport.doStart(TcpTransport.java:489)
	at org.apache.activemq.util.ServiceSupport.start(ServiceSupport.java:55)
	at org.apache.activemq.transport.AbstractInactivityMonitor.start(AbstractInactivityMonitor.java:172)
	at org.apache.activemq.transport.InactivityMonitor.start(InactivityMonitor.java:52)
	at org.apache.activemq.transport.TransportFilter.start(TransportFilter.java:64)
	at org.apache.activemq.transport.WireFormatNegotiator.start(WireFormatNegotiator.java:72)
	at org.apache.activemq.transport.TransportFilter.start(TransportFilter.java:64)
	at org.apache.activemq.transport.TransportFilter.start(TransportFilter.java:64)
	at org.apache.activemq.ActiveMQConnectionFactory.createActiveMQConnection(ActiveMQConnectionFactory.java:403)
	... 13 common frames omitted
18:11:58.154 [] ERROR c.n.d.DiscoveryClient - DiscoveryClient_TRAINERS-WORKLOAD-SERVICE/trainers-workload-service:8082 - de-registration failedCannot execute request on any known server
com.netflix.discovery.shared.transport.TransportException: Cannot execute request on any known server
	at com.netflix.discovery.shared.transport.decorator.RetryableEurekaHttpClient.execute(RetryableEurekaHttpClient.java:112)
	at com.netflix.discovery.shared.transport.decorator.EurekaHttpClientDecorator.cancel(EurekaHttpClientDecorator.java:71)
	at com.netflix.discovery.shared.transport.decorator.EurekaHttpClientDecorator$2.execute(EurekaHttpClientDecorator.java:74)
	at com.netflix.discovery.shared.transport.decorator.SessionedEurekaHttpClient.execute(SessionedEurekaHttpClient.java:76)
	at com.netflix.discovery.shared.transport.decorator.EurekaHttpClientDecorator.cancel(EurekaHttpClientDecorator.java:71)
	at com.netflix.discovery.DiscoveryClient.unregister(DiscoveryClient.java:919)
	at com.netflix.discovery.DiscoveryClient.shutdown(DiscoveryClient.java:900)
	at java.base/jdk.internal.reflect.DirectMethodHandleAccessor.invoke(DirectMethodHandleAccessor.java:104)
	at java.base/java.lang.reflect.Method.invoke(Method.java:565)
	at org.springframework.beans.factory.annotation.InitDestroyAnnotationBeanPostProcessor$LifecycleMethod.invoke(InitDestroyAnnotationBeanPostProcessor.java:457)
	at org.springframework.beans.factory.annotation.InitDestroyAnnotationBeanPostProcessor$LifecycleMetadata.invokeDestroyMethods(InitDestroyAnnotationBeanPostProcessor.java:415)
	at org.springframework.beans.factory.annotation.InitDestroyAnnotationBeanPostProcessor.postProcessBeforeDestruction(InitDestroyAnnotationBeanPostProcessor.java:239)
	at org.springframework.beans.factory.support.DisposableBeanAdapter.destroy(DisposableBeanAdapter.java:202)
	at org.springframework.beans.factory.support.DisposableBeanAdapter.run(DisposableBeanAdapter.java:195)
	at org.springframework.cloud.context.scope.GenericScope$BeanLifecycleWrapper.destroy(GenericScope.java:387)
	at org.springframework.cloud.context.scope.GenericScope.destroy(GenericScope.java:134)
	at org.springframework.beans.factory.support.DisposableBeanAdapter.destroy(DisposableBeanAdapter.java:211)
	at org.springframework.beans.factory.support.DefaultSingletonBeanRegistry.destroyBean(DefaultSingletonBeanRegistry.java:796)
	at org.springframework.beans.factory.support.DefaultSingletonBeanRegistry.destroySingleton(DefaultSingletonBeanRegistry.java:746)
	at org.springframework.beans.factory.support.DefaultListableBeanFactory.destroySingleton(DefaultListableBeanFactory.java:1473)
	at org.springframework.beans.factory.support.DefaultSingletonBeanRegistry.destroySingletons(DefaultSingletonBeanRegistry.java:705)
	at org.springframework.beans.factory.support.DefaultListableBeanFactory.destroySingletons(DefaultListableBeanFactory.java:1466)
	at org.springframework.context.support.AbstractApplicationContext.destroyBeans(AbstractApplicationContext.java:1219)
	at org.springframework.context.support.AbstractApplicationContext.doClose(AbstractApplicationContext.java:1180)
	at org.springframework.boot.web.servlet.context.ServletWebServerApplicationContext.doClose(ServletWebServerApplicationContext.java:179)
	at org.springframework.context.support.AbstractApplicationContext.close(AbstractApplicationContext.java:1126)
	at org.springframework.boot.SpringApplicationShutdownHook.closeAndWait(SpringApplicationShutdownHook.java:147)
	at java.base/java.lang.Iterable.forEach(Iterable.java:75)
	at org.springframework.boot.SpringApplicationShutdownHook.run(SpringApplicationShutdownHook.java:116)
	at java.base/java.lang.Thread.run(Thread.java:1447)
