22:17:00.294 [] ERROR o.s.j.l.DefaultMessageListenerContainer - Could not refresh JMS Connection for destination 'workload.to.core.queue' - retrying using FixedBackOff{interval=5000, currentAttempts=0, maxAttempts=unlimited}. Cause: Could not connect to broker URL: tcp://localhost:61616. Reason: java.net.ConnectException: Connection refused: no further information
jakarta.jms.JMSException: Could not connect to broker URL: tcp://localhost:61616. Reason: java.net.ConnectException: Connection refused: no further information
	at org.apache.activemq.util.JMSExceptionSupport.create(JMSExceptionSupport.java:49)
	at org.apache.activemq.ActiveMQConnectionFactory.createActiveMQConnection(ActiveMQConnectionFactory.java:423)
	at org.apache.activemq.ActiveMQConnectionFactory.createActiveMQConnection(ActiveMQConnectionFactory.java:353)
	at org.apache.activemq.ActiveMQConnectionFactory.createConnection(ActiveMQConnectionFactory.java:245)
	at org.springframework.jms.connection.SingleConnectionFactory.doCreateConnection(SingleConnectionFactory.java:475)
	at org.springframework.jms.connection.SingleConnectionFactory.initConnection(SingleConnectionFactory.java:434)
	at org.springframework.jms.connection.SingleConnectionFactory.getConnection(SingleConnectionFactory.java:340)
	at org.springframework.jms.connection.SingleConnectionFactory.createConnection(SingleConnectionFactory.java:245)
	at org.springframework.jms.support.JmsAccessor.createConnection(JmsAccessor.java:211)
	at org.springframework.jms.listener.AbstractJmsListeningContainer.createSharedConnection(AbstractJmsListeningContainer.java:439)
	at org.springframework.jms.listener.AbstractJmsListeningContainer.refreshSharedConnection(AbstractJmsListeningContainer.java:421)
	at org.springframework.jms.listener.DefaultMessageListenerContainer.refreshConnectionUntilSuccessful(DefaultMessageListenerContainer.java:1140)
	at org.springframework.jms.listener.DefaultMessageListenerContainer.recoverAfterListenerSetupFailure(DefaultMessageListenerContainer.java:1114)
	at org.springframework.jms.listener.DefaultMessageListenerContainer$AsyncMessageListenerInvoker.run(DefaultMessageListenerContainer.java:1314)
	at java.base/java.lang.Thread.run(Thread.java:842)
Caused by: java.net.ConnectException: Connection refused: no further information
	at java.base/sun.nio.ch.Net.pollConnect(Native Method)
	at java.base/sun.nio.ch.Net.pollConnectNow(Net.java:672)
	at java.base/sun.nio.ch.NioSocketImpl.timedFinishConnect(NioSocketImpl.java:547)
	at java.base/sun.nio.ch.NioSocketImpl.connect(NioSocketImpl.java:602)
	at java.base/java.net.SocksSocketImpl.connect(SocksSocketImpl.java:327)
	at java.base/java.net.Socket.connect(Socket.java:633)
	at org.apache.activemq.transport.tcp.TcpTransport.connect(TcpTransport.java:526)
	at org.apache.activemq.transport.tcp.TcpTransport.doStart(TcpTransport.java:489)
	at org.apache.activemq.util.ServiceSupport.start(ServiceSupport.java:55)
	at org.apache.activemq.transport.AbstractInactivityMonitor.start(AbstractInactivityMonitor.java:172)
	at org.apache.activemq.transport.InactivityMonitor.start(InactivityMonitor.java:52)
	at org.apache.activemq.transport.TransportFilter.start(TransportFilter.java:64)
	at org.apache.activemq.transport.WireFormatNegotiator.start(WireFormatNegotiator.java:72)
	at org.apache.activemq.transport.TransportFilter.start(TransportFilter.java:64)
	at org.apache.activemq.transport.TransportFilter.start(TransportFilter.java:64)
	at org.apache.activemq.ActiveMQConnectionFactory.createActiveMQConnection(ActiveMQConnectionFactory.java:403)
	... 13 common frames omitted
22:17:05.263 [] ERROR c.n.d.DiscoveryClient - DiscoveryClient_GYM-CRM-CORE/gym-crm-core - de-registration failedCannot execute request on any known server
com.netflix.discovery.shared.transport.TransportException: Cannot execute request on any known server
	at com.netflix.discovery.shared.transport.decorator.RetryableEurekaHttpClient.execute(RetryableEurekaHttpClient.java:112)
	at com.netflix.discovery.shared.transport.decorator.EurekaHttpClientDecorator.cancel(EurekaHttpClientDecorator.java:71)
	at com.netflix.discovery.shared.transport.decorator.EurekaHttpClientDecorator$2.execute(EurekaHttpClientDecorator.java:74)
	at com.netflix.discovery.shared.transport.decorator.SessionedEurekaHttpClient.execute(SessionedEurekaHttpClient.java:76)
	at com.netflix.discovery.shared.transport.decorator.EurekaHttpClientDecorator.cancel(EurekaHttpClientDecorator.java:71)
	at com.netflix.discovery.DiscoveryClient.unregister(DiscoveryClient.java:919)
	at com.netflix.discovery.DiscoveryClient.shutdown(DiscoveryClient.java:900)
	at java.base/jdk.internal.reflect.NativeMethodAccessorImpl.invoke0(Native Method)
	at java.base/jdk.internal.reflect.NativeMethodAccessorImpl.invoke(NativeMethodAccessorImpl.java:77)
	at java.base/jdk.internal.reflect.DelegatingMethodAccessorImpl.invoke(DelegatingMethodAccessorImpl.java:43)
	at java.base/java.lang.reflect.Method.invoke(Method.java:568)
	at org.springframework.beans.factory.annotation.InitDestroyAnnotationBeanPostProcessor$LifecycleMethod.invoke(InitDestroyAnnotationBeanPostProcessor.java:457)
	at org.springframework.beans.factory.annotation.InitDestroyAnnotationBeanPostProcessor$LifecycleMetadata.invokeDestroyMethods(InitDestroyAnnotationBeanPostProcessor.java:415)
	at org.springframework.beans.factory.annotation.InitDestroyAnnotationBeanPostProcessor.postProcessBeforeDestruction(InitDestroyAnnotationBeanPostProcessor.java:239)
	at org.springframework.beans.factory.support.DisposableBeanAdapter.destroy(DisposableBeanAdapter.java:202)
	at org.springframework.beans.factory.support.DisposableBeanAdapter.run(DisposableBeanAdapter.java:195)
	at org.springframework.cloud.context.scope.GenericScope$BeanLifecycleWrapper.destroy(GenericScope.java:387)
	at org.springframework.cloud.context.scope.GenericScope.destroy(GenericScope.java:134)
	at org.springframework.beans.factory.support.DisposableBeanAdapter.destroy(DisposableBeanAdapter.java:211)
	at org.springframework.beans.factory.support.DefaultSingletonBeanRegistry.destroyBean(DefaultSingletonBeanRegistry.java:796)
	at org.springframework.beans.factory.support.DefaultSingletonBeanRegistry.destroySingleton(DefaultSingletonBeanRegistry.java:746)
	at org.springframework.beans.factory.support.DefaultListableBeanFactory.destroySingleton(DefaultListableBeanFactory.java:1473)
	at org.springframework.beans.factory.support.DefaultSingletonBeanRegistry.destroySingletons(DefaultSingletonBeanRegistry.java:705)
	at org.springframework.beans.factory.support.DefaultListableBeanFactory.destroySingletons(DefaultListableBeanFactory.java:1466)
	at org.springframework.context.support.AbstractApplicationContext.destroyBeans(AbstractApplicationContext.java:1219)
	at org.springframework.context.support.AbstractApplicationContext.doClose(AbstractApplicationContext.java:1180)
	at org.springframework.boot.web.servlet.context.ServletWebServerApplicationContext.doClose(ServletWebServerApplicationContext.java:179)
	at org.springframework.context.support.AbstractApplicationContext.close(AbstractApplicationContext.java:1126)
	at org.springframework.boot.SpringApplicationShutdownHook.closeAndWait(SpringApplicationShutdownHook.java:147)
	at java.base/java.lang.Iterable.forEach(Iterable.java:75)
	at org.springframework.boot.SpringApplicationShutdownHook.run(SpringApplicationShutdownHook.java:116)
	at java.base/java.lang.Thread.run(Thread.java:842)
22:17:45.361 [] ERROR o.s.j.l.DefaultMessageListenerContainer - Could not refresh JMS Connection for destination 'workload.to.core.queue' - retrying using FixedBackOff{interval=5000, currentAttempts=0, maxAttempts=unlimited}. Cause: Could not connect to broker URL: tcp://localhost:61616. Reason: java.net.ConnectException: Connection refused: no further information
jakarta.jms.JMSException: Could not connect to broker URL: tcp://localhost:61616. Reason: java.net.ConnectException: Connection refused: no further information
	at org.apache.activemq.util.JMSExceptionSupport.create(JMSExceptionSupport.java:49)
	at org.apache.activemq.ActiveMQConnectionFactory.createActiveMQConnection(ActiveMQConnectionFactory.java:423)
	at org.apache.activemq.ActiveMQConnectionFactory.createActiveMQConnection(ActiveMQConnectionFactory.java:353)
	at org.apache.activemq.ActiveMQConnectionFactory.createConnection(ActiveMQConnectionFactory.java:245)
	at org.springframework.jms.connection.SingleConnectionFactory.doCreateConnection(SingleConnectionFactory.java:475)
	at org.springframework.jms.connection.SingleConnectionFactory.initConnection(SingleConnectionFactory.java:434)
	at org.springframework.jms.connection.SingleConnectionFactory.getConnection(SingleConnectionFactory.java:340)
	at org.springframework.jms.connection.SingleConnectionFactory.createConnection(SingleConnectionFactory.java:245)
	at org.springframework.jms.support.JmsAccessor.createConnection(JmsAccessor.java:211)
	at org.springframework.jms.listener.AbstractJmsListeningContainer.createSharedConnection(AbstractJmsListeningContainer.java:439)
	at org.springframework.jms.listener.AbstractJmsListeningContainer.refreshSharedConnection(AbstractJmsListeningContainer.java:421)
	at org.springframework.jms.listener.DefaultMessageListenerContainer.refreshConnectionUntilSuccessful(DefaultMessageListenerContainer.java:1140)
	at org.springframework.jms.listener.DefaultMessageListenerContainer.recoverAfterListenerSetupFailure(DefaultMessageListenerContainer.java:1114)
	at org.springframework.jms.listener.DefaultMessageListenerContainer$AsyncMessageListenerInvoker.run(DefaultMessageListenerContainer.java:1314)
	at java.base/java.lang.Thread.run(Thread.java:842)
Caused by: java.net.ConnectException: Connection refused: no further information
	at java.base/sun.nio.ch.Net.pollConnect(Native Method)
	at java.base/sun.nio.ch.Net.pollConnectNow(Net.java:672)
	at java.base/sun.nio.ch.NioSocketImpl.timedFinishConnect(NioSocketImpl.java:547)
	at java.base/sun.nio.ch.NioSocketImpl.connect(NioSocketImpl.java:602)
	at java.base/java.net.SocksSocketImpl.connect(SocksSocketImpl.java:327)
	at java.base/java.net.Socket.connect(Socket.java:633)
	at org.apache.activemq.transport.tcp.TcpTransport.connect(TcpTransport.java:526)
	at org.apache.activemq.transport.tcp.TcpTransport.doStart(TcpTransport.java:489)
	at org.apache.activemq.util.ServiceSupport.start(ServiceSupport.java:55)
	at org.apache.activemq.transport.AbstractInactivityMonitor.start(AbstractInactivityMonitor.java:172)
	at org.apache.activemq.transport.InactivityMonitor.start(InactivityMonitor.java:52)
	at org.apache.activemq.transport.TransportFilter.start(TransportFilter.java:64)
	at org.apache.activemq.transport.WireFormatNegotiator.start(WireFormatNegotiator.java:72)
	at org.apache.activemq.transport.TransportFilter.start(TransportFilter.java:64)
	at org.apache.activemq.transport.TransportFilter.start(TransportFilter.java:64)
	at org.apache.activemq.ActiveMQConnectionFactory.createActiveMQConnection(ActiveMQConnectionFactory.java:403)
	... 13 common frames omitted
22:17:50.379 [] ERROR o.s.j.l.DefaultMessageListenerContainer - Could not refresh JMS Connection for destination 'workload.to.core.queue' - retrying using FixedBackOff{interval=5000, currentAttempts=1, maxAttempts=unlimited}. Cause: Could not connect to broker URL: tcp://localhost:61616. Reason: java.net.ConnectException: Connection refused: no further information
jakarta.jms.JMSException: Could not connect to broker URL: tcp://localhost:61616. Reason: java.net.ConnectException: Connection refused: no further information
	at org.apache.activemq.util.JMSExceptionSupport.create(JMSExceptionSupport.java:49)
	at org.apache.activemq.ActiveMQConnectionFactory.createActiveMQConnection(ActiveMQConnectionFactory.java:423)
	at org.apache.activemq.ActiveMQConnectionFactory.createActiveMQConnection(ActiveMQConnectionFactory.java:353)
	at org.apache.activemq.ActiveMQConnectionFactory.createConnection(ActiveMQConnectionFactory.java:245)
	at org.springframework.jms.connection.SingleConnectionFactory.doCreateConnection(SingleConnectionFactory.java:475)
	at org.springframework.jms.connection.SingleConnectionFactory.initConnection(SingleConnectionFactory.java:434)
	at org.springframework.jms.connection.SingleConnectionFactory.getConnection(SingleConnectionFactory.java:340)
	at org.springframework.jms.connection.SingleConnectionFactory.createConnection(SingleConnectionFactory.java:245)
	at org.springframework.jms.support.JmsAccessor.createConnection(JmsAccessor.java:211)
	at org.springframework.jms.listener.AbstractJmsListeningContainer.createSharedConnection(AbstractJmsListeningContainer.java:439)
	at org.springframework.jms.listener.AbstractJmsListeningContainer.refreshSharedConnection(AbstractJmsListeningContainer.java:421)
	at org.springframework.jms.listener.DefaultMessageListenerContainer.refreshConnectionUntilSuccessful(DefaultMessageListenerContainer.java:1140)
	at org.springframework.jms.listener.DefaultMessageListenerContainer.recoverAfterListenerSetupFailure(DefaultMessageListenerContainer.java:1114)
	at org.springframework.jms.listener.DefaultMessageListenerContainer$AsyncMessageListenerInvoker.run(DefaultMessageListenerContainer.java:1314)
	at java.base/java.lang.Thread.run(Thread.java:842)
Caused by: java.net.ConnectException: Connection refused: no further information
	at java.base/sun.nio.ch.Net.pollConnect(Native Method)
	at java.base/sun.nio.ch.Net.pollConnectNow(Net.java:672)
	at java.base/sun.nio.ch.NioSocketImpl.timedFinishConnect(NioSocketImpl.java:547)
	at java.base/sun.nio.ch.NioSocketImpl.connect(NioSocketImpl.java:602)
	at java.base/java.net.SocksSocketImpl.connect(SocksSocketImpl.java:327)
	at java.base/java.net.Socket.connect(Socket.java:633)
	at org.apache.activemq.transport.tcp.TcpTransport.connect(TcpTransport.java:526)
	at org.apache.activemq.transport.tcp.TcpTransport.doStart(TcpTransport.java:489)
	at org.apache.activemq.util.ServiceSupport.start(ServiceSupport.java:55)
	at org.apache.activemq.transport.AbstractInactivityMonitor.start(AbstractInactivityMonitor.java:172)
	at org.apache.activemq.transport.InactivityMonitor.start(InactivityMonitor.java:52)
	at org.apache.activemq.transport.TransportFilter.start(TransportFilter.java:64)
	at org.apache.activemq.transport.WireFormatNegotiator.start(WireFormatNegotiator.java:72)
	at org.apache.activemq.transport.TransportFilter.start(TransportFilter.java:64)
	at org.apache.activemq.transport.TransportFilter.start(TransportFilter.java:64)
	at org.apache.activemq.ActiveMQConnectionFactory.createActiveMQConnection(ActiveMQConnectionFactory.java:403)
	... 13 common frames omitted
22:17:55.408 [] ERROR o.s.j.l.DefaultMessageListenerContainer - Could not refresh JMS Connection for destination 'workload.to.core.queue' - retrying using FixedBackOff{interval=5000, currentAttempts=2, maxAttempts=unlimited}. Cause: Could not connect to broker URL: tcp://localhost:61616. Reason: java.net.ConnectException: Connection refused: no further information
jakarta.jms.JMSException: Could not connect to broker URL: tcp://localhost:61616. Reason: java.net.ConnectException: Connection refused: no further information
	at org.apache.activemq.util.JMSExceptionSupport.create(JMSExceptionSupport.java:49)
	at org.apache.activemq.ActiveMQConnectionFactory.createActiveMQConnection(ActiveMQConnectionFactory.java:423)
	at org.apache.activemq.ActiveMQConnectionFactory.createActiveMQConnection(ActiveMQConnectionFactory.java:353)
	at org.apache.activemq.ActiveMQConnectionFactory.createConnection(ActiveMQConnectionFactory.java:245)
	at org.springframework.jms.connection.SingleConnectionFactory.doCreateConnection(SingleConnectionFactory.java:475)
	at org.springframework.jms.connection.SingleConnectionFactory.initConnection(SingleConnectionFactory.java:434)
	at org.springframework.jms.connection.SingleConnectionFactory.getConnection(SingleConnectionFactory.java:340)
	at org.springframework.jms.connection.SingleConnectionFactory.createConnection(SingleConnectionFactory.java:245)
	at org.springframework.jms.support.JmsAccessor.createConnection(JmsAccessor.java:211)
	at org.springframework.jms.listener.AbstractJmsListeningContainer.createSharedConnection(AbstractJmsListeningContainer.java:439)
	at org.springframework.jms.listener.AbstractJmsListeningContainer.refreshSharedConnection(AbstractJmsListeningContainer.java:421)
	at org.springframework.jms.listener.DefaultMessageListenerContainer.refreshConnectionUntilSuccessful(DefaultMessageListenerContainer.java:1140)
	at org.springframework.jms.listener.DefaultMessageListenerContainer.recoverAfterListenerSetupFailure(DefaultMessageListenerContainer.java:1114)
	at org.springframework.jms.listener.DefaultMessageListenerContainer$AsyncMessageListenerInvoker.run(DefaultMessageListenerContainer.java:1314)
	at java.base/java.lang.Thread.run(Thread.java:842)
Caused by: java.net.ConnectException: Connection refused: no further information
	at java.base/sun.nio.ch.Net.pollConnect(Native Method)
	at java.base/sun.nio.ch.Net.pollConnectNow(Net.java:672)
	at java.base/sun.nio.ch.NioSocketImpl.timedFinishConnect(NioSocketImpl.java:547)
	at java.base/sun.nio.ch.NioSocketImpl.connect(NioSocketImpl.java:602)
	at java.base/java.net.SocksSocketImpl.connect(SocksSocketImpl.java:327)
	at java.base/java.net.Socket.connect(Socket.java:633)
	at org.apache.activemq.transport.tcp.TcpTransport.connect(TcpTransport.java:526)
	at org.apache.activemq.transport.tcp.TcpTransport.doStart(TcpTransport.java:489)
	at org.apache.activemq.util.ServiceSupport.start(ServiceSupport.java:55)
	at org.apache.activemq.transport.AbstractInactivityMonitor.start(AbstractInactivityMonitor.java:172)
	at org.apache.activemq.transport.InactivityMonitor.start(InactivityMonitor.java:52)
	at org.apache.activemq.transport.TransportFilter.start(TransportFilter.java:64)
	at org.apache.activemq.transport.WireFormatNegotiator.start(WireFormatNegotiator.java:72)
	at org.apache.activemq.transport.TransportFilter.start(TransportFilter.java:64)
	at org.apache.activemq.transport.TransportFilter.start(TransportFilter.java:64)
	at org.apache.activemq.ActiveMQConnectionFactory.createActiveMQConnection(ActiveMQConnectionFactory.java:403)
	... 13 common frames omitted
22:18:00.439 [] ERROR o.s.j.l.DefaultMessageListenerContainer - Could not refresh JMS Connection for destination 'workload.to.core.queue' - retrying using FixedBackOff{interval=5000, currentAttempts=3, maxAttempts=unlimited}. Cause: Could not connect to broker URL: tcp://localhost:61616. Reason: java.net.ConnectException: Connection refused: no further information
jakarta.jms.JMSException: Could not connect to broker URL: tcp://localhost:61616. Reason: java.net.ConnectException: Connection refused: no further information
	at org.apache.activemq.util.JMSExceptionSupport.create(JMSExceptionSupport.java:49)
	at org.apache.activemq.ActiveMQConnectionFactory.createActiveMQConnection(ActiveMQConnectionFactory.java:423)
	at org.apache.activemq.ActiveMQConnectionFactory.createActiveMQConnection(ActiveMQConnectionFactory.java:353)
	at org.apache.activemq.ActiveMQConnectionFactory.createConnection(ActiveMQConnectionFactory.java:245)
	at org.springframework.jms.connection.SingleConnectionFactory.doCreateConnection(SingleConnectionFactory.java:475)
	at org.springframework.jms.connection.SingleConnectionFactory.initConnection(SingleConnectionFactory.java:434)
	at org.springframework.jms.connection.SingleConnectionFactory.getConnection(SingleConnectionFactory.java:340)
	at org.springframework.jms.connection.SingleConnectionFactory.createConnection(SingleConnectionFactory.java:245)
	at org.springframework.jms.support.JmsAccessor.createConnection(JmsAccessor.java:211)
	at org.springframework.jms.listener.AbstractJmsListeningContainer.createSharedConnection(AbstractJmsListeningContainer.java:439)
	at org.springframework.jms.listener.AbstractJmsListeningContainer.refreshSharedConnection(AbstractJmsListeningContainer.java:421)
	at org.springframework.jms.listener.DefaultMessageListenerContainer.refreshConnectionUntilSuccessful(DefaultMessageListenerContainer.java:1140)
	at org.springframework.jms.listener.DefaultMessageListenerContainer.recoverAfterListenerSetupFailure(DefaultMessageListenerContainer.java:1114)
	at org.springframework.jms.listener.DefaultMessageListenerContainer$AsyncMessageListenerInvoker.run(DefaultMessageListenerContainer.java:1314)
	at java.base/java.lang.Thread.run(Thread.java:842)
Caused by: java.net.ConnectException: Connection refused: no further information
	at java.base/sun.nio.ch.Net.pollConnect(Native Method)
	at java.base/sun.nio.ch.Net.pollConnectNow(Net.java:672)
	at java.base/sun.nio.ch.NioSocketImpl.timedFinishConnect(NioSocketImpl.java:547)
	at java.base/sun.nio.ch.NioSocketImpl.connect(NioSocketImpl.java:602)
	at java.base/java.net.SocksSocketImpl.connect(SocksSocketImpl.java:327)
	at java.base/java.net.Socket.connect(Socket.java:633)
	at org.apache.activemq.transport.tcp.TcpTransport.connect(TcpTransport.java:526)
	at org.apache.activemq.transport.tcp.TcpTransport.doStart(TcpTransport.java:489)
	at org.apache.activemq.util.ServiceSupport.start(ServiceSupport.java:55)
	at org.apache.activemq.transport.AbstractInactivityMonitor.start(AbstractInactivityMonitor.java:172)
	at org.apache.activemq.transport.InactivityMonitor.start(InactivityMonitor.java:52)
	at org.apache.activemq.transport.TransportFilter.start(TransportFilter.java:64)
	at org.apache.activemq.transport.WireFormatNegotiator.start(WireFormatNegotiator.java:72)
	at org.apache.activemq.transport.TransportFilter.start(TransportFilter.java:64)
	at org.apache.activemq.transport.TransportFilter.start(TransportFilter.java:64)
	at org.apache.activemq.ActiveMQConnectionFactory.createActiveMQConnection(ActiveMQConnectionFactory.java:403)
	... 13 common frames omitted
22:18:05.455 [] ERROR o.s.j.l.DefaultMessageListenerContainer - Could not refresh JMS Connection for destination 'workload.to.core.queue' - retrying using FixedBackOff{interval=5000, currentAttempts=4, maxAttempts=unlimited}. Cause: Could not connect to broker URL: tcp://localhost:61616. Reason: java.net.ConnectException: Connection refused: no further information
jakarta.jms.JMSException: Could not connect to broker URL: tcp://localhost:61616. Reason: java.net.ConnectException: Connection refused: no further information
	at org.apache.activemq.util.JMSExceptionSupport.create(JMSExceptionSupport.java:49)
	at org.apache.activemq.ActiveMQConnectionFactory.createActiveMQConnection(ActiveMQConnectionFactory.java:423)
	at org.apache.activemq.ActiveMQConnectionFactory.createActiveMQConnection(ActiveMQConnectionFactory.java:353)
	at org.apache.activemq.ActiveMQConnectionFactory.createConnection(ActiveMQConnectionFactory.java:245)
	at org.springframework.jms.connection.SingleConnectionFactory.doCreateConnection(SingleConnectionFactory.java:475)
	at org.springframework.jms.connection.SingleConnectionFactory.initConnection(SingleConnectionFactory.java:434)
	at org.springframework.jms.connection.SingleConnectionFactory.getConnection(SingleConnectionFactory.java:340)
	at org.springframework.jms.connection.SingleConnectionFactory.createConnection(SingleConnectionFactory.java:245)
	at org.springframework.jms.support.JmsAccessor.createConnection(JmsAccessor.java:211)
	at org.springframework.jms.listener.AbstractJmsListeningContainer.createSharedConnection(AbstractJmsListeningContainer.java:439)
	at org.springframework.jms.listener.AbstractJmsListeningContainer.refreshSharedConnection(AbstractJmsListeningContainer.java:421)
	at org.springframework.jms.listener.DefaultMessageListenerContainer.refreshConnectionUntilSuccessful(DefaultMessageListenerContainer.java:1140)
	at org.springframework.jms.listener.DefaultMessageListenerContainer.recoverAfterListenerSetupFailure(DefaultMessageListenerContainer.java:1114)
	at org.springframework.jms.listener.DefaultMessageListenerContainer$AsyncMessageListenerInvoker.run(DefaultMessageListenerContainer.java:1314)
	at java.base/java.lang.Thread.run(Thread.java:842)
Caused by: java.net.ConnectException: Connection refused: no further information
	at java.base/sun.nio.ch.Net.pollConnect(Native Method)
	at java.base/sun.nio.ch.Net.pollConnectNow(Net.java:672)
	at java.base/sun.nio.ch.NioSocketImpl.timedFinishConnect(NioSocketImpl.java:547)
	at java.base/sun.nio.ch.NioSocketImpl.connect(NioSocketImpl.java:602)
	at java.base/java.net.SocksSocketImpl.connect(SocksSocketImpl.java:327)
	at java.base/java.net.Socket.connect(Socket.java:633)
	at org.apache.activemq.transport.tcp.TcpTransport.connect(TcpTransport.java:526)
	at org.apache.activemq.transport.tcp.TcpTransport.doStart(TcpTransport.java:489)
	at org.apache.activemq.util.ServiceSupport.start(ServiceSupport.java:55)
	at org.apache.activemq.transport.AbstractInactivityMonitor.start(AbstractInactivityMonitor.java:172)
	at org.apache.activemq.transport.InactivityMonitor.start(InactivityMonitor.java:52)
	at org.apache.activemq.transport.TransportFilter.start(TransportFilter.java:64)
	at org.apache.activemq.transport.WireFormatNegotiator.start(WireFormatNegotiator.java:72)
	at org.apache.activemq.transport.TransportFilter.start(TransportFilter.java:64)
	at org.apache.activemq.transport.TransportFilter.start(TransportFilter.java:64)
	at org.apache.activemq.ActiveMQConnectionFactory.createActiveMQConnection(ActiveMQConnectionFactory.java:403)
	... 13 common frames omitted
22:18:10.458 [] ERROR o.s.j.l.DefaultMessageListenerContainer - Could not refresh JMS Connection for destination 'workload.to.core.queue' - retrying using FixedBackOff{interval=5000, currentAttempts=5, maxAttempts=unlimited}. Cause: Could not connect to broker URL: tcp://localhost:61616. Reason: java.net.ConnectException: Connection refused: no further information
jakarta.jms.JMSException: Could not connect to broker URL: tcp://localhost:61616. Reason: java.net.ConnectException: Connection refused: no further information
	at org.apache.activemq.util.JMSExceptionSupport.create(JMSExceptionSupport.java:49)
	at org.apache.activemq.ActiveMQConnectionFactory.createActiveMQConnection(ActiveMQConnectionFactory.java:423)
	at org.apache.activemq.ActiveMQConnectionFactory.createActiveMQConnection(ActiveMQConnectionFactory.java:353)
	at org.apache.activemq.ActiveMQConnectionFactory.createConnection(ActiveMQConnectionFactory.java:245)
	at org.springframework.jms.connection.SingleConnectionFactory.doCreateConnection(SingleConnectionFactory.java:475)
	at org.springframework.jms.connection.SingleConnectionFactory.initConnection(SingleConnectionFactory.java:434)
	at org.springframework.jms.connection.SingleConnectionFactory.getConnection(SingleConnectionFactory.java:340)
	at org.springframework.jms.connection.SingleConnectionFactory.createConnection(SingleConnectionFactory.java:245)
	at org.springframework.jms.support.JmsAccessor.createConnection(JmsAccessor.java:211)
	at org.springframework.jms.listener.AbstractJmsListeningContainer.createSharedConnection(AbstractJmsListeningContainer.java:439)
	at org.springframework.jms.listener.AbstractJmsListeningContainer.refreshSharedConnection(AbstractJmsListeningContainer.java:421)
	at org.springframework.jms.listener.DefaultMessageListenerContainer.refreshConnectionUntilSuccessful(DefaultMessageListenerContainer.java:1140)
	at org.springframework.jms.listener.DefaultMessageListenerContainer.recoverAfterListenerSetupFailure(DefaultMessageListenerContainer.java:1114)
	at org.springframework.jms.listener.DefaultMessageListenerContainer$AsyncMessageListenerInvoker.run(DefaultMessageListenerContainer.java:1314)
	at java.base/java.lang.Thread.run(Thread.java:842)
Caused by: java.net.ConnectException: Connection refused: no further information
	at java.base/sun.nio.ch.Net.pollConnect(Native Method)
	at java.base/sun.nio.ch.Net.pollConnectNow(Net.java:672)
	at java.base/sun.nio.ch.NioSocketImpl.timedFinishConnect(NioSocketImpl.java:547)
	at java.base/sun.nio.ch.NioSocketImpl.connect(NioSocketImpl.java:602)
	at java.base/java.net.SocksSocketImpl.connect(SocksSocketImpl.java:327)
	at java.base/java.net.Socket.connect(Socket.java:633)
	at org.apache.activemq.transport.tcp.TcpTransport.connect(TcpTransport.java:526)
	at org.apache.activemq.transport.tcp.TcpTransport.doStart(TcpTransport.java:489)
	at org.apache.activemq.util.ServiceSupport.start(ServiceSupport.java:55)
	at org.apache.activemq.transport.AbstractInactivityMonitor.start(AbstractInactivityMonitor.java:172)
	at org.apache.activemq.transport.InactivityMonitor.start(InactivityMonitor.java:52)
	at org.apache.activemq.transport.TransportFilter.start(TransportFilter.java:64)
	at org.apache.activemq.transport.WireFormatNegotiator.start(WireFormatNegotiator.java:72)
	at org.apache.activemq.transport.TransportFilter.start(TransportFilter.java:64)
	at org.apache.activemq.transport.TransportFilter.start(TransportFilter.java:64)
	at org.apache.activemq.ActiveMQConnectionFactory.createActiveMQConnection(ActiveMQConnectionFactory.java:403)
	... 13 common frames omitted
22:18:15.496 [] ERROR o.s.j.l.DefaultMessageListenerContainer - Could not refresh JMS Connection for destination 'workload.to.core.queue' - retrying using FixedBackOff{interval=5000, currentAttempts=6, maxAttempts=unlimited}. Cause: Could not connect to broker URL: tcp://localhost:61616. Reason: java.net.ConnectException: Connection refused: no further information
jakarta.jms.JMSException: Could not connect to broker URL: tcp://localhost:61616. Reason: java.net.ConnectException: Connection refused: no further information
	at org.apache.activemq.util.JMSExceptionSupport.create(JMSExceptionSupport.java:49)
	at org.apache.activemq.ActiveMQConnectionFactory.createActiveMQConnection(ActiveMQConnectionFactory.java:423)
	at org.apache.activemq.ActiveMQConnectionFactory.createActiveMQConnection(ActiveMQConnectionFactory.java:353)
	at org.apache.activemq.ActiveMQConnectionFactory.createConnection(ActiveMQConnectionFactory.java:245)
	at org.springframework.jms.connection.SingleConnectionFactory.doCreateConnection(SingleConnectionFactory.java:475)
	at org.springframework.jms.connection.SingleConnectionFactory.initConnection(SingleConnectionFactory.java:434)
	at org.springframework.jms.connection.SingleConnectionFactory.getConnection(SingleConnectionFactory.java:340)
	at org.springframework.jms.connection.SingleConnectionFactory.createConnection(SingleConnectionFactory.java:245)
	at org.springframework.jms.support.JmsAccessor.createConnection(JmsAccessor.java:211)
	at org.springframework.jms.listener.AbstractJmsListeningContainer.createSharedConnection(AbstractJmsListeningContainer.java:439)
	at org.springframework.jms.listener.AbstractJmsListeningContainer.refreshSharedConnection(AbstractJmsListeningContainer.java:421)
	at org.springframework.jms.listener.DefaultMessageListenerContainer.refreshConnectionUntilSuccessful(DefaultMessageListenerContainer.java:1140)
	at org.springframework.jms.listener.DefaultMessageListenerContainer.recoverAfterListenerSetupFailure(DefaultMessageListenerContainer.java:1114)
	at org.springframework.jms.listener.DefaultMessageListenerContainer$AsyncMessageListenerInvoker.run(DefaultMessageListenerContainer.java:1314)
	at java.base/java.lang.Thread.run(Thread.java:842)
Caused by: java.net.ConnectException: Connection refused: no further information
	at java.base/sun.nio.ch.Net.pollConnect(Native Method)
	at java.base/sun.nio.ch.Net.pollConnectNow(Net.java:672)
	at java.base/sun.nio.ch.NioSocketImpl.timedFinishConnect(NioSocketImpl.java:547)
	at java.base/sun.nio.ch.NioSocketImpl.connect(NioSocketImpl.java:602)
	at java.base/java.net.SocksSocketImpl.connect(SocksSocketImpl.java:327)
	at java.base/java.net.Socket.connect(Socket.java:633)
	at org.apache.activemq.transport.tcp.TcpTransport.connect(TcpTransport.java:526)
	at org.apache.activemq.transport.tcp.TcpTransport.doStart(TcpTransport.java:489)
	at org.apache.activemq.util.ServiceSupport.start(ServiceSupport.java:55)
	at org.apache.activemq.transport.AbstractInactivityMonitor.start(AbstractInactivityMonitor.java:172)
	at org.apache.activemq.transport.InactivityMonitor.start(InactivityMonitor.java:52)
	at org.apache.activemq.transport.TransportFilter.start(TransportFilter.java:64)
	at org.apache.activemq.transport.WireFormatNegotiator.start(WireFormatNegotiator.java:72)
	at org.apache.activemq.transport.TransportFilter.start(TransportFilter.java:64)
	at org.apache.activemq.transport.TransportFilter.start(TransportFilter.java:64)
	at org.apache.activemq.ActiveMQConnectionFactory.createActiveMQConnection(ActiveMQConnectionFactory.java:403)
	... 13 common frames omitted
22:18:20.512 [] ERROR o.s.j.l.DefaultMessageListenerContainer - Could not refresh JMS Connection for destination 'workload.to.core.queue' - retrying using FixedBackOff{interval=5000, currentAttempts=7, maxAttempts=unlimited}. Cause: Could not connect to broker URL: tcp://localhost:61616. Reason: java.net.ConnectException: Connection refused: no further information
jakarta.jms.JMSException: Could not connect to broker URL: tcp://localhost:61616. Reason: java.net.ConnectException: Connection refused: no further information
	at org.apache.activemq.util.JMSExceptionSupport.create(JMSExceptionSupport.java:49)
	at org.apache.activemq.ActiveMQConnectionFactory.createActiveMQConnection(ActiveMQConnectionFactory.java:423)
	at org.apache.activemq.ActiveMQConnectionFactory.createActiveMQConnection(ActiveMQConnectionFactory.java:353)
	at org.apache.activemq.ActiveMQConnectionFactory.createConnection(ActiveMQConnectionFactory.java:245)
	at org.springframework.jms.connection.SingleConnectionFactory.doCreateConnection(SingleConnectionFactory.java:475)
	at org.springframework.jms.connection.SingleConnectionFactory.initConnection(SingleConnectionFactory.java:434)
	at org.springframework.jms.connection.SingleConnectionFactory.getConnection(SingleConnectionFactory.java:340)
	at org.springframework.jms.connection.SingleConnectionFactory.createConnection(SingleConnectionFactory.java:245)
	at org.springframework.jms.support.JmsAccessor.createConnection(JmsAccessor.java:211)
	at org.springframework.jms.listener.AbstractJmsListeningContainer.createSharedConnection(AbstractJmsListeningContainer.java:439)
	at org.springframework.jms.listener.AbstractJmsListeningContainer.refreshSharedConnection(AbstractJmsListeningContainer.java:421)
	at org.springframework.jms.listener.DefaultMessageListenerContainer.refreshConnectionUntilSuccessful(DefaultMessageListenerContainer.java:1140)
	at org.springframework.jms.listener.DefaultMessageListenerContainer.recoverAfterListenerSetupFailure(DefaultMessageListenerContainer.java:1114)
	at org.springframework.jms.listener.DefaultMessageListenerContainer$AsyncMessageListenerInvoker.run(DefaultMessageListenerContainer.java:1314)
	at java.base/java.lang.Thread.run(Thread.java:842)
Caused by: java.net.ConnectException: Connection refused: no further information
	at java.base/sun.nio.ch.Net.pollConnect(Native Method)
	at java.base/sun.nio.ch.Net.pollConnectNow(Net.java:672)
	at java.base/sun.nio.ch.NioSocketImpl.timedFinishConnect(NioSocketImpl.java:547)
	at java.base/sun.nio.ch.NioSocketImpl.connect(NioSocketImpl.java:602)
	at java.base/java.net.SocksSocketImpl.connect(SocksSocketImpl.java:327)
	at java.base/java.net.Socket.connect(Socket.java:633)
	at org.apache.activemq.transport.tcp.TcpTransport.connect(TcpTransport.java:526)
	at org.apache.activemq.transport.tcp.TcpTransport.doStart(TcpTransport.java:489)
	at org.apache.activemq.util.ServiceSupport.start(ServiceSupport.java:55)
	at org.apache.activemq.transport.AbstractInactivityMonitor.start(AbstractInactivityMonitor.java:172)
	at org.apache.activemq.transport.InactivityMonitor.start(InactivityMonitor.java:52)
	at org.apache.activemq.transport.TransportFilter.start(TransportFilter.java:64)
	at org.apache.activemq.transport.WireFormatNegotiator.start(WireFormatNegotiator.java:72)
	at org.apache.activemq.transport.TransportFilter.start(TransportFilter.java:64)
	at org.apache.activemq.transport.TransportFilter.start(TransportFilter.java:64)
	at org.apache.activemq.ActiveMQConnectionFactory.createActiveMQConnection(ActiveMQConnectionFactory.java:403)
	... 13 common frames omitted
22:18:25.529 [] ERROR o.s.j.l.DefaultMessageListenerContainer - Could not refresh JMS Connection for destination 'workload.to.core.queue' - retrying using FixedBackOff{interval=5000, currentAttempts=8, maxAttempts=unlimited}. Cause: Could not connect to broker URL: tcp://localhost:61616. Reason: java.net.ConnectException: Connection refused: no further information
jakarta.jms.JMSException: Could not connect to broker URL: tcp://localhost:61616. Reason: java.net.ConnectException: Connection refused: no further information
	at org.apache.activemq.util.JMSExceptionSupport.create(JMSExceptionSupport.java:49)
	at org.apache.activemq.ActiveMQConnectionFactory.createActiveMQConnection(ActiveMQConnectionFactory.java:423)
	at org.apache.activemq.ActiveMQConnectionFactory.createActiveMQConnection(ActiveMQConnectionFactory.java:353)
	at org.apache.activemq.ActiveMQConnectionFactory.createConnection(ActiveMQConnectionFactory.java:245)
	at org.springframework.jms.connection.SingleConnectionFactory.doCreateConnection(SingleConnectionFactory.java:475)
	at org.springframework.jms.connection.SingleConnectionFactory.initConnection(SingleConnectionFactory.java:434)
	at org.springframework.jms.connection.SingleConnectionFactory.getConnection(SingleConnectionFactory.java:340)
	at org.springframework.jms.connection.SingleConnectionFactory.createConnection(SingleConnectionFactory.java:245)
	at org.springframework.jms.support.JmsAccessor.createConnection(JmsAccessor.java:211)
	at org.springframework.jms.listener.AbstractJmsListeningContainer.createSharedConnection(AbstractJmsListeningContainer.java:439)
	at org.springframework.jms.listener.AbstractJmsListeningContainer.refreshSharedConnection(AbstractJmsListeningContainer.java:421)
	at org.springframework.jms.listener.DefaultMessageListenerContainer.refreshConnectionUntilSuccessful(DefaultMessageListenerContainer.java:1140)
	at org.springframework.jms.listener.DefaultMessageListenerContainer.recoverAfterListenerSetupFailure(DefaultMessageListenerContainer.java:1114)
	at org.springframework.jms.listener.DefaultMessageListenerContainer$AsyncMessageListenerInvoker.run(DefaultMessageListenerContainer.java:1314)
	at java.base/java.lang.Thread.run(Thread.java:842)
Caused by: java.net.ConnectException: Connection refused: no further information
	at java.base/sun.nio.ch.Net.pollConnect(Native Method)
	at java.base/sun.nio.ch.Net.pollConnectNow(Net.java:672)
	at java.base/sun.nio.ch.NioSocketImpl.timedFinishConnect(NioSocketImpl.java:547)
	at java.base/sun.nio.ch.NioSocketImpl.connect(NioSocketImpl.java:602)
	at java.base/java.net.SocksSocketImpl.connect(SocksSocketImpl.java:327)
	at java.base/java.net.Socket.connect(Socket.java:633)
	at org.apache.activemq.transport.tcp.TcpTransport.connect(TcpTransport.java:526)
	at org.apache.activemq.transport.tcp.TcpTransport.doStart(TcpTransport.java:489)
	at org.apache.activemq.util.ServiceSupport.start(ServiceSupport.java:55)
	at org.apache.activemq.transport.AbstractInactivityMonitor.start(AbstractInactivityMonitor.java:172)
	at org.apache.activemq.transport.InactivityMonitor.start(InactivityMonitor.java:52)
	at org.apache.activemq.transport.TransportFilter.start(TransportFilter.java:64)
	at org.apache.activemq.transport.WireFormatNegotiator.start(WireFormatNegotiator.java:72)
	at org.apache.activemq.transport.TransportFilter.start(TransportFilter.java:64)
	at org.apache.activemq.transport.TransportFilter.start(TransportFilter.java:64)
	at org.apache.activemq.ActiveMQConnectionFactory.createActiveMQConnection(ActiveMQConnectionFactory.java:403)
	... 13 common frames omitted
22:18:50.888 [] ERROR o.s.j.l.DefaultMessageListenerContainer - Could not refresh JMS Connection for destination 'workload.to.core.queue' - retrying using FixedBackOff{interval=5000, currentAttempts=0, maxAttempts=unlimited}. Cause: Could not connect to broker URL: tcp://localhost:61616. Reason: java.net.ConnectException: Connection refused: no further information
jakarta.jms.JMSException: Could not connect to broker URL: tcp://localhost:61616. Reason: java.net.ConnectException: Connection refused: no further information
	at org.apache.activemq.util.JMSExceptionSupport.create(JMSExceptionSupport.java:49)
	at org.apache.activemq.ActiveMQConnectionFactory.createActiveMQConnection(ActiveMQConnectionFactory.java:423)
	at org.apache.activemq.ActiveMQConnectionFactory.createActiveMQConnection(ActiveMQConnectionFactory.java:353)
	at org.apache.activemq.ActiveMQConnectionFactory.createConnection(ActiveMQConnectionFactory.java:245)
	at org.springframework.jms.connection.SingleConnectionFactory.doCreateConnection(SingleConnectionFactory.java:475)
	at org.springframework.jms.connection.SingleConnectionFactory.initConnection(SingleConnectionFactory.java:434)
	at org.springframework.jms.connection.SingleConnectionFactory.getConnection(SingleConnectionFactory.java:340)
	at org.springframework.jms.connection.SingleConnectionFactory.createConnection(SingleConnectionFactory.java:245)
	at org.springframework.jms.support.JmsAccessor.createConnection(JmsAccessor.java:211)
	at org.springframework.jms.listener.AbstractJmsListeningContainer.createSharedConnection(AbstractJmsListeningContainer.java:439)
	at org.springframework.jms.listener.AbstractJmsListeningContainer.refreshSharedConnection(AbstractJmsListeningContainer.java:421)
	at org.springframework.jms.listener.DefaultMessageListenerContainer.refreshConnectionUntilSuccessful(DefaultMessageListenerContainer.java:1140)
	at org.springframework.jms.listener.DefaultMessageListenerContainer.recoverAfterListenerSetupFailure(DefaultMessageListenerContainer.java:1114)
	at org.springframework.jms.listener.DefaultMessageListenerContainer$AsyncMessageListenerInvoker.run(DefaultMessageListenerContainer.java:1314)
	at java.base/java.lang.Thread.run(Thread.java:842)
Caused by: java.net.ConnectException: Connection refused: no further information
	at java.base/sun.nio.ch.Net.pollConnect(Native Method)
	at java.base/sun.nio.ch.Net.pollConnectNow(Net.java:672)
	at java.base/sun.nio.ch.NioSocketImpl.timedFinishConnect(NioSocketImpl.java:547)
	at java.base/sun.nio.ch.NioSocketImpl.connect(NioSocketImpl.java:602)
	at java.base/java.net.SocksSocketImpl.connect(SocksSocketImpl.java:327)
	at java.base/java.net.Socket.connect(Socket.java:633)
	at org.apache.activemq.transport.tcp.TcpTransport.connect(TcpTransport.java:526)
	at org.apache.activemq.transport.tcp.TcpTransport.doStart(TcpTransport.java:489)
	at org.apache.activemq.util.ServiceSupport.start(ServiceSupport.java:55)
	at org.apache.activemq.transport.AbstractInactivityMonitor.start(AbstractInactivityMonitor.java:172)
	at org.apache.activemq.transport.InactivityMonitor.start(InactivityMonitor.java:52)
	at org.apache.activemq.transport.TransportFilter.start(TransportFilter.java:64)
	at org.apache.activemq.transport.WireFormatNegotiator.start(WireFormatNegotiator.java:72)
	at org.apache.activemq.transport.TransportFilter.start(TransportFilter.java:64)
	at org.apache.activemq.transport.TransportFilter.start(TransportFilter.java:64)
	at org.apache.activemq.ActiveMQConnectionFactory.createActiveMQConnection(ActiveMQConnectionFactory.java:403)
	... 13 common frames omitted
22:18:55.911 [] ERROR o.s.j.l.DefaultMessageListenerContainer - Could not refresh JMS Connection for destination 'workload.to.core.queue' - retrying using FixedBackOff{interval=5000, currentAttempts=1, maxAttempts=unlimited}. Cause: Could not connect to broker URL: tcp://localhost:61616. Reason: java.net.ConnectException: Connection refused: no further information
jakarta.jms.JMSException: Could not connect to broker URL: tcp://localhost:61616. Reason: java.net.ConnectException: Connection refused: no further information
	at org.apache.activemq.util.JMSExceptionSupport.create(JMSExceptionSupport.java:49)
	at org.apache.activemq.ActiveMQConnectionFactory.createActiveMQConnection(ActiveMQConnectionFactory.java:423)
	at org.apache.activemq.ActiveMQConnectionFactory.createActiveMQConnection(ActiveMQConnectionFactory.java:353)
	at org.apache.activemq.ActiveMQConnectionFactory.createConnection(ActiveMQConnectionFactory.java:245)
	at org.springframework.jms.connection.SingleConnectionFactory.doCreateConnection(SingleConnectionFactory.java:475)
	at org.springframework.jms.connection.SingleConnectionFactory.initConnection(SingleConnectionFactory.java:434)
	at org.springframework.jms.connection.SingleConnectionFactory.getConnection(SingleConnectionFactory.java:340)
	at org.springframework.jms.connection.SingleConnectionFactory.createConnection(SingleConnectionFactory.java:245)
	at org.springframework.jms.support.JmsAccessor.createConnection(JmsAccessor.java:211)
	at org.springframework.jms.listener.AbstractJmsListeningContainer.createSharedConnection(AbstractJmsListeningContainer.java:439)
	at org.springframework.jms.listener.AbstractJmsListeningContainer.refreshSharedConnection(AbstractJmsListeningContainer.java:421)
	at org.springframework.jms.listener.DefaultMessageListenerContainer.refreshConnectionUntilSuccessful(DefaultMessageListenerContainer.java:1140)
	at org.springframework.jms.listener.DefaultMessageListenerContainer.recoverAfterListenerSetupFailure(DefaultMessageListenerContainer.java:1114)
	at org.springframework.jms.listener.DefaultMessageListenerContainer$AsyncMessageListenerInvoker.run(DefaultMessageListenerContainer.java:1314)
	at java.base/java.lang.Thread.run(Thread.java:842)
Caused by: java.net.ConnectException: Connection refused: no further information
	at java.base/sun.nio.ch.Net.pollConnect(Native Method)
	at java.base/sun.nio.ch.Net.pollConnectNow(Net.java:672)
	at java.base/sun.nio.ch.NioSocketImpl.timedFinishConnect(NioSocketImpl.java:547)
	at java.base/sun.nio.ch.NioSocketImpl.connect(NioSocketImpl.java:602)
	at java.base/java.net.SocksSocketImpl.connect(SocksSocketImpl.java:327)
	at java.base/java.net.Socket.connect(Socket.java:633)
	at org.apache.activemq.transport.tcp.TcpTransport.connect(TcpTransport.java:526)
	at org.apache.activemq.transport.tcp.TcpTransport.doStart(TcpTransport.java:489)
	at org.apache.activemq.util.ServiceSupport.start(ServiceSupport.java:55)
	at org.apache.activemq.transport.AbstractInactivityMonitor.start(AbstractInactivityMonitor.java:172)
	at org.apache.activemq.transport.InactivityMonitor.start(InactivityMonitor.java:52)
	at org.apache.activemq.transport.TransportFilter.start(TransportFilter.java:64)
	at org.apache.activemq.transport.WireFormatNegotiator.start(WireFormatNegotiator.java:72)
	at org.apache.activemq.transport.TransportFilter.start(TransportFilter.java:64)
	at org.apache.activemq.transport.TransportFilter.start(TransportFilter.java:64)
	at org.apache.activemq.ActiveMQConnectionFactory.createActiveMQConnection(ActiveMQConnectionFactory.java:403)
	... 13 common frames omitted
22:19:00.938 [] ERROR o.s.j.l.DefaultMessageListenerContainer - Could not refresh JMS Connection for destination 'workload.to.core.queue' - retrying using FixedBackOff{interval=5000, currentAttempts=2, maxAttempts=unlimited}. Cause: Could not connect to broker URL: tcp://localhost:61616. Reason: java.net.ConnectException: Connection refused: no further information
jakarta.jms.JMSException: Could not connect to broker URL: tcp://localhost:61616. Reason: java.net.ConnectException: Connection refused: no further information
	at org.apache.activemq.util.JMSExceptionSupport.create(JMSExceptionSupport.java:49)
	at org.apache.activemq.ActiveMQConnectionFactory.createActiveMQConnection(ActiveMQConnectionFactory.java:423)
	at org.apache.activemq.ActiveMQConnectionFactory.createActiveMQConnection(ActiveMQConnectionFactory.java:353)
	at org.apache.activemq.ActiveMQConnectionFactory.createConnection(ActiveMQConnectionFactory.java:245)
	at org.springframework.jms.connection.SingleConnectionFactory.doCreateConnection(SingleConnectionFactory.java:475)
	at org.springframework.jms.connection.SingleConnectionFactory.initConnection(SingleConnectionFactory.java:434)
	at org.springframework.jms.connection.SingleConnectionFactory.getConnection(SingleConnectionFactory.java:340)
	at org.springframework.jms.connection.SingleConnectionFactory.createConnection(SingleConnectionFactory.java:245)
	at org.springframework.jms.support.JmsAccessor.createConnection(JmsAccessor.java:211)
	at org.springframework.jms.listener.AbstractJmsListeningContainer.createSharedConnection(AbstractJmsListeningContainer.java:439)
	at org.springframework.jms.listener.AbstractJmsListeningContainer.refreshSharedConnection(AbstractJmsListeningContainer.java:421)
	at org.springframework.jms.listener.DefaultMessageListenerContainer.refreshConnectionUntilSuccessful(DefaultMessageListenerContainer.java:1140)
	at org.springframework.jms.listener.DefaultMessageListenerContainer.recoverAfterListenerSetupFailure(DefaultMessageListenerContainer.java:1114)
	at org.springframework.jms.listener.DefaultMessageListenerContainer$AsyncMessageListenerInvoker.run(DefaultMessageListenerContainer.java:1314)
	at java.base/java.lang.Thread.run(Thread.java:842)
Caused by: java.net.ConnectException: Connection refused: no further information
	at java.base/sun.nio.ch.Net.pollConnect(Native Method)
	at java.base/sun.nio.ch.Net.pollConnectNow(Net.java:672)
	at java.base/sun.nio.ch.NioSocketImpl.timedFinishConnect(NioSocketImpl.java:547)
	at java.base/sun.nio.ch.NioSocketImpl.connect(NioSocketImpl.java:602)
	at java.base/java.net.SocksSocketImpl.connect(SocksSocketImpl.java:327)
	at java.base/java.net.Socket.connect(Socket.java:633)
	at org.apache.activemq.transport.tcp.TcpTransport.connect(TcpTransport.java:526)
	at org.apache.activemq.transport.tcp.TcpTransport.doStart(TcpTransport.java:489)
	at org.apache.activemq.util.ServiceSupport.start(ServiceSupport.java:55)
	at org.apache.activemq.transport.AbstractInactivityMonitor.start(AbstractInactivityMonitor.java:172)
	at org.apache.activemq.transport.InactivityMonitor.start(InactivityMonitor.java:52)
	at org.apache.activemq.transport.TransportFilter.start(TransportFilter.java:64)
	at org.apache.activemq.transport.WireFormatNegotiator.start(WireFormatNegotiator.java:72)
	at org.apache.activemq.transport.TransportFilter.start(TransportFilter.java:64)
	at org.apache.activemq.transport.TransportFilter.start(TransportFilter.java:64)
	at org.apache.activemq.ActiveMQConnectionFactory.createActiveMQConnection(ActiveMQConnectionFactory.java:403)
	... 13 common frames omitted
22:19:05.956 [] ERROR o.s.j.l.DefaultMessageListenerContainer - Could not refresh JMS Connection for destination 'workload.to.core.queue' - retrying using FixedBackOff{interval=5000, currentAttempts=3, maxAttempts=unlimited}. Cause: Could not connect to broker URL: tcp://localhost:61616. Reason: java.net.ConnectException: Connection refused: no further information
jakarta.jms.JMSException: Could not connect to broker URL: tcp://localhost:61616. Reason: java.net.ConnectException: Connection refused: no further information
	at org.apache.activemq.util.JMSExceptionSupport.create(JMSExceptionSupport.java:49)
	at org.apache.activemq.ActiveMQConnectionFactory.createActiveMQConnection(ActiveMQConnectionFactory.java:423)
	at org.apache.activemq.ActiveMQConnectionFactory.createActiveMQConnection(ActiveMQConnectionFactory.java:353)
	at org.apache.activemq.ActiveMQConnectionFactory.createConnection(ActiveMQConnectionFactory.java:245)
	at org.springframework.jms.connection.SingleConnectionFactory.doCreateConnection(SingleConnectionFactory.java:475)
	at org.springframework.jms.connection.SingleConnectionFactory.initConnection(SingleConnectionFactory.java:434)
	at org.springframework.jms.connection.SingleConnectionFactory.getConnection(SingleConnectionFactory.java:340)
	at org.springframework.jms.connection.SingleConnectionFactory.createConnection(SingleConnectionFactory.java:245)
	at org.springframework.jms.support.JmsAccessor.createConnection(JmsAccessor.java:211)
	at org.springframework.jms.listener.AbstractJmsListeningContainer.createSharedConnection(AbstractJmsListeningContainer.java:439)
	at org.springframework.jms.listener.AbstractJmsListeningContainer.refreshSharedConnection(AbstractJmsListeningContainer.java:421)
	at org.springframework.jms.listener.DefaultMessageListenerContainer.refreshConnectionUntilSuccessful(DefaultMessageListenerContainer.java:1140)
	at org.springframework.jms.listener.DefaultMessageListenerContainer.recoverAfterListenerSetupFailure(DefaultMessageListenerContainer.java:1114)
	at org.springframework.jms.listener.DefaultMessageListenerContainer$AsyncMessageListenerInvoker.run(DefaultMessageListenerContainer.java:1314)
	at java.base/java.lang.Thread.run(Thread.java:842)
Caused by: java.net.ConnectException: Connection refused: no further information
	at java.base/sun.nio.ch.Net.pollConnect(Native Method)
	at java.base/sun.nio.ch.Net.pollConnectNow(Net.java:672)
	at java.base/sun.nio.ch.NioSocketImpl.timedFinishConnect(NioSocketImpl.java:547)
	at java.base/sun.nio.ch.NioSocketImpl.connect(NioSocketImpl.java:602)
	at java.base/java.net.SocksSocketImpl.connect(SocksSocketImpl.java:327)
	at java.base/java.net.Socket.connect(Socket.java:633)
	at org.apache.activemq.transport.tcp.TcpTransport.connect(TcpTransport.java:526)
	at org.apache.activemq.transport.tcp.TcpTransport.doStart(TcpTransport.java:489)
	at org.apache.activemq.util.ServiceSupport.start(ServiceSupport.java:55)
	at org.apache.activemq.transport.AbstractInactivityMonitor.start(AbstractInactivityMonitor.java:172)
	at org.apache.activemq.transport.InactivityMonitor.start(InactivityMonitor.java:52)
	at org.apache.activemq.transport.TransportFilter.start(TransportFilter.java:64)
	at org.apache.activemq.transport.WireFormatNegotiator.start(WireFormatNegotiator.java:72)
	at org.apache.activemq.transport.TransportFilter.start(TransportFilter.java:64)
	at org.apache.activemq.transport.TransportFilter.start(TransportFilter.java:64)
	at org.apache.activemq.ActiveMQConnectionFactory.createActiveMQConnection(ActiveMQConnectionFactory.java:403)
	... 13 common frames omitted
22:19:10.969 [] ERROR o.s.j.l.DefaultMessageListenerContainer - Could not refresh JMS Connection for destination 'workload.to.core.queue' - retrying using FixedBackOff{interval=5000, currentAttempts=4, maxAttempts=unlimited}. Cause: Could not connect to broker URL: tcp://localhost:61616. Reason: java.net.ConnectException: Connection refused: no further information
jakarta.jms.JMSException: Could not connect to broker URL: tcp://localhost:61616. Reason: java.net.ConnectException: Connection refused: no further information
	at org.apache.activemq.util.JMSExceptionSupport.create(JMSExceptionSupport.java:49)
	at org.apache.activemq.ActiveMQConnectionFactory.createActiveMQConnection(ActiveMQConnectionFactory.java:423)
	at org.apache.activemq.ActiveMQConnectionFactory.createActiveMQConnection(ActiveMQConnectionFactory.java:353)
	at org.apache.activemq.ActiveMQConnectionFactory.createConnection(ActiveMQConnectionFactory.java:245)
	at org.springframework.jms.connection.SingleConnectionFactory.doCreateConnection(SingleConnectionFactory.java:475)
	at org.springframework.jms.connection.SingleConnectionFactory.initConnection(SingleConnectionFactory.java:434)
	at org.springframework.jms.connection.SingleConnectionFactory.getConnection(SingleConnectionFactory.java:340)
	at org.springframework.jms.connection.SingleConnectionFactory.createConnection(SingleConnectionFactory.java:245)
	at org.springframework.jms.support.JmsAccessor.createConnection(JmsAccessor.java:211)
	at org.springframework.jms.listener.AbstractJmsListeningContainer.createSharedConnection(AbstractJmsListeningContainer.java:439)
	at org.springframework.jms.listener.AbstractJmsListeningContainer.refreshSharedConnection(AbstractJmsListeningContainer.java:421)
	at org.springframework.jms.listener.DefaultMessageListenerContainer.refreshConnectionUntilSuccessful(DefaultMessageListenerContainer.java:1140)
	at org.springframework.jms.listener.DefaultMessageListenerContainer.recoverAfterListenerSetupFailure(DefaultMessageListenerContainer.java:1114)
	at org.springframework.jms.listener.DefaultMessageListenerContainer$AsyncMessageListenerInvoker.run(DefaultMessageListenerContainer.java:1314)
	at java.base/java.lang.Thread.run(Thread.java:842)
Caused by: java.net.ConnectException: Connection refused: no further information
	at java.base/sun.nio.ch.Net.pollConnect(Native Method)
	at java.base/sun.nio.ch.Net.pollConnectNow(Net.java:672)
	at java.base/sun.nio.ch.NioSocketImpl.timedFinishConnect(NioSocketImpl.java:547)
	at java.base/sun.nio.ch.NioSocketImpl.connect(NioSocketImpl.java:602)
	at java.base/java.net.SocksSocketImpl.connect(SocksSocketImpl.java:327)
	at java.base/java.net.Socket.connect(Socket.java:633)
	at org.apache.activemq.transport.tcp.TcpTransport.connect(TcpTransport.java:526)
	at org.apache.activemq.transport.tcp.TcpTransport.doStart(TcpTransport.java:489)
	at org.apache.activemq.util.ServiceSupport.start(ServiceSupport.java:55)
	at org.apache.activemq.transport.AbstractInactivityMonitor.start(AbstractInactivityMonitor.java:172)
	at org.apache.activemq.transport.InactivityMonitor.start(InactivityMonitor.java:52)
	at org.apache.activemq.transport.TransportFilter.start(TransportFilter.java:64)
	at org.apache.activemq.transport.WireFormatNegotiator.start(WireFormatNegotiator.java:72)
	at org.apache.activemq.transport.TransportFilter.start(TransportFilter.java:64)
	at org.apache.activemq.transport.TransportFilter.start(TransportFilter.java:64)
	at org.apache.activemq.ActiveMQConnectionFactory.createActiveMQConnection(ActiveMQConnectionFactory.java:403)
	... 13 common frames omitted
22:19:15.975 [] ERROR o.s.j.l.DefaultMessageListenerContainer - Could not refresh JMS Connection for destination 'workload.to.core.queue' - retrying using FixedBackOff{interval=5000, currentAttempts=5, maxAttempts=unlimited}. Cause: Could not connect to broker URL: tcp://localhost:61616. Reason: java.net.ConnectException: Connection refused: no further information
jakarta.jms.JMSException: Could not connect to broker URL: tcp://localhost:61616. Reason: java.net.ConnectException: Connection refused: no further information
	at org.apache.activemq.util.JMSExceptionSupport.create(JMSExceptionSupport.java:49)
	at org.apache.activemq.ActiveMQConnectionFactory.createActiveMQConnection(ActiveMQConnectionFactory.java:423)
	at org.apache.activemq.ActiveMQConnectionFactory.createActiveMQConnection(ActiveMQConnectionFactory.java:353)
	at org.apache.activemq.ActiveMQConnectionFactory.createConnection(ActiveMQConnectionFactory.java:245)
	at org.springframework.jms.connection.SingleConnectionFactory.doCreateConnection(SingleConnectionFactory.java:475)
	at org.springframework.jms.connection.SingleConnectionFactory.initConnection(SingleConnectionFactory.java:434)
	at org.springframework.jms.connection.SingleConnectionFactory.getConnection(SingleConnectionFactory.java:340)
	at org.springframework.jms.connection.SingleConnectionFactory.createConnection(SingleConnectionFactory.java:245)
	at org.springframework.jms.support.JmsAccessor.createConnection(JmsAccessor.java:211)
	at org.springframework.jms.listener.AbstractJmsListeningContainer.createSharedConnection(AbstractJmsListeningContainer.java:439)
	at org.springframework.jms.listener.AbstractJmsListeningContainer.refreshSharedConnection(AbstractJmsListeningContainer.java:421)
	at org.springframework.jms.listener.DefaultMessageListenerContainer.refreshConnectionUntilSuccessful(DefaultMessageListenerContainer.java:1140)
	at org.springframework.jms.listener.DefaultMessageListenerContainer.recoverAfterListenerSetupFailure(DefaultMessageListenerContainer.java:1114)
	at org.springframework.jms.listener.DefaultMessageListenerContainer$AsyncMessageListenerInvoker.run(DefaultMessageListenerContainer.java:1314)
	at java.base/java.lang.Thread.run(Thread.java:842)
Caused by: java.net.ConnectException: Connection refused: no further information
	at java.base/sun.nio.ch.Net.pollConnect(Native Method)
	at java.base/sun.nio.ch.Net.pollConnectNow(Net.java:672)
	at java.base/sun.nio.ch.NioSocketImpl.timedFinishConnect(NioSocketImpl.java:547)
	at java.base/sun.nio.ch.NioSocketImpl.connect(NioSocketImpl.java:602)
	at java.base/java.net.SocksSocketImpl.connect(SocksSocketImpl.java:327)
	at java.base/java.net.Socket.connect(Socket.java:633)
	at org.apache.activemq.transport.tcp.TcpTransport.connect(TcpTransport.java:526)
	at org.apache.activemq.transport.tcp.TcpTransport.doStart(TcpTransport.java:489)
	at org.apache.activemq.util.ServiceSupport.start(ServiceSupport.java:55)
	at org.apache.activemq.transport.AbstractInactivityMonitor.start(AbstractInactivityMonitor.java:172)
	at org.apache.activemq.transport.InactivityMonitor.start(InactivityMonitor.java:52)
	at org.apache.activemq.transport.TransportFilter.start(TransportFilter.java:64)
	at org.apache.activemq.transport.WireFormatNegotiator.start(WireFormatNegotiator.java:72)
	at org.apache.activemq.transport.TransportFilter.start(TransportFilter.java:64)
	at org.apache.activemq.transport.TransportFilter.start(TransportFilter.java:64)
	at org.apache.activemq.ActiveMQConnectionFactory.createActiveMQConnection(ActiveMQConnectionFactory.java:403)
	... 13 common frames omitted
22:19:20.991 [] ERROR o.s.j.l.DefaultMessageListenerContainer - Could not refresh JMS Connection for destination 'workload.to.core.queue' - retrying using FixedBackOff{interval=5000, currentAttempts=6, maxAttempts=unlimited}. Cause: Could not connect to broker URL: tcp://localhost:61616. Reason: java.net.ConnectException: Connection refused: no further information
jakarta.jms.JMSException: Could not connect to broker URL: tcp://localhost:61616. Reason: java.net.ConnectException: Connection refused: no further information
	at org.apache.activemq.util.JMSExceptionSupport.create(JMSExceptionSupport.java:49)
	at org.apache.activemq.ActiveMQConnectionFactory.createActiveMQConnection(ActiveMQConnectionFactory.java:423)
	at org.apache.activemq.ActiveMQConnectionFactory.createActiveMQConnection(ActiveMQConnectionFactory.java:353)
	at org.apache.activemq.ActiveMQConnectionFactory.createConnection(ActiveMQConnectionFactory.java:245)
	at org.springframework.jms.connection.SingleConnectionFactory.doCreateConnection(SingleConnectionFactory.java:475)
	at org.springframework.jms.connection.SingleConnectionFactory.initConnection(SingleConnectionFactory.java:434)
	at org.springframework.jms.connection.SingleConnectionFactory.getConnection(SingleConnectionFactory.java:340)
	at org.springframework.jms.connection.SingleConnectionFactory.createConnection(SingleConnectionFactory.java:245)
	at org.springframework.jms.support.JmsAccessor.createConnection(JmsAccessor.java:211)
	at org.springframework.jms.listener.AbstractJmsListeningContainer.createSharedConnection(AbstractJmsListeningContainer.java:439)
	at org.springframework.jms.listener.AbstractJmsListeningContainer.refreshSharedConnection(AbstractJmsListeningContainer.java:421)
	at org.springframework.jms.listener.DefaultMessageListenerContainer.refreshConnectionUntilSuccessful(DefaultMessageListenerContainer.java:1140)
	at org.springframework.jms.listener.DefaultMessageListenerContainer.recoverAfterListenerSetupFailure(DefaultMessageListenerContainer.java:1114)
	at org.springframework.jms.listener.DefaultMessageListenerContainer$AsyncMessageListenerInvoker.run(DefaultMessageListenerContainer.java:1314)
	at java.base/java.lang.Thread.run(Thread.java:842)
Caused by: java.net.ConnectException: Connection refused: no further information
	at java.base/sun.nio.ch.Net.pollConnect(Native Method)
	at java.base/sun.nio.ch.Net.pollConnectNow(Net.java:672)
	at java.base/sun.nio.ch.NioSocketImpl.timedFinishConnect(NioSocketImpl.java:547)
	at java.base/sun.nio.ch.NioSocketImpl.connect(NioSocketImpl.java:602)
	at java.base/java.net.SocksSocketImpl.connect(SocksSocketImpl.java:327)
	at java.base/java.net.Socket.connect(Socket.java:633)
	at org.apache.activemq.transport.tcp.TcpTransport.connect(TcpTransport.java:526)
	at org.apache.activemq.transport.tcp.TcpTransport.doStart(TcpTransport.java:489)
	at org.apache.activemq.util.ServiceSupport.start(ServiceSupport.java:55)
	at org.apache.activemq.transport.AbstractInactivityMonitor.start(AbstractInactivityMonitor.java:172)
	at org.apache.activemq.transport.InactivityMonitor.start(InactivityMonitor.java:52)
	at org.apache.activemq.transport.TransportFilter.start(TransportFilter.java:64)
	at org.apache.activemq.transport.WireFormatNegotiator.start(WireFormatNegotiator.java:72)
	at org.apache.activemq.transport.TransportFilter.start(TransportFilter.java:64)
	at org.apache.activemq.transport.TransportFilter.start(TransportFilter.java:64)
	at org.apache.activemq.ActiveMQConnectionFactory.createActiveMQConnection(ActiveMQConnectionFactory.java:403)
	... 13 common frames omitted
22:19:26.013 [] ERROR o.s.j.l.DefaultMessageListenerContainer - Could not refresh JMS Connection for destination 'workload.to.core.queue' - retrying using FixedBackOff{interval=5000, currentAttempts=7, maxAttempts=unlimited}. Cause: Could not connect to broker URL: tcp://localhost:61616. Reason: java.net.ConnectException: Connection refused: no further information
jakarta.jms.JMSException: Could not connect to broker URL: tcp://localhost:61616. Reason: java.net.ConnectException: Connection refused: no further information
	at org.apache.activemq.util.JMSExceptionSupport.create(JMSExceptionSupport.java:49)
	at org.apache.activemq.ActiveMQConnectionFactory.createActiveMQConnection(ActiveMQConnectionFactory.java:423)
	at org.apache.activemq.ActiveMQConnectionFactory.createActiveMQConnection(ActiveMQConnectionFactory.java:353)
	at org.apache.activemq.ActiveMQConnectionFactory.createConnection(ActiveMQConnectionFactory.java:245)
	at org.springframework.jms.connection.SingleConnectionFactory.doCreateConnection(SingleConnectionFactory.java:475)
	at org.springframework.jms.connection.SingleConnectionFactory.initConnection(SingleConnectionFactory.java:434)
	at org.springframework.jms.connection.SingleConnectionFactory.getConnection(SingleConnectionFactory.java:340)
	at org.springframework.jms.connection.SingleConnectionFactory.createConnection(SingleConnectionFactory.java:245)
	at org.springframework.jms.support.JmsAccessor.createConnection(JmsAccessor.java:211)
	at org.springframework.jms.listener.AbstractJmsListeningContainer.createSharedConnection(AbstractJmsListeningContainer.java:439)
	at org.springframework.jms.listener.AbstractJmsListeningContainer.refreshSharedConnection(AbstractJmsListeningContainer.java:421)
	at org.springframework.jms.listener.DefaultMessageListenerContainer.refreshConnectionUntilSuccessful(DefaultMessageListenerContainer.java:1140)
	at org.springframework.jms.listener.DefaultMessageListenerContainer.recoverAfterListenerSetupFailure(DefaultMessageListenerContainer.java:1114)
	at org.springframework.jms.listener.DefaultMessageListenerContainer$AsyncMessageListenerInvoker.run(DefaultMessageListenerContainer.java:1314)
	at java.base/java.lang.Thread.run(Thread.java:842)
Caused by: java.net.ConnectException: Connection refused: no further information
	at java.base/sun.nio.ch.Net.pollConnect(Native Method)
	at java.base/sun.nio.ch.Net.pollConnectNow(Net.java:672)
	at java.base/sun.nio.ch.NioSocketImpl.timedFinishConnect(NioSocketImpl.java:547)
	at java.base/sun.nio.ch.NioSocketImpl.connect(NioSocketImpl.java:602)
	at java.base/java.net.SocksSocketImpl.connect(SocksSocketImpl.java:327)
	at java.base/java.net.Socket.connect(Socket.java:633)
	at org.apache.activemq.transport.tcp.TcpTransport.connect(TcpTransport.java:526)
	at org.apache.activemq.transport.tcp.TcpTransport.doStart(TcpTransport.java:489)
	at org.apache.activemq.util.ServiceSupport.start(ServiceSupport.java:55)
	at org.apache.activemq.transport.AbstractInactivityMonitor.start(AbstractInactivityMonitor.java:172)
	at org.apache.activemq.transport.InactivityMonitor.start(InactivityMonitor.java:52)
	at org.apache.activemq.transport.TransportFilter.start(TransportFilter.java:64)
	at org.apache.activemq.transport.WireFormatNegotiator.start(WireFormatNegotiator.java:72)
	at org.apache.activemq.transport.TransportFilter.start(TransportFilter.java:64)
	at org.apache.activemq.transport.TransportFilter.start(TransportFilter.java:64)
	at org.apache.activemq.ActiveMQConnectionFactory.createActiveMQConnection(ActiveMQConnectionFactory.java:403)
	... 13 common frames omitted
22:19:51.018 [] ERROR o.s.j.l.DefaultMessageListenerContainer - Could not refresh JMS Connection for destination 'workload.to.core.queue' - retrying using FixedBackOff{interval=5000, currentAttempts=0, maxAttempts=unlimited}. Cause: Could not connect to broker URL: tcp://localhost:61616. Reason: java.net.ConnectException: Connection refused: no further information
jakarta.jms.JMSException: Could not connect to broker URL: tcp://localhost:61616. Reason: java.net.ConnectException: Connection refused: no further information
	at org.apache.activemq.util.JMSExceptionSupport.create(JMSExceptionSupport.java:49)
	at org.apache.activemq.ActiveMQConnectionFactory.createActiveMQConnection(ActiveMQConnectionFactory.java:423)
	at org.apache.activemq.ActiveMQConnectionFactory.createActiveMQConnection(ActiveMQConnectionFactory.java:353)
	at org.apache.activemq.ActiveMQConnectionFactory.createConnection(ActiveMQConnectionFactory.java:245)
	at org.springframework.jms.connection.SingleConnectionFactory.doCreateConnection(SingleConnectionFactory.java:475)
	at org.springframework.jms.connection.SingleConnectionFactory.initConnection(SingleConnectionFactory.java:434)
	at org.springframework.jms.connection.SingleConnectionFactory.getConnection(SingleConnectionFactory.java:340)
	at org.springframework.jms.connection.SingleConnectionFactory.createConnection(SingleConnectionFactory.java:245)
	at org.springframework.jms.support.JmsAccessor.createConnection(JmsAccessor.java:211)
	at org.springframework.jms.listener.AbstractJmsListeningContainer.createSharedConnection(AbstractJmsListeningContainer.java:439)
	at org.springframework.jms.listener.AbstractJmsListeningContainer.refreshSharedConnection(AbstractJmsListeningContainer.java:421)
	at org.springframework.jms.listener.DefaultMessageListenerContainer.refreshConnectionUntilSuccessful(DefaultMessageListenerContainer.java:1140)
	at org.springframework.jms.listener.DefaultMessageListenerContainer.recoverAfterListenerSetupFailure(DefaultMessageListenerContainer.java:1114)
	at org.springframework.jms.listener.DefaultMessageListenerContainer$AsyncMessageListenerInvoker.run(DefaultMessageListenerContainer.java:1314)
	at java.base/java.lang.Thread.run(Thread.java:842)
Caused by: java.net.ConnectException: Connection refused: no further information
	at java.base/sun.nio.ch.Net.pollConnect(Native Method)
	at java.base/sun.nio.ch.Net.pollConnectNow(Net.java:672)
	at java.base/sun.nio.ch.NioSocketImpl.timedFinishConnect(NioSocketImpl.java:547)
	at java.base/sun.nio.ch.NioSocketImpl.connect(NioSocketImpl.java:602)
	at java.base/java.net.SocksSocketImpl.connect(SocksSocketImpl.java:327)
	at java.base/java.net.Socket.connect(Socket.java:633)
	at org.apache.activemq.transport.tcp.TcpTransport.connect(TcpTransport.java:526)
	at org.apache.activemq.transport.tcp.TcpTransport.doStart(TcpTransport.java:489)
	at org.apache.activemq.util.ServiceSupport.start(ServiceSupport.java:55)
	at org.apache.activemq.transport.AbstractInactivityMonitor.start(AbstractInactivityMonitor.java:172)
	at org.apache.activemq.transport.InactivityMonitor.start(InactivityMonitor.java:52)
	at org.apache.activemq.transport.TransportFilter.start(TransportFilter.java:64)
	at org.apache.activemq.transport.WireFormatNegotiator.start(WireFormatNegotiator.java:72)
	at org.apache.activemq.transport.TransportFilter.start(TransportFilter.java:64)
	at org.apache.activemq.transport.TransportFilter.start(TransportFilter.java:64)
	at org.apache.activemq.ActiveMQConnectionFactory.createActiveMQConnection(ActiveMQConnectionFactory.java:403)
	... 13 common frames omitted
22:19:56.038 [] ERROR o.s.j.l.DefaultMessageListenerContainer - Could not refresh JMS Connection for destination 'workload.to.core.queue' - retrying using FixedBackOff{interval=5000, currentAttempts=1, maxAttempts=unlimited}. Cause: Could not connect to broker URL: tcp://localhost:61616. Reason: java.net.ConnectException: Connection refused: no further information
jakarta.jms.JMSException: Could not connect to broker URL: tcp://localhost:61616. Reason: java.net.ConnectException: Connection refused: no further information
	at org.apache.activemq.util.JMSExceptionSupport.create(JMSExceptionSupport.java:49)
	at org.apache.activemq.ActiveMQConnectionFactory.createActiveMQConnection(ActiveMQConnectionFactory.java:423)
	at org.apache.activemq.ActiveMQConnectionFactory.createActiveMQConnection(ActiveMQConnectionFactory.java:353)
	at org.apache.activemq.ActiveMQConnectionFactory.createConnection(ActiveMQConnectionFactory.java:245)
	at org.springframework.jms.connection.SingleConnectionFactory.doCreateConnection(SingleConnectionFactory.java:475)
	at org.springframework.jms.connection.SingleConnectionFactory.initConnection(SingleConnectionFactory.java:434)
	at org.springframework.jms.connection.SingleConnectionFactory.getConnection(SingleConnectionFactory.java:340)
	at org.springframework.jms.connection.SingleConnectionFactory.createConnection(SingleConnectionFactory.java:245)
	at org.springframework.jms.support.JmsAccessor.createConnection(JmsAccessor.java:211)
	at org.springframework.jms.listener.AbstractJmsListeningContainer.createSharedConnection(AbstractJmsListeningContainer.java:439)
	at org.springframework.jms.listener.AbstractJmsListeningContainer.refreshSharedConnection(AbstractJmsListeningContainer.java:421)
	at org.springframework.jms.listener.DefaultMessageListenerContainer.refreshConnectionUntilSuccessful(DefaultMessageListenerContainer.java:1140)
	at org.springframework.jms.listener.DefaultMessageListenerContainer.recoverAfterListenerSetupFailure(DefaultMessageListenerContainer.java:1114)
	at org.springframework.jms.listener.DefaultMessageListenerContainer$AsyncMessageListenerInvoker.run(DefaultMessageListenerContainer.java:1314)
	at java.base/java.lang.Thread.run(Thread.java:842)
Caused by: java.net.ConnectException: Connection refused: no further information
	at java.base/sun.nio.ch.Net.pollConnect(Native Method)
	at java.base/sun.nio.ch.Net.pollConnectNow(Net.java:672)
	at java.base/sun.nio.ch.NioSocketImpl.timedFinishConnect(NioSocketImpl.java:547)
	at java.base/sun.nio.ch.NioSocketImpl.connect(NioSocketImpl.java:602)
	at java.base/java.net.SocksSocketImpl.connect(SocksSocketImpl.java:327)
	at java.base/java.net.Socket.connect(Socket.java:633)
	at org.apache.activemq.transport.tcp.TcpTransport.connect(TcpTransport.java:526)
	at org.apache.activemq.transport.tcp.TcpTransport.doStart(TcpTransport.java:489)
	at org.apache.activemq.util.ServiceSupport.start(ServiceSupport.java:55)
	at org.apache.activemq.transport.AbstractInactivityMonitor.start(AbstractInactivityMonitor.java:172)
	at org.apache.activemq.transport.InactivityMonitor.start(InactivityMonitor.java:52)
	at org.apache.activemq.transport.TransportFilter.start(TransportFilter.java:64)
	at org.apache.activemq.transport.WireFormatNegotiator.start(WireFormatNegotiator.java:72)
	at org.apache.activemq.transport.TransportFilter.start(TransportFilter.java:64)
	at org.apache.activemq.transport.TransportFilter.start(TransportFilter.java:64)
	at org.apache.activemq.ActiveMQConnectionFactory.createActiveMQConnection(ActiveMQConnectionFactory.java:403)
	... 13 common frames omitted
22:20:01.062 [] ERROR o.s.j.l.DefaultMessageListenerContainer - Could not refresh JMS Connection for destination 'workload.to.core.queue' - retrying using FixedBackOff{interval=5000, currentAttempts=2, maxAttempts=unlimited}. Cause: Could not connect to broker URL: tcp://localhost:61616. Reason: java.net.ConnectException: Connection refused: no further information
jakarta.jms.JMSException: Could not connect to broker URL: tcp://localhost:61616. Reason: java.net.ConnectException: Connection refused: no further information
	at org.apache.activemq.util.JMSExceptionSupport.create(JMSExceptionSupport.java:49)
	at org.apache.activemq.ActiveMQConnectionFactory.createActiveMQConnection(ActiveMQConnectionFactory.java:423)
	at org.apache.activemq.ActiveMQConnectionFactory.createActiveMQConnection(ActiveMQConnectionFactory.java:353)
	at org.apache.activemq.ActiveMQConnectionFactory.createConnection(ActiveMQConnectionFactory.java:245)
	at org.springframework.jms.connection.SingleConnectionFactory.doCreateConnection(SingleConnectionFactory.java:475)
	at org.springframework.jms.connection.SingleConnectionFactory.initConnection(SingleConnectionFactory.java:434)
	at org.springframework.jms.connection.SingleConnectionFactory.getConnection(SingleConnectionFactory.java:340)
	at org.springframework.jms.connection.SingleConnectionFactory.createConnection(SingleConnectionFactory.java:245)
	at org.springframework.jms.support.JmsAccessor.createConnection(JmsAccessor.java:211)
	at org.springframework.jms.listener.AbstractJmsListeningContainer.createSharedConnection(AbstractJmsListeningContainer.java:439)
	at org.springframework.jms.listener.AbstractJmsListeningContainer.refreshSharedConnection(AbstractJmsListeningContainer.java:421)
	at org.springframework.jms.listener.DefaultMessageListenerContainer.refreshConnectionUntilSuccessful(DefaultMessageListenerContainer.java:1140)
	at org.springframework.jms.listener.DefaultMessageListenerContainer.recoverAfterListenerSetupFailure(DefaultMessageListenerContainer.java:1114)
	at org.springframework.jms.listener.DefaultMessageListenerContainer$AsyncMessageListenerInvoker.run(DefaultMessageListenerContainer.java:1314)
	at java.base/java.lang.Thread.run(Thread.java:842)
Caused by: java.net.ConnectException: Connection refused: no further information
	at java.base/sun.nio.ch.Net.pollConnect(Native Method)
	at java.base/sun.nio.ch.Net.pollConnectNow(Net.java:672)
	at java.base/sun.nio.ch.NioSocketImpl.timedFinishConnect(NioSocketImpl.java:547)
	at java.base/sun.nio.ch.NioSocketImpl.connect(NioSocketImpl.java:602)
	at java.base/java.net.SocksSocketImpl.connect(SocksSocketImpl.java:327)
	at java.base/java.net.Socket.connect(Socket.java:633)
	at org.apache.activemq.transport.tcp.TcpTransport.connect(TcpTransport.java:526)
	at org.apache.activemq.transport.tcp.TcpTransport.doStart(TcpTransport.java:489)
	at org.apache.activemq.util.ServiceSupport.start(ServiceSupport.java:55)
	at org.apache.activemq.transport.AbstractInactivityMonitor.start(AbstractInactivityMonitor.java:172)
	at org.apache.activemq.transport.InactivityMonitor.start(InactivityMonitor.java:52)
	at org.apache.activemq.transport.TransportFilter.start(TransportFilter.java:64)
	at org.apache.activemq.transport.WireFormatNegotiator.start(WireFormatNegotiator.java:72)
	at org.apache.activemq.transport.TransportFilter.start(TransportFilter.java:64)
	at org.apache.activemq.transport.TransportFilter.start(TransportFilter.java:64)
	at org.apache.activemq.ActiveMQConnectionFactory.createActiveMQConnection(ActiveMQConnectionFactory.java:403)
	... 13 common frames omitted
22:20:06.083 [] ERROR o.s.j.l.DefaultMessageListenerContainer - Could not refresh JMS Connection for destination 'workload.to.core.queue' - retrying using FixedBackOff{interval=5000, currentAttempts=3, maxAttempts=unlimited}. Cause: Could not connect to broker URL: tcp://localhost:61616. Reason: java.net.ConnectException: Connection refused: no further information
jakarta.jms.JMSException: Could not connect to broker URL: tcp://localhost:61616. Reason: java.net.ConnectException: Connection refused: no further information
	at org.apache.activemq.util.JMSExceptionSupport.create(JMSExceptionSupport.java:49)
	at org.apache.activemq.ActiveMQConnectionFactory.createActiveMQConnection(ActiveMQConnectionFactory.java:423)
	at org.apache.activemq.ActiveMQConnectionFactory.createActiveMQConnection(ActiveMQConnectionFactory.java:353)
	at org.apache.activemq.ActiveMQConnectionFactory.createConnection(ActiveMQConnectionFactory.java:245)
	at org.springframework.jms.connection.SingleConnectionFactory.doCreateConnection(SingleConnectionFactory.java:475)
	at org.springframework.jms.connection.SingleConnectionFactory.initConnection(SingleConnectionFactory.java:434)
	at org.springframework.jms.connection.SingleConnectionFactory.getConnection(SingleConnectionFactory.java:340)
	at org.springframework.jms.connection.SingleConnectionFactory.createConnection(SingleConnectionFactory.java:245)
	at org.springframework.jms.support.JmsAccessor.createConnection(JmsAccessor.java:211)
	at org.springframework.jms.listener.AbstractJmsListeningContainer.createSharedConnection(AbstractJmsListeningContainer.java:439)
	at org.springframework.jms.listener.AbstractJmsListeningContainer.refreshSharedConnection(AbstractJmsListeningContainer.java:421)
	at org.springframework.jms.listener.DefaultMessageListenerContainer.refreshConnectionUntilSuccessful(DefaultMessageListenerContainer.java:1140)
	at org.springframework.jms.listener.DefaultMessageListenerContainer.recoverAfterListenerSetupFailure(DefaultMessageListenerContainer.java:1114)
	at org.springframework.jms.listener.DefaultMessageListenerContainer$AsyncMessageListenerInvoker.run(DefaultMessageListenerContainer.java:1314)
	at java.base/java.lang.Thread.run(Thread.java:842)
Caused by: java.net.ConnectException: Connection refused: no further information
	at java.base/sun.nio.ch.Net.pollConnect(Native Method)
	at java.base/sun.nio.ch.Net.pollConnectNow(Net.java:672)
	at java.base/sun.nio.ch.NioSocketImpl.timedFinishConnect(NioSocketImpl.java:547)
	at java.base/sun.nio.ch.NioSocketImpl.connect(NioSocketImpl.java:602)
	at java.base/java.net.SocksSocketImpl.connect(SocksSocketImpl.java:327)
	at java.base/java.net.Socket.connect(Socket.java:633)
	at org.apache.activemq.transport.tcp.TcpTransport.connect(TcpTransport.java:526)
	at org.apache.activemq.transport.tcp.TcpTransport.doStart(TcpTransport.java:489)
	at org.apache.activemq.util.ServiceSupport.start(ServiceSupport.java:55)
	at org.apache.activemq.transport.AbstractInactivityMonitor.start(AbstractInactivityMonitor.java:172)
	at org.apache.activemq.transport.InactivityMonitor.start(InactivityMonitor.java:52)
	at org.apache.activemq.transport.TransportFilter.start(TransportFilter.java:64)
	at org.apache.activemq.transport.WireFormatNegotiator.start(WireFormatNegotiator.java:72)
	at org.apache.activemq.transport.TransportFilter.start(TransportFilter.java:64)
	at org.apache.activemq.transport.TransportFilter.start(TransportFilter.java:64)
	at org.apache.activemq.ActiveMQConnectionFactory.createActiveMQConnection(ActiveMQConnectionFactory.java:403)
	... 13 common frames omitted
22:20:11.108 [] ERROR o.s.j.l.DefaultMessageListenerContainer - Could not refresh JMS Connection for destination 'workload.to.core.queue' - retrying using FixedBackOff{interval=5000, currentAttempts=4, maxAttempts=unlimited}. Cause: Could not connect to broker URL: tcp://localhost:61616. Reason: java.net.ConnectException: Connection refused: no further information
jakarta.jms.JMSException: Could not connect to broker URL: tcp://localhost:61616. Reason: java.net.ConnectException: Connection refused: no further information
	at org.apache.activemq.util.JMSExceptionSupport.create(JMSExceptionSupport.java:49)
	at org.apache.activemq.ActiveMQConnectionFactory.createActiveMQConnection(ActiveMQConnectionFactory.java:423)
	at org.apache.activemq.ActiveMQConnectionFactory.createActiveMQConnection(ActiveMQConnectionFactory.java:353)
	at org.apache.activemq.ActiveMQConnectionFactory.createConnection(ActiveMQConnectionFactory.java:245)
	at org.springframework.jms.connection.SingleConnectionFactory.doCreateConnection(SingleConnectionFactory.java:475)
	at org.springframework.jms.connection.SingleConnectionFactory.initConnection(SingleConnectionFactory.java:434)
	at org.springframework.jms.connection.SingleConnectionFactory.getConnection(SingleConnectionFactory.java:340)
	at org.springframework.jms.connection.SingleConnectionFactory.createConnection(SingleConnectionFactory.java:245)
	at org.springframework.jms.support.JmsAccessor.createConnection(JmsAccessor.java:211)
	at org.springframework.jms.listener.AbstractJmsListeningContainer.createSharedConnection(AbstractJmsListeningContainer.java:439)
	at org.springframework.jms.listener.AbstractJmsListeningContainer.refreshSharedConnection(AbstractJmsListeningContainer.java:421)
	at org.springframework.jms.listener.DefaultMessageListenerContainer.refreshConnectionUntilSuccessful(DefaultMessageListenerContainer.java:1140)
	at org.springframework.jms.listener.DefaultMessageListenerContainer.recoverAfterListenerSetupFailure(DefaultMessageListenerContainer.java:1114)
	at org.springframework.jms.listener.DefaultMessageListenerContainer$AsyncMessageListenerInvoker.run(DefaultMessageListenerContainer.java:1314)
	at java.base/java.lang.Thread.run(Thread.java:842)
Caused by: java.net.ConnectException: Connection refused: no further information
	at java.base/sun.nio.ch.Net.pollConnect(Native Method)
	at java.base/sun.nio.ch.Net.pollConnectNow(Net.java:672)
	at java.base/sun.nio.ch.NioSocketImpl.timedFinishConnect(NioSocketImpl.java:547)
	at java.base/sun.nio.ch.NioSocketImpl.connect(NioSocketImpl.java:602)
	at java.base/java.net.SocksSocketImpl.connect(SocksSocketImpl.java:327)
	at java.base/java.net.Socket.connect(Socket.java:633)
	at org.apache.activemq.transport.tcp.TcpTransport.connect(TcpTransport.java:526)
	at org.apache.activemq.transport.tcp.TcpTransport.doStart(TcpTransport.java:489)
	at org.apache.activemq.util.ServiceSupport.start(ServiceSupport.java:55)
	at org.apache.activemq.transport.AbstractInactivityMonitor.start(AbstractInactivityMonitor.java:172)
	at org.apache.activemq.transport.InactivityMonitor.start(InactivityMonitor.java:52)
	at org.apache.activemq.transport.TransportFilter.start(TransportFilter.java:64)
	at org.apache.activemq.transport.WireFormatNegotiator.start(WireFormatNegotiator.java:72)
	at org.apache.activemq.transport.TransportFilter.start(TransportFilter.java:64)
	at org.apache.activemq.transport.TransportFilter.start(TransportFilter.java:64)
	at org.apache.activemq.ActiveMQConnectionFactory.createActiveMQConnection(ActiveMQConnectionFactory.java:403)
	... 13 common frames omitted
22:20:16.125 [] ERROR o.s.j.l.DefaultMessageListenerContainer - Could not refresh JMS Connection for destination 'workload.to.core.queue' - retrying using FixedBackOff{interval=5000, currentAttempts=5, maxAttempts=unlimited}. Cause: Could not connect to broker URL: tcp://localhost:61616. Reason: java.net.ConnectException: Connection refused: no further information
jakarta.jms.JMSException: Could not connect to broker URL: tcp://localhost:61616. Reason: java.net.ConnectException: Connection refused: no further information
	at org.apache.activemq.util.JMSExceptionSupport.create(JMSExceptionSupport.java:49)
	at org.apache.activemq.ActiveMQConnectionFactory.createActiveMQConnection(ActiveMQConnectionFactory.java:423)
	at org.apache.activemq.ActiveMQConnectionFactory.createActiveMQConnection(ActiveMQConnectionFactory.java:353)
	at org.apache.activemq.ActiveMQConnectionFactory.createConnection(ActiveMQConnectionFactory.java:245)
	at org.springframework.jms.connection.SingleConnectionFactory.doCreateConnection(SingleConnectionFactory.java:475)
	at org.springframework.jms.connection.SingleConnectionFactory.initConnection(SingleConnectionFactory.java:434)
	at org.springframework.jms.connection.SingleConnectionFactory.getConnection(SingleConnectionFactory.java:340)
	at org.springframework.jms.connection.SingleConnectionFactory.createConnection(SingleConnectionFactory.java:245)
	at org.springframework.jms.support.JmsAccessor.createConnection(JmsAccessor.java:211)
	at org.springframework.jms.listener.AbstractJmsListeningContainer.createSharedConnection(AbstractJmsListeningContainer.java:439)
	at org.springframework.jms.listener.AbstractJmsListeningContainer.refreshSharedConnection(AbstractJmsListeningContainer.java:421)
	at org.springframework.jms.listener.DefaultMessageListenerContainer.refreshConnectionUntilSuccessful(DefaultMessageListenerContainer.java:1140)
	at org.springframework.jms.listener.DefaultMessageListenerContainer.recoverAfterListenerSetupFailure(DefaultMessageListenerContainer.java:1114)
	at org.springframework.jms.listener.DefaultMessageListenerContainer$AsyncMessageListenerInvoker.run(DefaultMessageListenerContainer.java:1314)
	at java.base/java.lang.Thread.run(Thread.java:842)
Caused by: java.net.ConnectException: Connection refused: no further information
	at java.base/sun.nio.ch.Net.pollConnect(Native Method)
	at java.base/sun.nio.ch.Net.pollConnectNow(Net.java:672)
	at java.base/sun.nio.ch.NioSocketImpl.timedFinishConnect(NioSocketImpl.java:547)
	at java.base/sun.nio.ch.NioSocketImpl.connect(NioSocketImpl.java:602)
	at java.base/java.net.SocksSocketImpl.connect(SocksSocketImpl.java:327)
	at java.base/java.net.Socket.connect(Socket.java:633)
	at org.apache.activemq.transport.tcp.TcpTransport.connect(TcpTransport.java:526)
	at org.apache.activemq.transport.tcp.TcpTransport.doStart(TcpTransport.java:489)
	at org.apache.activemq.util.ServiceSupport.start(ServiceSupport.java:55)
	at org.apache.activemq.transport.AbstractInactivityMonitor.start(AbstractInactivityMonitor.java:172)
	at org.apache.activemq.transport.InactivityMonitor.start(InactivityMonitor.java:52)
	at org.apache.activemq.transport.TransportFilter.start(TransportFilter.java:64)
	at org.apache.activemq.transport.WireFormatNegotiator.start(WireFormatNegotiator.java:72)
	at org.apache.activemq.transport.TransportFilter.start(TransportFilter.java:64)
	at org.apache.activemq.transport.TransportFilter.start(TransportFilter.java:64)
	at org.apache.activemq.ActiveMQConnectionFactory.createActiveMQConnection(ActiveMQConnectionFactory.java:403)
	... 13 common frames omitted
22:20:21.141 [] ERROR o.s.j.l.DefaultMessageListenerContainer - Could not refresh JMS Connection for destination 'workload.to.core.queue' - retrying using FixedBackOff{interval=5000, currentAttempts=6, maxAttempts=unlimited}. Cause: Could not connect to broker URL: tcp://localhost:61616. Reason: java.net.ConnectException: Connection refused: no further information
jakarta.jms.JMSException: Could not connect to broker URL: tcp://localhost:61616. Reason: java.net.ConnectException: Connection refused: no further information
	at org.apache.activemq.util.JMSExceptionSupport.create(JMSExceptionSupport.java:49)
	at org.apache.activemq.ActiveMQConnectionFactory.createActiveMQConnection(ActiveMQConnectionFactory.java:423)
	at org.apache.activemq.ActiveMQConnectionFactory.createActiveMQConnection(ActiveMQConnectionFactory.java:353)
	at org.apache.activemq.ActiveMQConnectionFactory.createConnection(ActiveMQConnectionFactory.java:245)
	at org.springframework.jms.connection.SingleConnectionFactory.doCreateConnection(SingleConnectionFactory.java:475)
	at org.springframework.jms.connection.SingleConnectionFactory.initConnection(SingleConnectionFactory.java:434)
	at org.springframework.jms.connection.SingleConnectionFactory.getConnection(SingleConnectionFactory.java:340)
	at org.springframework.jms.connection.SingleConnectionFactory.createConnection(SingleConnectionFactory.java:245)
	at org.springframework.jms.support.JmsAccessor.createConnection(JmsAccessor.java:211)
	at org.springframework.jms.listener.AbstractJmsListeningContainer.createSharedConnection(AbstractJmsListeningContainer.java:439)
	at org.springframework.jms.listener.AbstractJmsListeningContainer.refreshSharedConnection(AbstractJmsListeningContainer.java:421)
	at org.springframework.jms.listener.DefaultMessageListenerContainer.refreshConnectionUntilSuccessful(DefaultMessageListenerContainer.java:1140)
	at org.springframework.jms.listener.DefaultMessageListenerContainer.recoverAfterListenerSetupFailure(DefaultMessageListenerContainer.java:1114)
	at org.springframework.jms.listener.DefaultMessageListenerContainer$AsyncMessageListenerInvoker.run(DefaultMessageListenerContainer.java:1314)
	at java.base/java.lang.Thread.run(Thread.java:842)
Caused by: java.net.ConnectException: Connection refused: no further information
	at java.base/sun.nio.ch.Net.pollConnect(Native Method)
	at java.base/sun.nio.ch.Net.pollConnectNow(Net.java:672)
	at java.base/sun.nio.ch.NioSocketImpl.timedFinishConnect(NioSocketImpl.java:547)
	at java.base/sun.nio.ch.NioSocketImpl.connect(NioSocketImpl.java:602)
	at java.base/java.net.SocksSocketImpl.connect(SocksSocketImpl.java:327)
	at java.base/java.net.Socket.connect(Socket.java:633)
	at org.apache.activemq.transport.tcp.TcpTransport.connect(TcpTransport.java:526)
	at org.apache.activemq.transport.tcp.TcpTransport.doStart(TcpTransport.java:489)
	at org.apache.activemq.util.ServiceSupport.start(ServiceSupport.java:55)
	at org.apache.activemq.transport.AbstractInactivityMonitor.start(AbstractInactivityMonitor.java:172)
	at org.apache.activemq.transport.InactivityMonitor.start(InactivityMonitor.java:52)
	at org.apache.activemq.transport.TransportFilter.start(TransportFilter.java:64)
	at org.apache.activemq.transport.WireFormatNegotiator.start(WireFormatNegotiator.java:72)
	at org.apache.activemq.transport.TransportFilter.start(TransportFilter.java:64)
	at org.apache.activemq.transport.TransportFilter.start(TransportFilter.java:64)
	at org.apache.activemq.ActiveMQConnectionFactory.createActiveMQConnection(ActiveMQConnectionFactory.java:403)
	... 13 common frames omitted
22:20:26.165 [] ERROR o.s.j.l.DefaultMessageListenerContainer - Could not refresh JMS Connection for destination 'workload.to.core.queue' - retrying using FixedBackOff{interval=5000, currentAttempts=7, maxAttempts=unlimited}. Cause: Could not connect to broker URL: tcp://localhost:61616. Reason: java.net.ConnectException: Connection refused: no further information
jakarta.jms.JMSException: Could not connect to broker URL: tcp://localhost:61616. Reason: java.net.ConnectException: Connection refused: no further information
	at org.apache.activemq.util.JMSExceptionSupport.create(JMSExceptionSupport.java:49)
	at org.apache.activemq.ActiveMQConnectionFactory.createActiveMQConnection(ActiveMQConnectionFactory.java:423)
	at org.apache.activemq.ActiveMQConnectionFactory.createActiveMQConnection(ActiveMQConnectionFactory.java:353)
	at org.apache.activemq.ActiveMQConnectionFactory.createConnection(ActiveMQConnectionFactory.java:245)
	at org.springframework.jms.connection.SingleConnectionFactory.doCreateConnection(SingleConnectionFactory.java:475)
	at org.springframework.jms.connection.SingleConnectionFactory.initConnection(SingleConnectionFactory.java:434)
	at org.springframework.jms.connection.SingleConnectionFactory.getConnection(SingleConnectionFactory.java:340)
	at org.springframework.jms.connection.SingleConnectionFactory.createConnection(SingleConnectionFactory.java:245)
	at org.springframework.jms.support.JmsAccessor.createConnection(JmsAccessor.java:211)
	at org.springframework.jms.listener.AbstractJmsListeningContainer.createSharedConnection(AbstractJmsListeningContainer.java:439)
	at org.springframework.jms.listener.AbstractJmsListeningContainer.refreshSharedConnection(AbstractJmsListeningContainer.java:421)
	at org.springframework.jms.listener.DefaultMessageListenerContainer.refreshConnectionUntilSuccessful(DefaultMessageListenerContainer.java:1140)
	at org.springframework.jms.listener.DefaultMessageListenerContainer.recoverAfterListenerSetupFailure(DefaultMessageListenerContainer.java:1114)
	at org.springframework.jms.listener.DefaultMessageListenerContainer$AsyncMessageListenerInvoker.run(DefaultMessageListenerContainer.java:1314)
	at java.base/java.lang.Thread.run(Thread.java:842)
Caused by: java.net.ConnectException: Connection refused: no further information
	at java.base/sun.nio.ch.Net.pollConnect(Native Method)
	at java.base/sun.nio.ch.Net.pollConnectNow(Net.java:672)
	at java.base/sun.nio.ch.NioSocketImpl.timedFinishConnect(NioSocketImpl.java:547)
	at java.base/sun.nio.ch.NioSocketImpl.connect(NioSocketImpl.java:602)
	at java.base/java.net.SocksSocketImpl.connect(SocksSocketImpl.java:327)
	at java.base/java.net.Socket.connect(Socket.java:633)
	at org.apache.activemq.transport.tcp.TcpTransport.connect(TcpTransport.java:526)
	at org.apache.activemq.transport.tcp.TcpTransport.doStart(TcpTransport.java:489)
	at org.apache.activemq.util.ServiceSupport.start(ServiceSupport.java:55)
	at org.apache.activemq.transport.AbstractInactivityMonitor.start(AbstractInactivityMonitor.java:172)
	at org.apache.activemq.transport.InactivityMonitor.start(InactivityMonitor.java:52)
	at org.apache.activemq.transport.TransportFilter.start(TransportFilter.java:64)
	at org.apache.activemq.transport.WireFormatNegotiator.start(WireFormatNegotiator.java:72)
	at org.apache.activemq.transport.TransportFilter.start(TransportFilter.java:64)
	at org.apache.activemq.transport.TransportFilter.start(TransportFilter.java:64)
	at org.apache.activemq.ActiveMQConnectionFactory.createActiveMQConnection(ActiveMQConnectionFactory.java:403)
	... 13 common frames omitted
22:20:30.091 [] ERROR c.n.d.DiscoveryClient - DiscoveryClient_GYM-CRM-CORE/gym-crm-core - de-registration failedCannot execute request on any known server
com.netflix.discovery.shared.transport.TransportException: Cannot execute request on any known server
	at com.netflix.discovery.shared.transport.decorator.RetryableEurekaHttpClient.execute(RetryableEurekaHttpClient.java:112)
	at com.netflix.discovery.shared.transport.decorator.EurekaHttpClientDecorator.cancel(EurekaHttpClientDecorator.java:71)
	at com.netflix.discovery.shared.transport.decorator.EurekaHttpClientDecorator$2.execute(EurekaHttpClientDecorator.java:74)
	at com.netflix.discovery.shared.transport.decorator.SessionedEurekaHttpClient.execute(SessionedEurekaHttpClient.java:76)
	at com.netflix.discovery.shared.transport.decorator.EurekaHttpClientDecorator.cancel(EurekaHttpClientDecorator.java:71)
	at com.netflix.discovery.DiscoveryClient.unregister(DiscoveryClient.java:919)
	at com.netflix.discovery.DiscoveryClient.shutdown(DiscoveryClient.java:900)
	at java.base/jdk.internal.reflect.NativeMethodAccessorImpl.invoke0(Native Method)
	at java.base/jdk.internal.reflect.NativeMethodAccessorImpl.invoke(NativeMethodAccessorImpl.java:77)
	at java.base/jdk.internal.reflect.DelegatingMethodAccessorImpl.invoke(DelegatingMethodAccessorImpl.java:43)
	at java.base/java.lang.reflect.Method.invoke(Method.java:568)
	at org.springframework.beans.factory.annotation.InitDestroyAnnotationBeanPostProcessor$LifecycleMethod.invoke(InitDestroyAnnotationBeanPostProcessor.java:457)
	at org.springframework.beans.factory.annotation.InitDestroyAnnotationBeanPostProcessor$LifecycleMetadata.invokeDestroyMethods(InitDestroyAnnotationBeanPostProcessor.java:415)
	at org.springframework.beans.factory.annotation.InitDestroyAnnotationBeanPostProcessor.postProcessBeforeDestruction(InitDestroyAnnotationBeanPostProcessor.java:239)
	at org.springframework.beans.factory.support.DisposableBeanAdapter.destroy(DisposableBeanAdapter.java:202)
	at org.springframework.beans.factory.support.DisposableBeanAdapter.run(DisposableBeanAdapter.java:195)
	at org.springframework.cloud.context.scope.GenericScope$BeanLifecycleWrapper.destroy(GenericScope.java:387)
	at org.springframework.cloud.context.scope.GenericScope.destroy(GenericScope.java:134)
	at org.springframework.beans.factory.support.DisposableBeanAdapter.destroy(DisposableBeanAdapter.java:211)
	at org.springframework.beans.factory.support.DefaultSingletonBeanRegistry.destroyBean(DefaultSingletonBeanRegistry.java:796)
	at org.springframework.beans.factory.support.DefaultSingletonBeanRegistry.destroySingleton(DefaultSingletonBeanRegistry.java:746)
	at org.springframework.beans.factory.support.DefaultListableBeanFactory.destroySingleton(DefaultListableBeanFactory.java:1473)
	at org.springframework.beans.factory.support.DefaultSingletonBeanRegistry.destroySingletons(DefaultSingletonBeanRegistry.java:705)
	at org.springframework.beans.factory.support.DefaultListableBeanFactory.destroySingletons(DefaultListableBeanFactory.java:1466)
	at org.springframework.context.support.AbstractApplicationContext.destroyBeans(AbstractApplicationContext.java:1219)
	at org.springframework.context.support.AbstractApplicationContext.doClose(AbstractApplicationContext.java:1180)
	at org.springframework.boot.web.servlet.context.ServletWebServerApplicationContext.doClose(ServletWebServerApplicationContext.java:179)
	at org.springframework.context.support.AbstractApplicationContext.close(AbstractApplicationContext.java:1126)
	at org.springframework.boot.SpringApplicationShutdownHook.closeAndWait(SpringApplicationShutdownHook.java:147)
	at java.base/java.lang.Iterable.forEach(Iterable.java:75)
	at org.springframework.boot.SpringApplicationShutdownHook.run(SpringApplicationShutdownHook.java:116)
	at java.base/java.lang.Thread.run(Thread.java:842)
22:21:04.614 [] ERROR o.s.b.w.e.t.TomcatStarter - Error starting Tomcat context. Exception: org.springframework.beans.factory.UnsatisfiedDependencyException. Message: Error creating bean with name 'jwtAuthenticationFilter' defined in file [D:\PROJECTS\gym-crm-platform\gym-crm-core\target\classes\com\gym\crm\core\security\jwt\JwtAuthenticationFilter.class]: Unsatisfied dependency expressed through constructor parameter 1: Error creating bean with name 'authenticatedUserServiceImpl' defined in file [D:\PROJECTS\gym-crm-platform\gym-crm-core\target\classes\com\gym\crm\core\security\service\impl\AuthenticatedUserServiceImpl.class]: Unsatisfied dependency expressed through constructor parameter 0: Error creating bean with name 'userRepository' defined in com.gym.crm.core.repository.UserRepository defined in @EnableJpaRepositories declared on JpaRepositoriesRegistrar.EnableJpaRepositoriesConfiguration: Cannot resolve reference to bean 'jpaSharedEM_entityManagerFactory' while setting bean property 'entityManager'
22:21:04.648 [] ERROR o.s.b.SpringApplication - Application run failed
org.springframework.context.ApplicationContextException: Unable to start web server
	at org.springframework.boot.web.servlet.context.ServletWebServerApplicationContext.onRefresh(ServletWebServerApplicationContext.java:170)
	at org.springframework.context.support.AbstractApplicationContext.refresh(AbstractApplicationContext.java:621)
	at org.springframework.boot.web.servlet.context.ServletWebServerApplicationContext.refresh(ServletWebServerApplicationContext.java:146)
	at org.springframework.boot.SpringApplication.refresh(SpringApplication.java:753)
	at org.springframework.boot.SpringApplication.refreshContext(SpringApplication.java:439)
	at org.springframework.boot.SpringApplication.run(SpringApplication.java:318)
	at org.springframework.boot.SpringApplication.run(SpringApplication.java:1362)
	at org.springframework.boot.SpringApplication.run(SpringApplication.java:1351)
	at com.gym.crm.core.GymCrmCoreApplication.main(GymCrmCoreApplication.java:13)
Caused by: org.springframework.boot.web.server.WebServerException: Unable to start embedded Tomcat
	at org.springframework.boot.web.embedded.tomcat.TomcatWebServer.initialize(TomcatWebServer.java:147)
	at org.springframework.boot.web.embedded.tomcat.TomcatWebServer.<init>(TomcatWebServer.java:107)
	at org.springframework.boot.web.embedded.tomcat.TomcatServletWebServerFactory.getTomcatWebServer(TomcatServletWebServerFactory.java:517)
	at org.springframework.boot.web.embedded.tomcat.TomcatServletWebServerFactory.getWebServer(TomcatServletWebServerFactory.java:219)
	at org.springframework.boot.web.servlet.context.ServletWebServerApplicationContext.createWebServer(ServletWebServerApplicationContext.java:193)
	at org.springframework.boot.web.servlet.context.ServletWebServerApplicationContext.onRefresh(ServletWebServerApplicationContext.java:167)
	... 8 common frames omitted
Caused by: org.springframework.beans.factory.UnsatisfiedDependencyException: Error creating bean with name 'jwtAuthenticationFilter' defined in file [D:\PROJECTS\gym-crm-platform\gym-crm-core\target\classes\com\gym\crm\core\security\jwt\JwtAuthenticationFilter.class]: Unsatisfied dependency expressed through constructor parameter 1: Error creating bean with name 'authenticatedUserServiceImpl' defined in file [D:\PROJECTS\gym-crm-platform\gym-crm-core\target\classes\com\gym\crm\core\security\service\impl\AuthenticatedUserServiceImpl.class]: Unsatisfied dependency expressed through constructor parameter 0: Error creating bean with name 'userRepository' defined in com.gym.crm.core.repository.UserRepository defined in @EnableJpaRepositories declared on JpaRepositoriesRegistrar.EnableJpaRepositoriesConfiguration: Cannot resolve reference to bean 'jpaSharedEM_entityManagerFactory' while setting bean property 'entityManager'
	at org.springframework.beans.factory.support.ConstructorResolver.createArgumentArray(ConstructorResolver.java:804)
	at org.springframework.beans.factory.support.ConstructorResolver.autowireConstructor(ConstructorResolver.java:240)
	at org.springframework.beans.factory.support.AbstractAutowireCapableBeanFactory.autowireConstructor(AbstractAutowireCapableBeanFactory.java:1387)
	at org.springframework.beans.factory.support.AbstractAutowireCapableBeanFactory.createBeanInstance(AbstractAutowireCapableBeanFactory.java:1224)
	at org.springframework.beans.factory.support.AbstractAutowireCapableBeanFactory.doCreateBean(AbstractAutowireCapableBeanFactory.java:569)
	at org.springframework.beans.factory.support.AbstractAutowireCapableBeanFactory.createBean(AbstractAutowireCapableBeanFactory.java:529)
	at org.springframework.beans.factory.support.AbstractBeanFactory.lambda$doGetBean$0(AbstractBeanFactory.java:339)
	at org.springframework.beans.factory.support.DefaultSingletonBeanRegistry.getSingleton(DefaultSingletonBeanRegistry.java:371)
	at org.springframework.beans.factory.support.AbstractBeanFactory.doGetBean(AbstractBeanFactory.java:337)
	at org.springframework.beans.factory.support.AbstractBeanFactory.getBean(AbstractBeanFactory.java:207)
	at org.springframework.boot.web.servlet.ServletContextInitializerBeans.getOrderedBeansOfType(ServletContextInitializerBeans.java:211)
	at org.springframework.boot.web.servlet.ServletContextInitializerBeans.addAsRegistrationBean(ServletContextInitializerBeans.java:174)
	at org.springframework.boot.web.servlet.ServletContextInitializerBeans.addAsRegistrationBean(ServletContextInitializerBeans.java:169)
	at org.springframework.boot.web.servlet.ServletContextInitializerBeans.addAdaptableBeans(ServletContextInitializerBeans.java:154)
	at org.springframework.boot.web.servlet.ServletContextInitializerBeans.<init>(ServletContextInitializerBeans.java:87)
	at org.springframework.boot.web.servlet.context.ServletWebServerApplicationContext.getServletContextInitializerBeans(ServletWebServerApplicationContext.java:271)
	at org.springframework.boot.web.servlet.context.ServletWebServerApplicationContext.selfInitialize(ServletWebServerApplicationContext.java:245)
	at org.springframework.boot.web.embedded.tomcat.TomcatStarter.onStartup(TomcatStarter.java:52)
	at org.apache.catalina.core.StandardContext.startInternal(StandardContext.java:4464)
	at org.apache.catalina.util.LifecycleBase.start(LifecycleBase.java:164)
	at org.apache.catalina.core.ContainerBase$StartChild.call(ContainerBase.java:1203)
	at org.apache.catalina.core.ContainerBase$StartChild.call(ContainerBase.java:1193)
	at java.base/java.util.concurrent.FutureTask.run(FutureTask.java:264)
	at org.apache.tomcat.util.threads.InlineExecutorService.execute(InlineExecutorService.java:75)
	at java.base/java.util.concurrent.AbstractExecutorService.submit(AbstractExecutorService.java:145)
	at org.apache.catalina.core.ContainerBase.startInternal(ContainerBase.java:749)
	at org.apache.catalina.core.StandardHost.startInternal(StandardHost.java:772)
	at org.apache.catalina.util.LifecycleBase.start(LifecycleBase.java:164)
	at org.apache.catalina.core.ContainerBase$StartChild.call(ContainerBase.java:1203)
	at org.apache.catalina.core.ContainerBase$StartChild.call(ContainerBase.java:1193)
	at java.base/java.util.concurrent.FutureTask.run(FutureTask.java:264)
	at org.apache.tomcat.util.threads.InlineExecutorService.execute(InlineExecutorService.java:75)
	at java.base/java.util.concurrent.AbstractExecutorService.submit(AbstractExecutorService.java:145)
	at org.apache.catalina.core.ContainerBase.startInternal(ContainerBase.java:749)
	at org.apache.catalina.core.StandardEngine.startInternal(StandardEngine.java:203)
	at org.apache.catalina.util.LifecycleBase.start(LifecycleBase.java:164)
	at org.apache.catalina.core.StandardService.startInternal(StandardService.java:412)
	at org.apache.catalina.util.LifecycleBase.start(LifecycleBase.java:164)
	at org.apache.catalina.core.StandardServer.startInternal(StandardServer.java:870)
	at org.apache.catalina.util.LifecycleBase.start(LifecycleBase.java:164)
	at org.apache.catalina.startup.Tomcat.start(Tomcat.java:438)
	at org.springframework.boot.web.embedded.tomcat.TomcatWebServer.initialize(TomcatWebServer.java:128)
	... 13 common frames omitted
Caused by: org.springframework.beans.factory.UnsatisfiedDependencyException: Error creating bean with name 'authenticatedUserServiceImpl' defined in file [D:\PROJECTS\gym-crm-platform\gym-crm-core\target\classes\com\gym\crm\core\security\service\impl\AuthenticatedUserServiceImpl.class]: Unsatisfied dependency expressed through constructor parameter 0: Error creating bean with name 'userRepository' defined in com.gym.crm.core.repository.UserRepository defined in @EnableJpaRepositories declared on JpaRepositoriesRegistrar.EnableJpaRepositoriesConfiguration: Cannot resolve reference to bean 'jpaSharedEM_entityManagerFactory' while setting bean property 'entityManager'
	at org.springframework.beans.factory.support.ConstructorResolver.createArgumentArray(ConstructorResolver.java:804)
	at org.springframework.beans.factory.support.ConstructorResolver.autowireConstructor(ConstructorResolver.java:240)
	at org.springframework.beans.factory.support.AbstractAutowireCapableBeanFactory.autowireConstructor(AbstractAutowireCapableBeanFactory.java:1387)
	at org.springframework.beans.factory.support.AbstractAutowireCapableBeanFactory.createBeanInstance(AbstractAutowireCapableBeanFactory.java:1224)
	at org.springframework.beans.factory.support.AbstractAutowireCapableBeanFactory.doCreateBean(AbstractAutowireCapableBeanFactory.java:569)
	at org.springframework.beans.factory.support.AbstractAutowireCapableBeanFactory.createBean(AbstractAutowireCapableBeanFactory.java:529)
	at org.springframework.beans.factory.support.AbstractBeanFactory.lambda$doGetBean$0(AbstractBeanFactory.java:339)
	at org.springframework.beans.factory.support.DefaultSingletonBeanRegistry.getSingleton(DefaultSingletonBeanRegistry.java:371)
	at org.springframework.beans.factory.support.AbstractBeanFactory.doGetBean(AbstractBeanFactory.java:337)
	at org.springframework.beans.factory.support.AbstractBeanFactory.getBean(AbstractBeanFactory.java:202)
	at org.springframework.beans.factory.config.DependencyDescriptor.resolveCandidate(DependencyDescriptor.java:254)
	at org.springframework.beans.factory.support.DefaultListableBeanFactory.doResolveDependency(DefaultListableBeanFactory.java:1739)
	at org.springframework.beans.factory.support.DefaultListableBeanFactory.resolveDependency(DefaultListableBeanFactory.java:1627)
	at org.springframework.beans.factory.support.ConstructorResolver.resolveAutowiredArgument(ConstructorResolver.java:913)
	at org.springframework.beans.factory.support.ConstructorResolver.createArgumentArray(ConstructorResolver.java:791)
	... 54 common frames omitted
Caused by: org.springframework.beans.factory.BeanCreationException: Error creating bean with name 'userRepository' defined in com.gym.crm.core.repository.UserRepository defined in @EnableJpaRepositories declared on JpaRepositoriesRegistrar.EnableJpaRepositoriesConfiguration: Cannot resolve reference to bean 'jpaSharedEM_entityManagerFactory' while setting bean property 'entityManager'
	at org.springframework.beans.factory.support.BeanDefinitionValueResolver.resolveReference(BeanDefinitionValueResolver.java:377)
	at org.springframework.beans.factory.support.BeanDefinitionValueResolver.resolveValueIfNecessary(BeanDefinitionValueResolver.java:135)
	at org.springframework.beans.factory.support.AbstractAutowireCapableBeanFactory.applyPropertyValues(AbstractAutowireCapableBeanFactory.java:1717)
	at org.springframework.beans.factory.support.AbstractAutowireCapableBeanFactory.populateBean(AbstractAutowireCapableBeanFactory.java:1466)
	at org.springframework.beans.factory.support.AbstractAutowireCapableBeanFactory.doCreateBean(AbstractAutowireCapableBeanFactory.java:606)
	at org.springframework.beans.factory.support.AbstractAutowireCapableBeanFactory.createBean(AbstractAutowireCapableBeanFactory.java:529)
	at org.springframework.beans.factory.support.AbstractBeanFactory.lambda$doGetBean$0(AbstractBeanFactory.java:339)
	at org.springframework.beans.factory.support.DefaultSingletonBeanRegistry.getSingleton(DefaultSingletonBeanRegistry.java:371)
	at org.springframework.beans.factory.support.AbstractBeanFactory.doGetBean(AbstractBeanFactory.java:337)
	at org.springframework.beans.factory.support.AbstractBeanFactory.getBean(AbstractBeanFactory.java:202)
	at org.springframework.beans.factory.support.DefaultListableBeanFactory.doResolveDependency(DefaultListableBeanFactory.java:1681)
	at org.springframework.beans.factory.support.DefaultListableBeanFactory.resolveDependency(DefaultListableBeanFactory.java:1627)
	at org.springframework.beans.factory.support.ConstructorResolver.resolveAutowiredArgument(ConstructorResolver.java:913)
	at org.springframework.beans.factory.support.ConstructorResolver.createArgumentArray(ConstructorResolver.java:791)
	... 68 common frames omitted
Caused by: org.springframework.beans.factory.BeanCreationException: Error creating bean with name 'jpaSharedEM_entityManagerFactory': Cannot resolve reference to bean 'entityManagerFactory' while setting constructor argument
	at org.springframework.beans.factory.support.BeanDefinitionValueResolver.resolveReference(BeanDefinitionValueResolver.java:377)
	at org.springframework.beans.factory.support.BeanDefinitionValueResolver.resolveValueIfNecessary(BeanDefinitionValueResolver.java:135)
	at org.springframework.beans.factory.support.ConstructorResolver.resolveConstructorArguments(ConstructorResolver.java:691)
	at org.springframework.beans.factory.support.ConstructorResolver.instantiateUsingFactoryMethod(ConstructorResolver.java:513)
	at org.springframework.beans.factory.support.AbstractAutowireCapableBeanFactory.instantiateUsingFactoryMethod(AbstractAutowireCapableBeanFactory.java:1367)
	at org.springframework.beans.factory.support.AbstractAutowireCapableBeanFactory.createBeanInstance(AbstractAutowireCapableBeanFactory.java:1197)
	at org.springframework.beans.factory.support.AbstractAutowireCapableBeanFactory.doCreateBean(AbstractAutowireCapableBeanFactory.java:569)
	at org.springframework.beans.factory.support.AbstractAutowireCapableBeanFactory.createBean(AbstractAutowireCapableBeanFactory.java:529)
	at org.springframework.beans.factory.support.AbstractBeanFactory.lambda$doGetBean$0(AbstractBeanFactory.java:339)
	at org.springframework.beans.factory.support.DefaultSingletonBeanRegistry.getSingleton(DefaultSingletonBeanRegistry.java:371)
	at org.springframework.beans.factory.support.AbstractBeanFactory.doGetBean(AbstractBeanFactory.java:337)
	at org.springframework.beans.factory.support.AbstractBeanFactory.getBean(AbstractBeanFactory.java:202)
	at org.springframework.beans.factory.support.BeanDefinitionValueResolver.resolveReference(BeanDefinitionValueResolver.java:365)
	... 81 common frames omitted
Caused by: org.springframework.beans.factory.BeanCreationException: Error creating bean with name 'liquibase' defined in class path resource [org/springframework/boot/autoconfigure/liquibase/LiquibaseAutoConfiguration$LiquibaseConfiguration.class]: liquibase.exception.DatabaseException: org.postgresql.util.PSQLException: Connection to localhost:5432 refused. Check that the hostname and port are correct and that the postmaster is accepting TCP/IP connections.
	at org.springframework.beans.factory.support.AbstractAutowireCapableBeanFactory.initializeBean(AbstractAutowireCapableBeanFactory.java:1818)
	at org.springframework.beans.factory.support.AbstractAutowireCapableBeanFactory.doCreateBean(AbstractAutowireCapableBeanFactory.java:607)
	at org.springframework.beans.factory.support.AbstractAutowireCapableBeanFactory.createBean(AbstractAutowireCapableBeanFactory.java:529)
	at org.springframework.beans.factory.support.AbstractBeanFactory.lambda$doGetBean$0(AbstractBeanFactory.java:339)
	at org.springframework.beans.factory.support.DefaultSingletonBeanRegistry.getSingleton(DefaultSingletonBeanRegistry.java:371)
	at org.springframework.beans.factory.support.AbstractBeanFactory.doGetBean(AbstractBeanFactory.java:337)
	at org.springframework.beans.factory.support.AbstractBeanFactory.getBean(AbstractBeanFactory.java:202)
	at org.springframework.beans.factory.support.AbstractBeanFactory.doGetBean(AbstractBeanFactory.java:315)
	at org.springframework.beans.factory.support.AbstractBeanFactory.getBean(AbstractBeanFactory.java:202)
	at org.springframework.beans.factory.support.BeanDefinitionValueResolver.resolveReference(BeanDefinitionValueResolver.java:365)
	... 93 common frames omitted
Caused by: liquibase.exception.LiquibaseException: liquibase.exception.DatabaseException: org.postgresql.util.PSQLException: Connection to localhost:5432 refused. Check that the hostname and port are correct and that the postmaster is accepting TCP/IP connections.
	at liquibase.integration.spring.SpringLiquibase.afterPropertiesSet(SpringLiquibase.java:289)
	at org.springframework.beans.factory.support.AbstractAutowireCapableBeanFactory.invokeInitMethods(AbstractAutowireCapableBeanFactory.java:1865)
	at org.springframework.beans.factory.support.AbstractAutowireCapableBeanFactory.initializeBean(AbstractAutowireCapableBeanFactory.java:1814)
	... 102 common frames omitted
Caused by: liquibase.exception.DatabaseException: org.postgresql.util.PSQLException: Connection to localhost:5432 refused. Check that the hostname and port are correct and that the postmaster is accepting TCP/IP connections.
	at liquibase.integration.spring.SpringLiquibase.lambda$afterPropertiesSet$0(SpringLiquibase.java:281)
	at liquibase.Scope.lambda$child$0(Scope.java:216)
	at liquibase.Scope.child(Scope.java:225)
	at liquibase.Scope.child(Scope.java:215)
	at liquibase.Scope.child(Scope.java:194)
	at liquibase.integration.spring.SpringLiquibase.afterPropertiesSet(SpringLiquibase.java:272)
	... 104 common frames omitted
Caused by: org.postgresql.util.PSQLException: Connection to localhost:5432 refused. Check that the hostname and port are correct and that the postmaster is accepting TCP/IP connections.
	at org.postgresql.core.v3.ConnectionFactoryImpl.openConnectionImpl(ConnectionFactoryImpl.java:346)
	at org.postgresql.core.ConnectionFactory.openConnection(ConnectionFactory.java:54)
	at org.postgresql.jdbc.PgConnection.<init>(PgConnection.java:273)
	at org.postgresql.Driver.makeConnection(Driver.java:446)
	at org.postgresql.Driver.connect(Driver.java:298)
	at com.zaxxer.hikari.util.DriverDataSource.getConnection(DriverDataSource.java:137)
	at com.zaxxer.hikari.pool.PoolBase.newConnection(PoolBase.java:360)
	at com.zaxxer.hikari.pool.PoolBase.newPoolEntry(PoolBase.java:202)
	at com.zaxxer.hikari.pool.HikariPool.createPoolEntry(HikariPool.java:461)
	at com.zaxxer.hikari.pool.HikariPool.checkFailFast(HikariPool.java:550)
	at com.zaxxer.hikari.pool.HikariPool.<init>(HikariPool.java:98)
	at com.zaxxer.hikari.HikariDataSource.getConnection(HikariDataSource.java:111)
	at liquibase.integration.spring.SpringLiquibase.lambda$afterPropertiesSet$0(SpringLiquibase.java:276)
	... 109 common frames omitted
Caused by: java.net.ConnectException: Connection refused: no further information
	at java.base/sun.nio.ch.Net.pollConnect(Native Method)
	at java.base/sun.nio.ch.Net.pollConnectNow(Net.java:672)
	at java.base/sun.nio.ch.NioSocketImpl.timedFinishConnect(NioSocketImpl.java:547)
	at java.base/sun.nio.ch.NioSocketImpl.connect(NioSocketImpl.java:602)
	at java.base/java.net.SocksSocketImpl.connect(SocksSocketImpl.java:327)
	at java.base/java.net.Socket.connect(Socket.java:633)
	at org.postgresql.core.PGStream.createSocket(PGStream.java:243)
	at org.postgresql.core.PGStream.<init>(PGStream.java:98)
	at org.postgresql.core.v3.ConnectionFactoryImpl.tryConnect(ConnectionFactoryImpl.java:136)
	at org.postgresql.core.v3.ConnectionFactoryImpl.openConnectionImpl(ConnectionFactoryImpl.java:262)
	... 121 common frames omitted
22:53:07.336 [] ERROR o.s.b.w.e.t.TomcatStarter - Error starting Tomcat context. Exception: org.springframework.beans.factory.UnsatisfiedDependencyException. Message: Error creating bean with name 'jwtAuthenticationFilter' defined in file [D:\PROJECTS\gym-crm-platform\gym-crm-core\target\classes\com\gym\crm\core\security\jwt\JwtAuthenticationFilter.class]: Unsatisfied dependency expressed through constructor parameter 1: Error creating bean with name 'authenticatedUserServiceImpl' defined in file [D:\PROJECTS\gym-crm-platform\gym-crm-core\target\classes\com\gym\crm\core\security\service\impl\AuthenticatedUserServiceImpl.class]: Unsatisfied dependency expressed through constructor parameter 0: Error creating bean with name 'userRepository' defined in com.gym.crm.core.repository.UserRepository defined in @EnableJpaRepositories declared on JpaRepositoriesRegistrar.EnableJpaRepositoriesConfiguration: Cannot resolve reference to bean 'jpaSharedEM_entityManagerFactory' while setting bean property 'entityManager'
22:53:07.371 [] ERROR o.s.b.SpringApplication - Application run failed
org.springframework.context.ApplicationContextException: Unable to start web server
	at org.springframework.boot.web.servlet.context.ServletWebServerApplicationContext.onRefresh(ServletWebServerApplicationContext.java:170)
	at org.springframework.context.support.AbstractApplicationContext.refresh(AbstractApplicationContext.java:621)
	at org.springframework.boot.web.servlet.context.ServletWebServerApplicationContext.refresh(ServletWebServerApplicationContext.java:146)
	at org.springframework.boot.SpringApplication.refresh(SpringApplication.java:753)
	at org.springframework.boot.SpringApplication.refreshContext(SpringApplication.java:439)
	at org.springframework.boot.SpringApplication.run(SpringApplication.java:318)
	at org.springframework.boot.SpringApplication.run(SpringApplication.java:1362)
	at org.springframework.boot.SpringApplication.run(SpringApplication.java:1351)
	at com.gym.crm.core.GymCrmCoreApplication.main(GymCrmCoreApplication.java:13)
Caused by: org.springframework.boot.web.server.WebServerException: Unable to start embedded Tomcat
	at org.springframework.boot.web.embedded.tomcat.TomcatWebServer.initialize(TomcatWebServer.java:147)
	at org.springframework.boot.web.embedded.tomcat.TomcatWebServer.<init>(TomcatWebServer.java:107)
	at org.springframework.boot.web.embedded.tomcat.TomcatServletWebServerFactory.getTomcatWebServer(TomcatServletWebServerFactory.java:517)
	at org.springframework.boot.web.embedded.tomcat.TomcatServletWebServerFactory.getWebServer(TomcatServletWebServerFactory.java:219)
	at org.springframework.boot.web.servlet.context.ServletWebServerApplicationContext.createWebServer(ServletWebServerApplicationContext.java:193)
	at org.springframework.boot.web.servlet.context.ServletWebServerApplicationContext.onRefresh(ServletWebServerApplicationContext.java:167)
	... 8 common frames omitted
Caused by: org.springframework.beans.factory.UnsatisfiedDependencyException: Error creating bean with name 'jwtAuthenticationFilter' defined in file [D:\PROJECTS\gym-crm-platform\gym-crm-core\target\classes\com\gym\crm\core\security\jwt\JwtAuthenticationFilter.class]: Unsatisfied dependency expressed through constructor parameter 1: Error creating bean with name 'authenticatedUserServiceImpl' defined in file [D:\PROJECTS\gym-crm-platform\gym-crm-core\target\classes\com\gym\crm\core\security\service\impl\AuthenticatedUserServiceImpl.class]: Unsatisfied dependency expressed through constructor parameter 0: Error creating bean with name 'userRepository' defined in com.gym.crm.core.repository.UserRepository defined in @EnableJpaRepositories declared on JpaRepositoriesRegistrar.EnableJpaRepositoriesConfiguration: Cannot resolve reference to bean 'jpaSharedEM_entityManagerFactory' while setting bean property 'entityManager'
	at org.springframework.beans.factory.support.ConstructorResolver.createArgumentArray(ConstructorResolver.java:804)
	at org.springframework.beans.factory.support.ConstructorResolver.autowireConstructor(ConstructorResolver.java:240)
	at org.springframework.beans.factory.support.AbstractAutowireCapableBeanFactory.autowireConstructor(AbstractAutowireCapableBeanFactory.java:1387)
	at org.springframework.beans.factory.support.AbstractAutowireCapableBeanFactory.createBeanInstance(AbstractAutowireCapableBeanFactory.java:1224)
	at org.springframework.beans.factory.support.AbstractAutowireCapableBeanFactory.doCreateBean(AbstractAutowireCapableBeanFactory.java:569)
	at org.springframework.beans.factory.support.AbstractAutowireCapableBeanFactory.createBean(AbstractAutowireCapableBeanFactory.java:529)
	at org.springframework.beans.factory.support.AbstractBeanFactory.lambda$doGetBean$0(AbstractBeanFactory.java:339)
	at org.springframework.beans.factory.support.DefaultSingletonBeanRegistry.getSingleton(DefaultSingletonBeanRegistry.java:371)
	at org.springframework.beans.factory.support.AbstractBeanFactory.doGetBean(AbstractBeanFactory.java:337)
	at org.springframework.beans.factory.support.AbstractBeanFactory.getBean(AbstractBeanFactory.java:207)
	at org.springframework.boot.web.servlet.ServletContextInitializerBeans.getOrderedBeansOfType(ServletContextInitializerBeans.java:211)
	at org.springframework.boot.web.servlet.ServletContextInitializerBeans.addAsRegistrationBean(ServletContextInitializerBeans.java:174)
	at org.springframework.boot.web.servlet.ServletContextInitializerBeans.addAsRegistrationBean(ServletContextInitializerBeans.java:169)
	at org.springframework.boot.web.servlet.ServletContextInitializerBeans.addAdaptableBeans(ServletContextInitializerBeans.java:154)
	at org.springframework.boot.web.servlet.ServletContextInitializerBeans.<init>(ServletContextInitializerBeans.java:87)
	at org.springframework.boot.web.servlet.context.ServletWebServerApplicationContext.getServletContextInitializerBeans(ServletWebServerApplicationContext.java:271)
	at org.springframework.boot.web.servlet.context.ServletWebServerApplicationContext.selfInitialize(ServletWebServerApplicationContext.java:245)
	at org.springframework.boot.web.embedded.tomcat.TomcatStarter.onStartup(TomcatStarter.java:52)
	at org.apache.catalina.core.StandardContext.startInternal(StandardContext.java:4464)
	at org.apache.catalina.util.LifecycleBase.start(LifecycleBase.java:164)
	at org.apache.catalina.core.ContainerBase$StartChild.call(ContainerBase.java:1203)
	at org.apache.catalina.core.ContainerBase$StartChild.call(ContainerBase.java:1193)
	at java.base/java.util.concurrent.FutureTask.run(FutureTask.java:264)
	at org.apache.tomcat.util.threads.InlineExecutorService.execute(InlineExecutorService.java:75)
	at java.base/java.util.concurrent.AbstractExecutorService.submit(AbstractExecutorService.java:145)
	at org.apache.catalina.core.ContainerBase.startInternal(ContainerBase.java:749)
	at org.apache.catalina.core.StandardHost.startInternal(StandardHost.java:772)
	at org.apache.catalina.util.LifecycleBase.start(LifecycleBase.java:164)
	at org.apache.catalina.core.ContainerBase$StartChild.call(ContainerBase.java:1203)
	at org.apache.catalina.core.ContainerBase$StartChild.call(ContainerBase.java:1193)
	at java.base/java.util.concurrent.FutureTask.run(FutureTask.java:264)
	at org.apache.tomcat.util.threads.InlineExecutorService.execute(InlineExecutorService.java:75)
	at java.base/java.util.concurrent.AbstractExecutorService.submit(AbstractExecutorService.java:145)
	at org.apache.catalina.core.ContainerBase.startInternal(ContainerBase.java:749)
	at org.apache.catalina.core.StandardEngine.startInternal(StandardEngine.java:203)
	at org.apache.catalina.util.LifecycleBase.start(LifecycleBase.java:164)
	at org.apache.catalina.core.StandardService.startInternal(StandardService.java:412)
	at org.apache.catalina.util.LifecycleBase.start(LifecycleBase.java:164)
	at org.apache.catalina.core.StandardServer.startInternal(StandardServer.java:870)
	at org.apache.catalina.util.LifecycleBase.start(LifecycleBase.java:164)
	at org.apache.catalina.startup.Tomcat.start(Tomcat.java:438)
	at org.springframework.boot.web.embedded.tomcat.TomcatWebServer.initialize(TomcatWebServer.java:128)
	... 13 common frames omitted
Caused by: org.springframework.beans.factory.UnsatisfiedDependencyException: Error creating bean with name 'authenticatedUserServiceImpl' defined in file [D:\PROJECTS\gym-crm-platform\gym-crm-core\target\classes\com\gym\crm\core\security\service\impl\AuthenticatedUserServiceImpl.class]: Unsatisfied dependency expressed through constructor parameter 0: Error creating bean with name 'userRepository' defined in com.gym.crm.core.repository.UserRepository defined in @EnableJpaRepositories declared on JpaRepositoriesRegistrar.EnableJpaRepositoriesConfiguration: Cannot resolve reference to bean 'jpaSharedEM_entityManagerFactory' while setting bean property 'entityManager'
	at org.springframework.beans.factory.support.ConstructorResolver.createArgumentArray(ConstructorResolver.java:804)
	at org.springframework.beans.factory.support.ConstructorResolver.autowireConstructor(ConstructorResolver.java:240)
	at org.springframework.beans.factory.support.AbstractAutowireCapableBeanFactory.autowireConstructor(AbstractAutowireCapableBeanFactory.java:1387)
	at org.springframework.beans.factory.support.AbstractAutowireCapableBeanFactory.createBeanInstance(AbstractAutowireCapableBeanFactory.java:1224)
	at org.springframework.beans.factory.support.AbstractAutowireCapableBeanFactory.doCreateBean(AbstractAutowireCapableBeanFactory.java:569)
	at org.springframework.beans.factory.support.AbstractAutowireCapableBeanFactory.createBean(AbstractAutowireCapableBeanFactory.java:529)
	at org.springframework.beans.factory.support.AbstractBeanFactory.lambda$doGetBean$0(AbstractBeanFactory.java:339)
	at org.springframework.beans.factory.support.DefaultSingletonBeanRegistry.getSingleton(DefaultSingletonBeanRegistry.java:371)
	at org.springframework.beans.factory.support.AbstractBeanFactory.doGetBean(AbstractBeanFactory.java:337)
	at org.springframework.beans.factory.support.AbstractBeanFactory.getBean(AbstractBeanFactory.java:202)
	at org.springframework.beans.factory.config.DependencyDescriptor.resolveCandidate(DependencyDescriptor.java:254)
	at org.springframework.beans.factory.support.DefaultListableBeanFactory.doResolveDependency(DefaultListableBeanFactory.java:1739)
	at org.springframework.beans.factory.support.DefaultListableBeanFactory.resolveDependency(DefaultListableBeanFactory.java:1627)
	at org.springframework.beans.factory.support.ConstructorResolver.resolveAutowiredArgument(ConstructorResolver.java:913)
	at org.springframework.beans.factory.support.ConstructorResolver.createArgumentArray(ConstructorResolver.java:791)
	... 54 common frames omitted
Caused by: org.springframework.beans.factory.BeanCreationException: Error creating bean with name 'userRepository' defined in com.gym.crm.core.repository.UserRepository defined in @EnableJpaRepositories declared on JpaRepositoriesRegistrar.EnableJpaRepositoriesConfiguration: Cannot resolve reference to bean 'jpaSharedEM_entityManagerFactory' while setting bean property 'entityManager'
	at org.springframework.beans.factory.support.BeanDefinitionValueResolver.resolveReference(BeanDefinitionValueResolver.java:377)
	at org.springframework.beans.factory.support.BeanDefinitionValueResolver.resolveValueIfNecessary(BeanDefinitionValueResolver.java:135)
	at org.springframework.beans.factory.support.AbstractAutowireCapableBeanFactory.applyPropertyValues(AbstractAutowireCapableBeanFactory.java:1717)
	at org.springframework.beans.factory.support.AbstractAutowireCapableBeanFactory.populateBean(AbstractAutowireCapableBeanFactory.java:1466)
	at org.springframework.beans.factory.support.AbstractAutowireCapableBeanFactory.doCreateBean(AbstractAutowireCapableBeanFactory.java:606)
	at org.springframework.beans.factory.support.AbstractAutowireCapableBeanFactory.createBean(AbstractAutowireCapableBeanFactory.java:529)
	at org.springframework.beans.factory.support.AbstractBeanFactory.lambda$doGetBean$0(AbstractBeanFactory.java:339)
	at org.springframework.beans.factory.support.DefaultSingletonBeanRegistry.getSingleton(DefaultSingletonBeanRegistry.java:371)
	at org.springframework.beans.factory.support.AbstractBeanFactory.doGetBean(AbstractBeanFactory.java:337)
	at org.springframework.beans.factory.support.AbstractBeanFactory.getBean(AbstractBeanFactory.java:202)
	at org.springframework.beans.factory.support.DefaultListableBeanFactory.doResolveDependency(DefaultListableBeanFactory.java:1681)
	at org.springframework.beans.factory.support.DefaultListableBeanFactory.resolveDependency(DefaultListableBeanFactory.java:1627)
	at org.springframework.beans.factory.support.ConstructorResolver.resolveAutowiredArgument(ConstructorResolver.java:913)
	at org.springframework.beans.factory.support.ConstructorResolver.createArgumentArray(ConstructorResolver.java:791)
	... 68 common frames omitted
Caused by: org.springframework.beans.factory.BeanCreationException: Error creating bean with name 'jpaSharedEM_entityManagerFactory': Cannot resolve reference to bean 'entityManagerFactory' while setting constructor argument
	at org.springframework.beans.factory.support.BeanDefinitionValueResolver.resolveReference(BeanDefinitionValueResolver.java:377)
	at org.springframework.beans.factory.support.BeanDefinitionValueResolver.resolveValueIfNecessary(BeanDefinitionValueResolver.java:135)
	at org.springframework.beans.factory.support.ConstructorResolver.resolveConstructorArguments(ConstructorResolver.java:691)
	at org.springframework.beans.factory.support.ConstructorResolver.instantiateUsingFactoryMethod(ConstructorResolver.java:513)
	at org.springframework.beans.factory.support.AbstractAutowireCapableBeanFactory.instantiateUsingFactoryMethod(AbstractAutowireCapableBeanFactory.java:1367)
	at org.springframework.beans.factory.support.AbstractAutowireCapableBeanFactory.createBeanInstance(AbstractAutowireCapableBeanFactory.java:1197)
	at org.springframework.beans.factory.support.AbstractAutowireCapableBeanFactory.doCreateBean(AbstractAutowireCapableBeanFactory.java:569)
	at org.springframework.beans.factory.support.AbstractAutowireCapableBeanFactory.createBean(AbstractAutowireCapableBeanFactory.java:529)
	at org.springframework.beans.factory.support.AbstractBeanFactory.lambda$doGetBean$0(AbstractBeanFactory.java:339)
	at org.springframework.beans.factory.support.DefaultSingletonBeanRegistry.getSingleton(DefaultSingletonBeanRegistry.java:371)
	at org.springframework.beans.factory.support.AbstractBeanFactory.doGetBean(AbstractBeanFactory.java:337)
	at org.springframework.beans.factory.support.AbstractBeanFactory.getBean(AbstractBeanFactory.java:202)
	at org.springframework.beans.factory.support.BeanDefinitionValueResolver.resolveReference(BeanDefinitionValueResolver.java:365)
	... 81 common frames omitted
Caused by: org.springframework.beans.factory.BeanCreationException: Error creating bean with name 'liquibase' defined in class path resource [org/springframework/boot/autoconfigure/liquibase/LiquibaseAutoConfiguration$LiquibaseConfiguration.class]: liquibase.exception.DatabaseException: org.postgresql.util.PSQLException: FATAL: invalid value for parameter "TimeZone": "Europe/Kiev"
	at org.springframework.beans.factory.support.AbstractAutowireCapableBeanFactory.initializeBean(AbstractAutowireCapableBeanFactory.java:1818)
	at org.springframework.beans.factory.support.AbstractAutowireCapableBeanFactory.doCreateBean(AbstractAutowireCapableBeanFactory.java:607)
	at org.springframework.beans.factory.support.AbstractAutowireCapableBeanFactory.createBean(AbstractAutowireCapableBeanFactory.java:529)
	at org.springframework.beans.factory.support.AbstractBeanFactory.lambda$doGetBean$0(AbstractBeanFactory.java:339)
	at org.springframework.beans.factory.support.DefaultSingletonBeanRegistry.getSingleton(DefaultSingletonBeanRegistry.java:371)
	at org.springframework.beans.factory.support.AbstractBeanFactory.doGetBean(AbstractBeanFactory.java:337)
	at org.springframework.beans.factory.support.AbstractBeanFactory.getBean(AbstractBeanFactory.java:202)
	at org.springframework.beans.factory.support.AbstractBeanFactory.doGetBean(AbstractBeanFactory.java:315)
	at org.springframework.beans.factory.support.AbstractBeanFactory.getBean(AbstractBeanFactory.java:202)
	at org.springframework.beans.factory.support.BeanDefinitionValueResolver.resolveReference(BeanDefinitionValueResolver.java:365)
	... 93 common frames omitted
Caused by: liquibase.exception.LiquibaseException: liquibase.exception.DatabaseException: org.postgresql.util.PSQLException: FATAL: invalid value for parameter "TimeZone": "Europe/Kiev"
	at liquibase.integration.spring.SpringLiquibase.afterPropertiesSet(SpringLiquibase.java:289)
	at org.springframework.beans.factory.support.AbstractAutowireCapableBeanFactory.invokeInitMethods(AbstractAutowireCapableBeanFactory.java:1865)
	at org.springframework.beans.factory.support.AbstractAutowireCapableBeanFactory.initializeBean(AbstractAutowireCapableBeanFactory.java:1814)
	... 102 common frames omitted
Caused by: liquibase.exception.DatabaseException: org.postgresql.util.PSQLException: FATAL: invalid value for parameter "TimeZone": "Europe/Kiev"
	at liquibase.integration.spring.SpringLiquibase.lambda$afterPropertiesSet$0(SpringLiquibase.java:281)
	at liquibase.Scope.lambda$child$0(Scope.java:216)
	at liquibase.Scope.child(Scope.java:225)
	at liquibase.Scope.child(Scope.java:215)
	at liquibase.Scope.child(Scope.java:194)
	at liquibase.integration.spring.SpringLiquibase.afterPropertiesSet(SpringLiquibase.java:272)
	... 104 common frames omitted
Caused by: org.postgresql.util.PSQLException: FATAL: invalid value for parameter "TimeZone": "Europe/Kiev"
	at org.postgresql.core.v3.QueryExecutorImpl.receiveErrorResponse(QueryExecutorImpl.java:2725)
	at org.postgresql.core.v3.QueryExecutorImpl.readStartupMessages(QueryExecutorImpl.java:2837)
	at org.postgresql.core.v3.QueryExecutorImpl.<init>(QueryExecutorImpl.java:175)
	at org.postgresql.core.v3.ConnectionFactoryImpl.openConnectionImpl(ConnectionFactoryImpl.java:317)
	at org.postgresql.core.ConnectionFactory.openConnection(ConnectionFactory.java:54)
	at org.postgresql.jdbc.PgConnection.<init>(PgConnection.java:273)
	at org.postgresql.Driver.makeConnection(Driver.java:446)
	at org.postgresql.Driver.connect(Driver.java:298)
	at com.zaxxer.hikari.util.DriverDataSource.getConnection(DriverDataSource.java:137)
	at com.zaxxer.hikari.pool.PoolBase.newConnection(PoolBase.java:360)
	at com.zaxxer.hikari.pool.PoolBase.newPoolEntry(PoolBase.java:202)
	at com.zaxxer.hikari.pool.HikariPool.createPoolEntry(HikariPool.java:461)
	at com.zaxxer.hikari.pool.HikariPool.checkFailFast(HikariPool.java:550)
	at com.zaxxer.hikari.pool.HikariPool.<init>(HikariPool.java:98)
	at com.zaxxer.hikari.HikariDataSource.getConnection(HikariDataSource.java:111)
	at liquibase.integration.spring.SpringLiquibase.lambda$afterPropertiesSet$0(SpringLiquibase.java:276)
	... 109 common frames omitted
22:59:55.564 [] ERROR o.s.b.w.e.t.TomcatStarter - Error starting Tomcat context. Exception: org.springframework.beans.factory.UnsatisfiedDependencyException. Message: Error creating bean with name 'jwtAuthenticationFilter' defined in file [D:\PROJECTS\gym-crm-platform\gym-crm-core\target\classes\com\gym\crm\core\security\jwt\JwtAuthenticationFilter.class]: Unsatisfied dependency expressed through constructor parameter 1: Error creating bean with name 'authenticatedUserServiceImpl' defined in file [D:\PROJECTS\gym-crm-platform\gym-crm-core\target\classes\com\gym\crm\core\security\service\impl\AuthenticatedUserServiceImpl.class]: Unsatisfied dependency expressed through constructor parameter 0: Error creating bean with name 'userRepository' defined in com.gym.crm.core.repository.UserRepository defined in @EnableJpaRepositories declared on JpaRepositoriesRegistrar.EnableJpaRepositoriesConfiguration: Cannot resolve reference to bean 'jpaSharedEM_entityManagerFactory' while setting bean property 'entityManager'
22:59:55.598 [] ERROR o.s.b.SpringApplication - Application run failed
org.springframework.context.ApplicationContextException: Unable to start web server
	at org.springframework.boot.web.servlet.context.ServletWebServerApplicationContext.onRefresh(ServletWebServerApplicationContext.java:170)
	at org.springframework.context.support.AbstractApplicationContext.refresh(AbstractApplicationContext.java:621)
	at org.springframework.boot.web.servlet.context.ServletWebServerApplicationContext.refresh(ServletWebServerApplicationContext.java:146)
	at org.springframework.boot.SpringApplication.refresh(SpringApplication.java:753)
	at org.springframework.boot.SpringApplication.refreshContext(SpringApplication.java:439)
	at org.springframework.boot.SpringApplication.run(SpringApplication.java:318)
	at org.springframework.boot.SpringApplication.run(SpringApplication.java:1362)
	at org.springframework.boot.SpringApplication.run(SpringApplication.java:1351)
	at com.gym.crm.core.GymCrmCoreApplication.main(GymCrmCoreApplication.java:13)
Caused by: org.springframework.boot.web.server.WebServerException: Unable to start embedded Tomcat
	at org.springframework.boot.web.embedded.tomcat.TomcatWebServer.initialize(TomcatWebServer.java:147)
	at org.springframework.boot.web.embedded.tomcat.TomcatWebServer.<init>(TomcatWebServer.java:107)
	at org.springframework.boot.web.embedded.tomcat.TomcatServletWebServerFactory.getTomcatWebServer(TomcatServletWebServerFactory.java:517)
	at org.springframework.boot.web.embedded.tomcat.TomcatServletWebServerFactory.getWebServer(TomcatServletWebServerFactory.java:219)
	at org.springframework.boot.web.servlet.context.ServletWebServerApplicationContext.createWebServer(ServletWebServerApplicationContext.java:193)
	at org.springframework.boot.web.servlet.context.ServletWebServerApplicationContext.onRefresh(ServletWebServerApplicationContext.java:167)
	... 8 common frames omitted
Caused by: org.springframework.beans.factory.UnsatisfiedDependencyException: Error creating bean with name 'jwtAuthenticationFilter' defined in file [D:\PROJECTS\gym-crm-platform\gym-crm-core\target\classes\com\gym\crm\core\security\jwt\JwtAuthenticationFilter.class]: Unsatisfied dependency expressed through constructor parameter 1: Error creating bean with name 'authenticatedUserServiceImpl' defined in file [D:\PROJECTS\gym-crm-platform\gym-crm-core\target\classes\com\gym\crm\core\security\service\impl\AuthenticatedUserServiceImpl.class]: Unsatisfied dependency expressed through constructor parameter 0: Error creating bean with name 'userRepository' defined in com.gym.crm.core.repository.UserRepository defined in @EnableJpaRepositories declared on JpaRepositoriesRegistrar.EnableJpaRepositoriesConfiguration: Cannot resolve reference to bean 'jpaSharedEM_entityManagerFactory' while setting bean property 'entityManager'
	at org.springframework.beans.factory.support.ConstructorResolver.createArgumentArray(ConstructorResolver.java:804)
	at org.springframework.beans.factory.support.ConstructorResolver.autowireConstructor(ConstructorResolver.java:240)
	at org.springframework.beans.factory.support.AbstractAutowireCapableBeanFactory.autowireConstructor(AbstractAutowireCapableBeanFactory.java:1387)
	at org.springframework.beans.factory.support.AbstractAutowireCapableBeanFactory.createBeanInstance(AbstractAutowireCapableBeanFactory.java:1224)
	at org.springframework.beans.factory.support.AbstractAutowireCapableBeanFactory.doCreateBean(AbstractAutowireCapableBeanFactory.java:569)
	at org.springframework.beans.factory.support.AbstractAutowireCapableBeanFactory.createBean(AbstractAutowireCapableBeanFactory.java:529)
	at org.springframework.beans.factory.support.AbstractBeanFactory.lambda$doGetBean$0(AbstractBeanFactory.java:339)
	at org.springframework.beans.factory.support.DefaultSingletonBeanRegistry.getSingleton(DefaultSingletonBeanRegistry.java:371)
	at org.springframework.beans.factory.support.AbstractBeanFactory.doGetBean(AbstractBeanFactory.java:337)
	at org.springframework.beans.factory.support.AbstractBeanFactory.getBean(AbstractBeanFactory.java:207)
	at org.springframework.boot.web.servlet.ServletContextInitializerBeans.getOrderedBeansOfType(ServletContextInitializerBeans.java:211)
	at org.springframework.boot.web.servlet.ServletContextInitializerBeans.addAsRegistrationBean(ServletContextInitializerBeans.java:174)
	at org.springframework.boot.web.servlet.ServletContextInitializerBeans.addAsRegistrationBean(ServletContextInitializerBeans.java:169)
	at org.springframework.boot.web.servlet.ServletContextInitializerBeans.addAdaptableBeans(ServletContextInitializerBeans.java:154)
	at org.springframework.boot.web.servlet.ServletContextInitializerBeans.<init>(ServletContextInitializerBeans.java:87)
	at org.springframework.boot.web.servlet.context.ServletWebServerApplicationContext.getServletContextInitializerBeans(ServletWebServerApplicationContext.java:271)
	at org.springframework.boot.web.servlet.context.ServletWebServerApplicationContext.selfInitialize(ServletWebServerApplicationContext.java:245)
	at org.springframework.boot.web.embedded.tomcat.TomcatStarter.onStartup(TomcatStarter.java:52)
	at org.apache.catalina.core.StandardContext.startInternal(StandardContext.java:4464)
	at org.apache.catalina.util.LifecycleBase.start(LifecycleBase.java:164)
	at org.apache.catalina.core.ContainerBase$StartChild.call(ContainerBase.java:1203)
	at org.apache.catalina.core.ContainerBase$StartChild.call(ContainerBase.java:1193)
	at java.base/java.util.concurrent.FutureTask.run(FutureTask.java:264)
	at org.apache.tomcat.util.threads.InlineExecutorService.execute(InlineExecutorService.java:75)
	at java.base/java.util.concurrent.AbstractExecutorService.submit(AbstractExecutorService.java:145)
	at org.apache.catalina.core.ContainerBase.startInternal(ContainerBase.java:749)
	at org.apache.catalina.core.StandardHost.startInternal(StandardHost.java:772)
	at org.apache.catalina.util.LifecycleBase.start(LifecycleBase.java:164)
	at org.apache.catalina.core.ContainerBase$StartChild.call(ContainerBase.java:1203)
	at org.apache.catalina.core.ContainerBase$StartChild.call(ContainerBase.java:1193)
	at java.base/java.util.concurrent.FutureTask.run(FutureTask.java:264)
	at org.apache.tomcat.util.threads.InlineExecutorService.execute(InlineExecutorService.java:75)
	at java.base/java.util.concurrent.AbstractExecutorService.submit(AbstractExecutorService.java:145)
	at org.apache.catalina.core.ContainerBase.startInternal(ContainerBase.java:749)
	at org.apache.catalina.core.StandardEngine.startInternal(StandardEngine.java:203)
	at org.apache.catalina.util.LifecycleBase.start(LifecycleBase.java:164)
	at org.apache.catalina.core.StandardService.startInternal(StandardService.java:412)
	at org.apache.catalina.util.LifecycleBase.start(LifecycleBase.java:164)
	at org.apache.catalina.core.StandardServer.startInternal(StandardServer.java:870)
	at org.apache.catalina.util.LifecycleBase.start(LifecycleBase.java:164)
	at org.apache.catalina.startup.Tomcat.start(Tomcat.java:438)
	at org.springframework.boot.web.embedded.tomcat.TomcatWebServer.initialize(TomcatWebServer.java:128)
	... 13 common frames omitted
Caused by: org.springframework.beans.factory.UnsatisfiedDependencyException: Error creating bean with name 'authenticatedUserServiceImpl' defined in file [D:\PROJECTS\gym-crm-platform\gym-crm-core\target\classes\com\gym\crm\core\security\service\impl\AuthenticatedUserServiceImpl.class]: Unsatisfied dependency expressed through constructor parameter 0: Error creating bean with name 'userRepository' defined in com.gym.crm.core.repository.UserRepository defined in @EnableJpaRepositories declared on JpaRepositoriesRegistrar.EnableJpaRepositoriesConfiguration: Cannot resolve reference to bean 'jpaSharedEM_entityManagerFactory' while setting bean property 'entityManager'
	at org.springframework.beans.factory.support.ConstructorResolver.createArgumentArray(ConstructorResolver.java:804)
	at org.springframework.beans.factory.support.ConstructorResolver.autowireConstructor(ConstructorResolver.java:240)
	at org.springframework.beans.factory.support.AbstractAutowireCapableBeanFactory.autowireConstructor(AbstractAutowireCapableBeanFactory.java:1387)
	at org.springframework.beans.factory.support.AbstractAutowireCapableBeanFactory.createBeanInstance(AbstractAutowireCapableBeanFactory.java:1224)
	at org.springframework.beans.factory.support.AbstractAutowireCapableBeanFactory.doCreateBean(AbstractAutowireCapableBeanFactory.java:569)
	at org.springframework.beans.factory.support.AbstractAutowireCapableBeanFactory.createBean(AbstractAutowireCapableBeanFactory.java:529)
	at org.springframework.beans.factory.support.AbstractBeanFactory.lambda$doGetBean$0(AbstractBeanFactory.java:339)
	at org.springframework.beans.factory.support.DefaultSingletonBeanRegistry.getSingleton(DefaultSingletonBeanRegistry.java:371)
	at org.springframework.beans.factory.support.AbstractBeanFactory.doGetBean(AbstractBeanFactory.java:337)
	at org.springframework.beans.factory.support.AbstractBeanFactory.getBean(AbstractBeanFactory.java:202)
	at org.springframework.beans.factory.config.DependencyDescriptor.resolveCandidate(DependencyDescriptor.java:254)
	at org.springframework.beans.factory.support.DefaultListableBeanFactory.doResolveDependency(DefaultListableBeanFactory.java:1739)
	at org.springframework.beans.factory.support.DefaultListableBeanFactory.resolveDependency(DefaultListableBeanFactory.java:1627)
	at org.springframework.beans.factory.support.ConstructorResolver.resolveAutowiredArgument(ConstructorResolver.java:913)
	at org.springframework.beans.factory.support.ConstructorResolver.createArgumentArray(ConstructorResolver.java:791)
	... 54 common frames omitted
Caused by: org.springframework.beans.factory.BeanCreationException: Error creating bean with name 'userRepository' defined in com.gym.crm.core.repository.UserRepository defined in @EnableJpaRepositories declared on JpaRepositoriesRegistrar.EnableJpaRepositoriesConfiguration: Cannot resolve reference to bean 'jpaSharedEM_entityManagerFactory' while setting bean property 'entityManager'
	at org.springframework.beans.factory.support.BeanDefinitionValueResolver.resolveReference(BeanDefinitionValueResolver.java:377)
	at org.springframework.beans.factory.support.BeanDefinitionValueResolver.resolveValueIfNecessary(BeanDefinitionValueResolver.java:135)
	at org.springframework.beans.factory.support.AbstractAutowireCapableBeanFactory.applyPropertyValues(AbstractAutowireCapableBeanFactory.java:1717)
	at org.springframework.beans.factory.support.AbstractAutowireCapableBeanFactory.populateBean(AbstractAutowireCapableBeanFactory.java:1466)
	at org.springframework.beans.factory.support.AbstractAutowireCapableBeanFactory.doCreateBean(AbstractAutowireCapableBeanFactory.java:606)
	at org.springframework.beans.factory.support.AbstractAutowireCapableBeanFactory.createBean(AbstractAutowireCapableBeanFactory.java:529)
	at org.springframework.beans.factory.support.AbstractBeanFactory.lambda$doGetBean$0(AbstractBeanFactory.java:339)
	at org.springframework.beans.factory.support.DefaultSingletonBeanRegistry.getSingleton(DefaultSingletonBeanRegistry.java:371)
	at org.springframework.beans.factory.support.AbstractBeanFactory.doGetBean(AbstractBeanFactory.java:337)
	at org.springframework.beans.factory.support.AbstractBeanFactory.getBean(AbstractBeanFactory.java:202)
	at org.springframework.beans.factory.support.DefaultListableBeanFactory.doResolveDependency(DefaultListableBeanFactory.java:1681)
	at org.springframework.beans.factory.support.DefaultListableBeanFactory.resolveDependency(DefaultListableBeanFactory.java:1627)
	at org.springframework.beans.factory.support.ConstructorResolver.resolveAutowiredArgument(ConstructorResolver.java:913)
	at org.springframework.beans.factory.support.ConstructorResolver.createArgumentArray(ConstructorResolver.java:791)
	... 68 common frames omitted
Caused by: org.springframework.beans.factory.BeanCreationException: Error creating bean with name 'jpaSharedEM_entityManagerFactory': Cannot resolve reference to bean 'entityManagerFactory' while setting constructor argument
	at org.springframework.beans.factory.support.BeanDefinitionValueResolver.resolveReference(BeanDefinitionValueResolver.java:377)
	at org.springframework.beans.factory.support.BeanDefinitionValueResolver.resolveValueIfNecessary(BeanDefinitionValueResolver.java:135)
	at org.springframework.beans.factory.support.ConstructorResolver.resolveConstructorArguments(ConstructorResolver.java:691)
	at org.springframework.beans.factory.support.ConstructorResolver.instantiateUsingFactoryMethod(ConstructorResolver.java:513)
	at org.springframework.beans.factory.support.AbstractAutowireCapableBeanFactory.instantiateUsingFactoryMethod(AbstractAutowireCapableBeanFactory.java:1367)
	at org.springframework.beans.factory.support.AbstractAutowireCapableBeanFactory.createBeanInstance(AbstractAutowireCapableBeanFactory.java:1197)
	at org.springframework.beans.factory.support.AbstractAutowireCapableBeanFactory.doCreateBean(AbstractAutowireCapableBeanFactory.java:569)
	at org.springframework.beans.factory.support.AbstractAutowireCapableBeanFactory.createBean(AbstractAutowireCapableBeanFactory.java:529)
	at org.springframework.beans.factory.support.AbstractBeanFactory.lambda$doGetBean$0(AbstractBeanFactory.java:339)
	at org.springframework.beans.factory.support.DefaultSingletonBeanRegistry.getSingleton(DefaultSingletonBeanRegistry.java:371)
	at org.springframework.beans.factory.support.AbstractBeanFactory.doGetBean(AbstractBeanFactory.java:337)
	at org.springframework.beans.factory.support.AbstractBeanFactory.getBean(AbstractBeanFactory.java:202)
	at org.springframework.beans.factory.support.BeanDefinitionValueResolver.resolveReference(BeanDefinitionValueResolver.java:365)
	... 81 common frames omitted
Caused by: org.springframework.beans.factory.BeanCreationException: Error creating bean with name 'liquibase' defined in class path resource [org/springframework/boot/autoconfigure/liquibase/LiquibaseAutoConfiguration$LiquibaseConfiguration.class]: liquibase.exception.DatabaseException: org.postgresql.util.PSQLException: FATAL: invalid value for parameter "TimeZone": "Europe/Kiev"
	at org.springframework.beans.factory.support.AbstractAutowireCapableBeanFactory.initializeBean(AbstractAutowireCapableBeanFactory.java:1818)
	at org.springframework.beans.factory.support.AbstractAutowireCapableBeanFactory.doCreateBean(AbstractAutowireCapableBeanFactory.java:607)
	at org.springframework.beans.factory.support.AbstractAutowireCapableBeanFactory.createBean(AbstractAutowireCapableBeanFactory.java:529)
	at org.springframework.beans.factory.support.AbstractBeanFactory.lambda$doGetBean$0(AbstractBeanFactory.java:339)
	at org.springframework.beans.factory.support.DefaultSingletonBeanRegistry.getSingleton(DefaultSingletonBeanRegistry.java:371)
	at org.springframework.beans.factory.support.AbstractBeanFactory.doGetBean(AbstractBeanFactory.java:337)
	at org.springframework.beans.factory.support.AbstractBeanFactory.getBean(AbstractBeanFactory.java:202)
	at org.springframework.beans.factory.support.AbstractBeanFactory.doGetBean(AbstractBeanFactory.java:315)
	at org.springframework.beans.factory.support.AbstractBeanFactory.getBean(AbstractBeanFactory.java:202)
	at org.springframework.beans.factory.support.BeanDefinitionValueResolver.resolveReference(BeanDefinitionValueResolver.java:365)
	... 93 common frames omitted
Caused by: liquibase.exception.LiquibaseException: liquibase.exception.DatabaseException: org.postgresql.util.PSQLException: FATAL: invalid value for parameter "TimeZone": "Europe/Kiev"
	at liquibase.integration.spring.SpringLiquibase.afterPropertiesSet(SpringLiquibase.java:289)
	at org.springframework.beans.factory.support.AbstractAutowireCapableBeanFactory.invokeInitMethods(AbstractAutowireCapableBeanFactory.java:1865)
	at org.springframework.beans.factory.support.AbstractAutowireCapableBeanFactory.initializeBean(AbstractAutowireCapableBeanFactory.java:1814)
	... 102 common frames omitted
Caused by: liquibase.exception.DatabaseException: org.postgresql.util.PSQLException: FATAL: invalid value for parameter "TimeZone": "Europe/Kiev"
	at liquibase.integration.spring.SpringLiquibase.lambda$afterPropertiesSet$0(SpringLiquibase.java:281)
	at liquibase.Scope.lambda$child$0(Scope.java:216)
	at liquibase.Scope.child(Scope.java:225)
	at liquibase.Scope.child(Scope.java:215)
	at liquibase.Scope.child(Scope.java:194)
	at liquibase.integration.spring.SpringLiquibase.afterPropertiesSet(SpringLiquibase.java:272)
	... 104 common frames omitted
Caused by: org.postgresql.util.PSQLException: FATAL: invalid value for parameter "TimeZone": "Europe/Kiev"
	at org.postgresql.core.v3.QueryExecutorImpl.receiveErrorResponse(QueryExecutorImpl.java:2725)
	at org.postgresql.core.v3.QueryExecutorImpl.readStartupMessages(QueryExecutorImpl.java:2837)
	at org.postgresql.core.v3.QueryExecutorImpl.<init>(QueryExecutorImpl.java:175)
	at org.postgresql.core.v3.ConnectionFactoryImpl.openConnectionImpl(ConnectionFactoryImpl.java:317)
	at org.postgresql.core.ConnectionFactory.openConnection(ConnectionFactory.java:54)
	at org.postgresql.jdbc.PgConnection.<init>(PgConnection.java:273)
	at org.postgresql.Driver.makeConnection(Driver.java:446)
	at org.postgresql.Driver.connect(Driver.java:298)
	at com.zaxxer.hikari.util.DriverDataSource.getConnection(DriverDataSource.java:137)
	at com.zaxxer.hikari.pool.PoolBase.newConnection(PoolBase.java:360)
	at com.zaxxer.hikari.pool.PoolBase.newPoolEntry(PoolBase.java:202)
	at com.zaxxer.hikari.pool.HikariPool.createPoolEntry(HikariPool.java:461)
	at com.zaxxer.hikari.pool.HikariPool.checkFailFast(HikariPool.java:550)
	at com.zaxxer.hikari.pool.HikariPool.<init>(HikariPool.java:98)
	at com.zaxxer.hikari.HikariDataSource.getConnection(HikariDataSource.java:111)
	at liquibase.integration.spring.SpringLiquibase.lambda$afterPropertiesSet$0(SpringLiquibase.java:276)
	... 109 common frames omitted
23:11:28.733 [] ERROR o.s.b.w.e.t.TomcatStarter - Error starting Tomcat context. Exception: org.springframework.beans.factory.UnsatisfiedDependencyException. Message: Error creating bean with name 'jwtAuthenticationFilter' defined in file [D:\PROJECTS\gym-crm-platform\gym-crm-core\target\classes\com\gym\crm\core\security\jwt\JwtAuthenticationFilter.class]: Unsatisfied dependency expressed through constructor parameter 1: Error creating bean with name 'authenticatedUserServiceImpl' defined in file [D:\PROJECTS\gym-crm-platform\gym-crm-core\target\classes\com\gym\crm\core\security\service\impl\AuthenticatedUserServiceImpl.class]: Unsatisfied dependency expressed through constructor parameter 0: Error creating bean with name 'userRepository' defined in com.gym.crm.core.repository.UserRepository defined in @EnableJpaRepositories declared on JpaRepositoriesRegistrar.EnableJpaRepositoriesConfiguration: Cannot resolve reference to bean 'jpaSharedEM_entityManagerFactory' while setting bean property 'entityManager'
23:11:28.768 [] ERROR o.s.b.SpringApplication - Application run failed
org.springframework.context.ApplicationContextException: Unable to start web server
	at org.springframework.boot.web.servlet.context.ServletWebServerApplicationContext.onRefresh(ServletWebServerApplicationContext.java:170)
	at org.springframework.context.support.AbstractApplicationContext.refresh(AbstractApplicationContext.java:621)
	at org.springframework.boot.web.servlet.context.ServletWebServerApplicationContext.refresh(ServletWebServerApplicationContext.java:146)
	at org.springframework.boot.SpringApplication.refresh(SpringApplication.java:753)
	at org.springframework.boot.SpringApplication.refreshContext(SpringApplication.java:439)
	at org.springframework.boot.SpringApplication.run(SpringApplication.java:318)
	at org.springframework.boot.SpringApplication.run(SpringApplication.java:1362)
	at org.springframework.boot.SpringApplication.run(SpringApplication.java:1351)
	at com.gym.crm.core.GymCrmCoreApplication.main(GymCrmCoreApplication.java:13)
Caused by: org.springframework.boot.web.server.WebServerException: Unable to start embedded Tomcat
	at org.springframework.boot.web.embedded.tomcat.TomcatWebServer.initialize(TomcatWebServer.java:147)
	at org.springframework.boot.web.embedded.tomcat.TomcatWebServer.<init>(TomcatWebServer.java:107)
	at org.springframework.boot.web.embedded.tomcat.TomcatServletWebServerFactory.getTomcatWebServer(TomcatServletWebServerFactory.java:517)
	at org.springframework.boot.web.embedded.tomcat.TomcatServletWebServerFactory.getWebServer(TomcatServletWebServerFactory.java:219)
	at org.springframework.boot.web.servlet.context.ServletWebServerApplicationContext.createWebServer(ServletWebServerApplicationContext.java:193)
	at org.springframework.boot.web.servlet.context.ServletWebServerApplicationContext.onRefresh(ServletWebServerApplicationContext.java:167)
	... 8 common frames omitted
Caused by: org.springframework.beans.factory.UnsatisfiedDependencyException: Error creating bean with name 'jwtAuthenticationFilter' defined in file [D:\PROJECTS\gym-crm-platform\gym-crm-core\target\classes\com\gym\crm\core\security\jwt\JwtAuthenticationFilter.class]: Unsatisfied dependency expressed through constructor parameter 1: Error creating bean with name 'authenticatedUserServiceImpl' defined in file [D:\PROJECTS\gym-crm-platform\gym-crm-core\target\classes\com\gym\crm\core\security\service\impl\AuthenticatedUserServiceImpl.class]: Unsatisfied dependency expressed through constructor parameter 0: Error creating bean with name 'userRepository' defined in com.gym.crm.core.repository.UserRepository defined in @EnableJpaRepositories declared on JpaRepositoriesRegistrar.EnableJpaRepositoriesConfiguration: Cannot resolve reference to bean 'jpaSharedEM_entityManagerFactory' while setting bean property 'entityManager'
	at org.springframework.beans.factory.support.ConstructorResolver.createArgumentArray(ConstructorResolver.java:804)
	at org.springframework.beans.factory.support.ConstructorResolver.autowireConstructor(ConstructorResolver.java:240)
	at org.springframework.beans.factory.support.AbstractAutowireCapableBeanFactory.autowireConstructor(AbstractAutowireCapableBeanFactory.java:1387)
	at org.springframework.beans.factory.support.AbstractAutowireCapableBeanFactory.createBeanInstance(AbstractAutowireCapableBeanFactory.java:1224)
	at org.springframework.beans.factory.support.AbstractAutowireCapableBeanFactory.doCreateBean(AbstractAutowireCapableBeanFactory.java:569)
	at org.springframework.beans.factory.support.AbstractAutowireCapableBeanFactory.createBean(AbstractAutowireCapableBeanFactory.java:529)
	at org.springframework.beans.factory.support.AbstractBeanFactory.lambda$doGetBean$0(AbstractBeanFactory.java:339)
	at org.springframework.beans.factory.support.DefaultSingletonBeanRegistry.getSingleton(DefaultSingletonBeanRegistry.java:371)
	at org.springframework.beans.factory.support.AbstractBeanFactory.doGetBean(AbstractBeanFactory.java:337)
	at org.springframework.beans.factory.support.AbstractBeanFactory.getBean(AbstractBeanFactory.java:207)
	at org.springframework.boot.web.servlet.ServletContextInitializerBeans.getOrderedBeansOfType(ServletContextInitializerBeans.java:211)
	at org.springframework.boot.web.servlet.ServletContextInitializerBeans.addAsRegistrationBean(ServletContextInitializerBeans.java:174)
	at org.springframework.boot.web.servlet.ServletContextInitializerBeans.addAsRegistrationBean(ServletContextInitializerBeans.java:169)
	at org.springframework.boot.web.servlet.ServletContextInitializerBeans.addAdaptableBeans(ServletContextInitializerBeans.java:154)
	at org.springframework.boot.web.servlet.ServletContextInitializerBeans.<init>(ServletContextInitializerBeans.java:87)
	at org.springframework.boot.web.servlet.context.ServletWebServerApplicationContext.getServletContextInitializerBeans(ServletWebServerApplicationContext.java:271)
	at org.springframework.boot.web.servlet.context.ServletWebServerApplicationContext.selfInitialize(ServletWebServerApplicationContext.java:245)
	at org.springframework.boot.web.embedded.tomcat.TomcatStarter.onStartup(TomcatStarter.java:52)
	at org.apache.catalina.core.StandardContext.startInternal(StandardContext.java:4464)
	at org.apache.catalina.util.LifecycleBase.start(LifecycleBase.java:164)
	at org.apache.catalina.core.ContainerBase$StartChild.call(ContainerBase.java:1203)
	at org.apache.catalina.core.ContainerBase$StartChild.call(ContainerBase.java:1193)
	at java.base/java.util.concurrent.FutureTask.run(FutureTask.java:264)
	at org.apache.tomcat.util.threads.InlineExecutorService.execute(InlineExecutorService.java:75)
	at java.base/java.util.concurrent.AbstractExecutorService.submit(AbstractExecutorService.java:145)
	at org.apache.catalina.core.ContainerBase.startInternal(ContainerBase.java:749)
	at org.apache.catalina.core.StandardHost.startInternal(StandardHost.java:772)
	at org.apache.catalina.util.LifecycleBase.start(LifecycleBase.java:164)
	at org.apache.catalina.core.ContainerBase$StartChild.call(ContainerBase.java:1203)
	at org.apache.catalina.core.ContainerBase$StartChild.call(ContainerBase.java:1193)
	at java.base/java.util.concurrent.FutureTask.run(FutureTask.java:264)
	at org.apache.tomcat.util.threads.InlineExecutorService.execute(InlineExecutorService.java:75)
	at java.base/java.util.concurrent.AbstractExecutorService.submit(AbstractExecutorService.java:145)
	at org.apache.catalina.core.ContainerBase.startInternal(ContainerBase.java:749)
	at org.apache.catalina.core.StandardEngine.startInternal(StandardEngine.java:203)
	at org.apache.catalina.util.LifecycleBase.start(LifecycleBase.java:164)
	at org.apache.catalina.core.StandardService.startInternal(StandardService.java:412)
	at org.apache.catalina.util.LifecycleBase.start(LifecycleBase.java:164)
	at org.apache.catalina.core.StandardServer.startInternal(StandardServer.java:870)
	at org.apache.catalina.util.LifecycleBase.start(LifecycleBase.java:164)
	at org.apache.catalina.startup.Tomcat.start(Tomcat.java:438)
	at org.springframework.boot.web.embedded.tomcat.TomcatWebServer.initialize(TomcatWebServer.java:128)
	... 13 common frames omitted
Caused by: org.springframework.beans.factory.UnsatisfiedDependencyException: Error creating bean with name 'authenticatedUserServiceImpl' defined in file [D:\PROJECTS\gym-crm-platform\gym-crm-core\target\classes\com\gym\crm\core\security\service\impl\AuthenticatedUserServiceImpl.class]: Unsatisfied dependency expressed through constructor parameter 0: Error creating bean with name 'userRepository' defined in com.gym.crm.core.repository.UserRepository defined in @EnableJpaRepositories declared on JpaRepositoriesRegistrar.EnableJpaRepositoriesConfiguration: Cannot resolve reference to bean 'jpaSharedEM_entityManagerFactory' while setting bean property 'entityManager'
	at org.springframework.beans.factory.support.ConstructorResolver.createArgumentArray(ConstructorResolver.java:804)
	at org.springframework.beans.factory.support.ConstructorResolver.autowireConstructor(ConstructorResolver.java:240)
	at org.springframework.beans.factory.support.AbstractAutowireCapableBeanFactory.autowireConstructor(AbstractAutowireCapableBeanFactory.java:1387)
	at org.springframework.beans.factory.support.AbstractAutowireCapableBeanFactory.createBeanInstance(AbstractAutowireCapableBeanFactory.java:1224)
	at org.springframework.beans.factory.support.AbstractAutowireCapableBeanFactory.doCreateBean(AbstractAutowireCapableBeanFactory.java:569)
	at org.springframework.beans.factory.support.AbstractAutowireCapableBeanFactory.createBean(AbstractAutowireCapableBeanFactory.java:529)
	at org.springframework.beans.factory.support.AbstractBeanFactory.lambda$doGetBean$0(AbstractBeanFactory.java:339)
	at org.springframework.beans.factory.support.DefaultSingletonBeanRegistry.getSingleton(DefaultSingletonBeanRegistry.java:371)
	at org.springframework.beans.factory.support.AbstractBeanFactory.doGetBean(AbstractBeanFactory.java:337)
	at org.springframework.beans.factory.support.AbstractBeanFactory.getBean(AbstractBeanFactory.java:202)
	at org.springframework.beans.factory.config.DependencyDescriptor.resolveCandidate(DependencyDescriptor.java:254)
	at org.springframework.beans.factory.support.DefaultListableBeanFactory.doResolveDependency(DefaultListableBeanFactory.java:1739)
	at org.springframework.beans.factory.support.DefaultListableBeanFactory.resolveDependency(DefaultListableBeanFactory.java:1627)
	at org.springframework.beans.factory.support.ConstructorResolver.resolveAutowiredArgument(ConstructorResolver.java:913)
	at org.springframework.beans.factory.support.ConstructorResolver.createArgumentArray(ConstructorResolver.java:791)
	... 54 common frames omitted
Caused by: org.springframework.beans.factory.BeanCreationException: Error creating bean with name 'userRepository' defined in com.gym.crm.core.repository.UserRepository defined in @EnableJpaRepositories declared on JpaRepositoriesRegistrar.EnableJpaRepositoriesConfiguration: Cannot resolve reference to bean 'jpaSharedEM_entityManagerFactory' while setting bean property 'entityManager'
	at org.springframework.beans.factory.support.BeanDefinitionValueResolver.resolveReference(BeanDefinitionValueResolver.java:377)
	at org.springframework.beans.factory.support.BeanDefinitionValueResolver.resolveValueIfNecessary(BeanDefinitionValueResolver.java:135)
	at org.springframework.beans.factory.support.AbstractAutowireCapableBeanFactory.applyPropertyValues(AbstractAutowireCapableBeanFactory.java:1717)
	at org.springframework.beans.factory.support.AbstractAutowireCapableBeanFactory.populateBean(AbstractAutowireCapableBeanFactory.java:1466)
	at org.springframework.beans.factory.support.AbstractAutowireCapableBeanFactory.doCreateBean(AbstractAutowireCapableBeanFactory.java:606)
	at org.springframework.beans.factory.support.AbstractAutowireCapableBeanFactory.createBean(AbstractAutowireCapableBeanFactory.java:529)
	at org.springframework.beans.factory.support.AbstractBeanFactory.lambda$doGetBean$0(AbstractBeanFactory.java:339)
	at org.springframework.beans.factory.support.DefaultSingletonBeanRegistry.getSingleton(DefaultSingletonBeanRegistry.java:371)
	at org.springframework.beans.factory.support.AbstractBeanFactory.doGetBean(AbstractBeanFactory.java:337)
	at org.springframework.beans.factory.support.AbstractBeanFactory.getBean(AbstractBeanFactory.java:202)
	at org.springframework.beans.factory.support.DefaultListableBeanFactory.doResolveDependency(DefaultListableBeanFactory.java:1681)
	at org.springframework.beans.factory.support.DefaultListableBeanFactory.resolveDependency(DefaultListableBeanFactory.java:1627)
	at org.springframework.beans.factory.support.ConstructorResolver.resolveAutowiredArgument(ConstructorResolver.java:913)
	at org.springframework.beans.factory.support.ConstructorResolver.createArgumentArray(ConstructorResolver.java:791)
	... 68 common frames omitted
Caused by: org.springframework.beans.factory.BeanCreationException: Error creating bean with name 'jpaSharedEM_entityManagerFactory': Cannot resolve reference to bean 'entityManagerFactory' while setting constructor argument
	at org.springframework.beans.factory.support.BeanDefinitionValueResolver.resolveReference(BeanDefinitionValueResolver.java:377)
	at org.springframework.beans.factory.support.BeanDefinitionValueResolver.resolveValueIfNecessary(BeanDefinitionValueResolver.java:135)
	at org.springframework.beans.factory.support.ConstructorResolver.resolveConstructorArguments(ConstructorResolver.java:691)
	at org.springframework.beans.factory.support.ConstructorResolver.instantiateUsingFactoryMethod(ConstructorResolver.java:513)
	at org.springframework.beans.factory.support.AbstractAutowireCapableBeanFactory.instantiateUsingFactoryMethod(AbstractAutowireCapableBeanFactory.java:1367)
	at org.springframework.beans.factory.support.AbstractAutowireCapableBeanFactory.createBeanInstance(AbstractAutowireCapableBeanFactory.java:1197)
	at org.springframework.beans.factory.support.AbstractAutowireCapableBeanFactory.doCreateBean(AbstractAutowireCapableBeanFactory.java:569)
	at org.springframework.beans.factory.support.AbstractAutowireCapableBeanFactory.createBean(AbstractAutowireCapableBeanFactory.java:529)
	at org.springframework.beans.factory.support.AbstractBeanFactory.lambda$doGetBean$0(AbstractBeanFactory.java:339)
	at org.springframework.beans.factory.support.DefaultSingletonBeanRegistry.getSingleton(DefaultSingletonBeanRegistry.java:371)
	at org.springframework.beans.factory.support.AbstractBeanFactory.doGetBean(AbstractBeanFactory.java:337)
	at org.springframework.beans.factory.support.AbstractBeanFactory.getBean(AbstractBeanFactory.java:202)
	at org.springframework.beans.factory.support.BeanDefinitionValueResolver.resolveReference(BeanDefinitionValueResolver.java:365)
	... 81 common frames omitted
Caused by: org.springframework.beans.factory.BeanCreationException: Error creating bean with name 'liquibase' defined in class path resource [org/springframework/boot/autoconfigure/liquibase/LiquibaseAutoConfiguration$LiquibaseConfiguration.class]: liquibase.exception.DatabaseException: org.postgresql.util.PSQLException: Connection to localhost:5432 refused. Check that the hostname and port are correct and that the postmaster is accepting TCP/IP connections.
	at org.springframework.beans.factory.support.AbstractAutowireCapableBeanFactory.initializeBean(AbstractAutowireCapableBeanFactory.java:1818)
	at org.springframework.beans.factory.support.AbstractAutowireCapableBeanFactory.doCreateBean(AbstractAutowireCapableBeanFactory.java:607)
	at org.springframework.beans.factory.support.AbstractAutowireCapableBeanFactory.createBean(AbstractAutowireCapableBeanFactory.java:529)
	at org.springframework.beans.factory.support.AbstractBeanFactory.lambda$doGetBean$0(AbstractBeanFactory.java:339)
	at org.springframework.beans.factory.support.DefaultSingletonBeanRegistry.getSingleton(DefaultSingletonBeanRegistry.java:371)
	at org.springframework.beans.factory.support.AbstractBeanFactory.doGetBean(AbstractBeanFactory.java:337)
	at org.springframework.beans.factory.support.AbstractBeanFactory.getBean(AbstractBeanFactory.java:202)
	at org.springframework.beans.factory.support.AbstractBeanFactory.doGetBean(AbstractBeanFactory.java:315)
	at org.springframework.beans.factory.support.AbstractBeanFactory.getBean(AbstractBeanFactory.java:202)
	at org.springframework.beans.factory.support.BeanDefinitionValueResolver.resolveReference(BeanDefinitionValueResolver.java:365)
	... 93 common frames omitted
Caused by: liquibase.exception.LiquibaseException: liquibase.exception.DatabaseException: org.postgresql.util.PSQLException: Connection to localhost:5432 refused. Check that the hostname and port are correct and that the postmaster is accepting TCP/IP connections.
	at liquibase.integration.spring.SpringLiquibase.afterPropertiesSet(SpringLiquibase.java:289)
	at org.springframework.beans.factory.support.AbstractAutowireCapableBeanFactory.invokeInitMethods(AbstractAutowireCapableBeanFactory.java:1865)
	at org.springframework.beans.factory.support.AbstractAutowireCapableBeanFactory.initializeBean(AbstractAutowireCapableBeanFactory.java:1814)
	... 102 common frames omitted
Caused by: liquibase.exception.DatabaseException: org.postgresql.util.PSQLException: Connection to localhost:5432 refused. Check that the hostname and port are correct and that the postmaster is accepting TCP/IP connections.
	at liquibase.integration.spring.SpringLiquibase.lambda$afterPropertiesSet$0(SpringLiquibase.java:281)
	at liquibase.Scope.lambda$child$0(Scope.java:216)
	at liquibase.Scope.child(Scope.java:225)
	at liquibase.Scope.child(Scope.java:215)
	at liquibase.Scope.child(Scope.java:194)
	at liquibase.integration.spring.SpringLiquibase.afterPropertiesSet(SpringLiquibase.java:272)
	... 104 common frames omitted
Caused by: org.postgresql.util.PSQLException: Connection to localhost:5432 refused. Check that the hostname and port are correct and that the postmaster is accepting TCP/IP connections.
	at org.postgresql.core.v3.ConnectionFactoryImpl.openConnectionImpl(ConnectionFactoryImpl.java:346)
	at org.postgresql.core.ConnectionFactory.openConnection(ConnectionFactory.java:54)
	at org.postgresql.jdbc.PgConnection.<init>(PgConnection.java:273)
	at org.postgresql.Driver.makeConnection(Driver.java:446)
	at org.postgresql.Driver.connect(Driver.java:298)
	at com.zaxxer.hikari.util.DriverDataSource.getConnection(DriverDataSource.java:137)
	at com.zaxxer.hikari.pool.PoolBase.newConnection(PoolBase.java:360)
	at com.zaxxer.hikari.pool.PoolBase.newPoolEntry(PoolBase.java:202)
	at com.zaxxer.hikari.pool.HikariPool.createPoolEntry(HikariPool.java:461)
	at com.zaxxer.hikari.pool.HikariPool.checkFailFast(HikariPool.java:550)
	at com.zaxxer.hikari.pool.HikariPool.<init>(HikariPool.java:98)
	at com.zaxxer.hikari.HikariDataSource.getConnection(HikariDataSource.java:111)
	at liquibase.integration.spring.SpringLiquibase.lambda$afterPropertiesSet$0(SpringLiquibase.java:276)
	... 109 common frames omitted
Caused by: java.net.ConnectException: Connection refused: no further information
	at java.base/sun.nio.ch.Net.pollConnect(Native Method)
	at java.base/sun.nio.ch.Net.pollConnectNow(Net.java:672)
	at java.base/sun.nio.ch.NioSocketImpl.timedFinishConnect(NioSocketImpl.java:547)
	at java.base/sun.nio.ch.NioSocketImpl.connect(NioSocketImpl.java:602)
	at java.base/java.net.SocksSocketImpl.connect(SocksSocketImpl.java:327)
	at java.base/java.net.Socket.connect(Socket.java:633)
	at org.postgresql.core.PGStream.createSocket(PGStream.java:243)
	at org.postgresql.core.PGStream.<init>(PGStream.java:98)
	at org.postgresql.core.v3.ConnectionFactoryImpl.tryConnect(ConnectionFactoryImpl.java:136)
	at org.postgresql.core.v3.ConnectionFactoryImpl.openConnectionImpl(ConnectionFactoryImpl.java:262)
	... 121 common frames omitted
23:12:26.563 [] ERROR o.s.b.w.e.t.TomcatStarter - Error starting Tomcat context. Exception: org.springframework.beans.factory.UnsatisfiedDependencyException. Message: Error creating bean with name 'jwtAuthenticationFilter' defined in file [D:\PROJECTS\gym-crm-platform\gym-crm-core\target\classes\com\gym\crm\core\security\jwt\JwtAuthenticationFilter.class]: Unsatisfied dependency expressed through constructor parameter 1: Error creating bean with name 'authenticatedUserServiceImpl' defined in file [D:\PROJECTS\gym-crm-platform\gym-crm-core\target\classes\com\gym\crm\core\security\service\impl\AuthenticatedUserServiceImpl.class]: Unsatisfied dependency expressed through constructor parameter 0: Error creating bean with name 'userRepository' defined in com.gym.crm.core.repository.UserRepository defined in @EnableJpaRepositories declared on JpaRepositoriesRegistrar.EnableJpaRepositoriesConfiguration: Cannot resolve reference to bean 'jpaSharedEM_entityManagerFactory' while setting bean property 'entityManager'
23:12:26.599 [] ERROR o.s.b.SpringApplication - Application run failed
org.springframework.context.ApplicationContextException: Unable to start web server
	at org.springframework.boot.web.servlet.context.ServletWebServerApplicationContext.onRefresh(ServletWebServerApplicationContext.java:170)
	at org.springframework.context.support.AbstractApplicationContext.refresh(AbstractApplicationContext.java:621)
	at org.springframework.boot.web.servlet.context.ServletWebServerApplicationContext.refresh(ServletWebServerApplicationContext.java:146)
	at org.springframework.boot.SpringApplication.refresh(SpringApplication.java:753)
	at org.springframework.boot.SpringApplication.refreshContext(SpringApplication.java:439)
	at org.springframework.boot.SpringApplication.run(SpringApplication.java:318)
	at org.springframework.boot.SpringApplication.run(SpringApplication.java:1362)
	at org.springframework.boot.SpringApplication.run(SpringApplication.java:1351)
	at com.gym.crm.core.GymCrmCoreApplication.main(GymCrmCoreApplication.java:13)
Caused by: org.springframework.boot.web.server.WebServerException: Unable to start embedded Tomcat
	at org.springframework.boot.web.embedded.tomcat.TomcatWebServer.initialize(TomcatWebServer.java:147)
	at org.springframework.boot.web.embedded.tomcat.TomcatWebServer.<init>(TomcatWebServer.java:107)
	at org.springframework.boot.web.embedded.tomcat.TomcatServletWebServerFactory.getTomcatWebServer(TomcatServletWebServerFactory.java:517)
	at org.springframework.boot.web.embedded.tomcat.TomcatServletWebServerFactory.getWebServer(TomcatServletWebServerFactory.java:219)
	at org.springframework.boot.web.servlet.context.ServletWebServerApplicationContext.createWebServer(ServletWebServerApplicationContext.java:193)
	at org.springframework.boot.web.servlet.context.ServletWebServerApplicationContext.onRefresh(ServletWebServerApplicationContext.java:167)
	... 8 common frames omitted
Caused by: org.springframework.beans.factory.UnsatisfiedDependencyException: Error creating bean with name 'jwtAuthenticationFilter' defined in file [D:\PROJECTS\gym-crm-platform\gym-crm-core\target\classes\com\gym\crm\core\security\jwt\JwtAuthenticationFilter.class]: Unsatisfied dependency expressed through constructor parameter 1: Error creating bean with name 'authenticatedUserServiceImpl' defined in file [D:\PROJECTS\gym-crm-platform\gym-crm-core\target\classes\com\gym\crm\core\security\service\impl\AuthenticatedUserServiceImpl.class]: Unsatisfied dependency expressed through constructor parameter 0: Error creating bean with name 'userRepository' defined in com.gym.crm.core.repository.UserRepository defined in @EnableJpaRepositories declared on JpaRepositoriesRegistrar.EnableJpaRepositoriesConfiguration: Cannot resolve reference to bean 'jpaSharedEM_entityManagerFactory' while setting bean property 'entityManager'
	at org.springframework.beans.factory.support.ConstructorResolver.createArgumentArray(ConstructorResolver.java:804)
	at org.springframework.beans.factory.support.ConstructorResolver.autowireConstructor(ConstructorResolver.java:240)
	at org.springframework.beans.factory.support.AbstractAutowireCapableBeanFactory.autowireConstructor(AbstractAutowireCapableBeanFactory.java:1387)
	at org.springframework.beans.factory.support.AbstractAutowireCapableBeanFactory.createBeanInstance(AbstractAutowireCapableBeanFactory.java:1224)
	at org.springframework.beans.factory.support.AbstractAutowireCapableBeanFactory.doCreateBean(AbstractAutowireCapableBeanFactory.java:569)
	at org.springframework.beans.factory.support.AbstractAutowireCapableBeanFactory.createBean(AbstractAutowireCapableBeanFactory.java:529)
	at org.springframework.beans.factory.support.AbstractBeanFactory.lambda$doGetBean$0(AbstractBeanFactory.java:339)
	at org.springframework.beans.factory.support.DefaultSingletonBeanRegistry.getSingleton(DefaultSingletonBeanRegistry.java:371)
	at org.springframework.beans.factory.support.AbstractBeanFactory.doGetBean(AbstractBeanFactory.java:337)
	at org.springframework.beans.factory.support.AbstractBeanFactory.getBean(AbstractBeanFactory.java:207)
	at org.springframework.boot.web.servlet.ServletContextInitializerBeans.getOrderedBeansOfType(ServletContextInitializerBeans.java:211)
	at org.springframework.boot.web.servlet.ServletContextInitializerBeans.addAsRegistrationBean(ServletContextInitializerBeans.java:174)
	at org.springframework.boot.web.servlet.ServletContextInitializerBeans.addAsRegistrationBean(ServletContextInitializerBeans.java:169)
	at org.springframework.boot.web.servlet.ServletContextInitializerBeans.addAdaptableBeans(ServletContextInitializerBeans.java:154)
	at org.springframework.boot.web.servlet.ServletContextInitializerBeans.<init>(ServletContextInitializerBeans.java:87)
	at org.springframework.boot.web.servlet.context.ServletWebServerApplicationContext.getServletContextInitializerBeans(ServletWebServerApplicationContext.java:271)
	at org.springframework.boot.web.servlet.context.ServletWebServerApplicationContext.selfInitialize(ServletWebServerApplicationContext.java:245)
	at org.springframework.boot.web.embedded.tomcat.TomcatStarter.onStartup(TomcatStarter.java:52)
	at org.apache.catalina.core.StandardContext.startInternal(StandardContext.java:4464)
	at org.apache.catalina.util.LifecycleBase.start(LifecycleBase.java:164)
	at org.apache.catalina.core.ContainerBase$StartChild.call(ContainerBase.java:1203)
	at org.apache.catalina.core.ContainerBase$StartChild.call(ContainerBase.java:1193)
	at java.base/java.util.concurrent.FutureTask.run(FutureTask.java:264)
	at org.apache.tomcat.util.threads.InlineExecutorService.execute(InlineExecutorService.java:75)
	at java.base/java.util.concurrent.AbstractExecutorService.submit(AbstractExecutorService.java:145)
	at org.apache.catalina.core.ContainerBase.startInternal(ContainerBase.java:749)
	at org.apache.catalina.core.StandardHost.startInternal(StandardHost.java:772)
	at org.apache.catalina.util.LifecycleBase.start(LifecycleBase.java:164)
	at org.apache.catalina.core.ContainerBase$StartChild.call(ContainerBase.java:1203)
	at org.apache.catalina.core.ContainerBase$StartChild.call(ContainerBase.java:1193)
	at java.base/java.util.concurrent.FutureTask.run(FutureTask.java:264)
	at org.apache.tomcat.util.threads.InlineExecutorService.execute(InlineExecutorService.java:75)
	at java.base/java.util.concurrent.AbstractExecutorService.submit(AbstractExecutorService.java:145)
	at org.apache.catalina.core.ContainerBase.startInternal(ContainerBase.java:749)
	at org.apache.catalina.core.StandardEngine.startInternal(StandardEngine.java:203)
	at org.apache.catalina.util.LifecycleBase.start(LifecycleBase.java:164)
	at org.apache.catalina.core.StandardService.startInternal(StandardService.java:412)
	at org.apache.catalina.util.LifecycleBase.start(LifecycleBase.java:164)
	at org.apache.catalina.core.StandardServer.startInternal(StandardServer.java:870)
	at org.apache.catalina.util.LifecycleBase.start(LifecycleBase.java:164)
	at org.apache.catalina.startup.Tomcat.start(Tomcat.java:438)
	at org.springframework.boot.web.embedded.tomcat.TomcatWebServer.initialize(TomcatWebServer.java:128)
	... 13 common frames omitted
Caused by: org.springframework.beans.factory.UnsatisfiedDependencyException: Error creating bean with name 'authenticatedUserServiceImpl' defined in file [D:\PROJECTS\gym-crm-platform\gym-crm-core\target\classes\com\gym\crm\core\security\service\impl\AuthenticatedUserServiceImpl.class]: Unsatisfied dependency expressed through constructor parameter 0: Error creating bean with name 'userRepository' defined in com.gym.crm.core.repository.UserRepository defined in @EnableJpaRepositories declared on JpaRepositoriesRegistrar.EnableJpaRepositoriesConfiguration: Cannot resolve reference to bean 'jpaSharedEM_entityManagerFactory' while setting bean property 'entityManager'
	at org.springframework.beans.factory.support.ConstructorResolver.createArgumentArray(ConstructorResolver.java:804)
	at org.springframework.beans.factory.support.ConstructorResolver.autowireConstructor(ConstructorResolver.java:240)
	at org.springframework.beans.factory.support.AbstractAutowireCapableBeanFactory.autowireConstructor(AbstractAutowireCapableBeanFactory.java:1387)
	at org.springframework.beans.factory.support.AbstractAutowireCapableBeanFactory.createBeanInstance(AbstractAutowireCapableBeanFactory.java:1224)
	at org.springframework.beans.factory.support.AbstractAutowireCapableBeanFactory.doCreateBean(AbstractAutowireCapableBeanFactory.java:569)
	at org.springframework.beans.factory.support.AbstractAutowireCapableBeanFactory.createBean(AbstractAutowireCapableBeanFactory.java:529)
	at org.springframework.beans.factory.support.AbstractBeanFactory.lambda$doGetBean$0(AbstractBeanFactory.java:339)
	at org.springframework.beans.factory.support.DefaultSingletonBeanRegistry.getSingleton(DefaultSingletonBeanRegistry.java:371)
	at org.springframework.beans.factory.support.AbstractBeanFactory.doGetBean(AbstractBeanFactory.java:337)
	at org.springframework.beans.factory.support.AbstractBeanFactory.getBean(AbstractBeanFactory.java:202)
	at org.springframework.beans.factory.config.DependencyDescriptor.resolveCandidate(DependencyDescriptor.java:254)
	at org.springframework.beans.factory.support.DefaultListableBeanFactory.doResolveDependency(DefaultListableBeanFactory.java:1739)
	at org.springframework.beans.factory.support.DefaultListableBeanFactory.resolveDependency(DefaultListableBeanFactory.java:1627)
	at org.springframework.beans.factory.support.ConstructorResolver.resolveAutowiredArgument(ConstructorResolver.java:913)
	at org.springframework.beans.factory.support.ConstructorResolver.createArgumentArray(ConstructorResolver.java:791)
	... 54 common frames omitted
Caused by: org.springframework.beans.factory.BeanCreationException: Error creating bean with name 'userRepository' defined in com.gym.crm.core.repository.UserRepository defined in @EnableJpaRepositories declared on JpaRepositoriesRegistrar.EnableJpaRepositoriesConfiguration: Cannot resolve reference to bean 'jpaSharedEM_entityManagerFactory' while setting bean property 'entityManager'
	at org.springframework.beans.factory.support.BeanDefinitionValueResolver.resolveReference(BeanDefinitionValueResolver.java:377)
	at org.springframework.beans.factory.support.BeanDefinitionValueResolver.resolveValueIfNecessary(BeanDefinitionValueResolver.java:135)
	at org.springframework.beans.factory.support.AbstractAutowireCapableBeanFactory.applyPropertyValues(AbstractAutowireCapableBeanFactory.java:1717)
	at org.springframework.beans.factory.support.AbstractAutowireCapableBeanFactory.populateBean(AbstractAutowireCapableBeanFactory.java:1466)
	at org.springframework.beans.factory.support.AbstractAutowireCapableBeanFactory.doCreateBean(AbstractAutowireCapableBeanFactory.java:606)
	at org.springframework.beans.factory.support.AbstractAutowireCapableBeanFactory.createBean(AbstractAutowireCapableBeanFactory.java:529)
	at org.springframework.beans.factory.support.AbstractBeanFactory.lambda$doGetBean$0(AbstractBeanFactory.java:339)
	at org.springframework.beans.factory.support.DefaultSingletonBeanRegistry.getSingleton(DefaultSingletonBeanRegistry.java:371)
	at org.springframework.beans.factory.support.AbstractBeanFactory.doGetBean(AbstractBeanFactory.java:337)
	at org.springframework.beans.factory.support.AbstractBeanFactory.getBean(AbstractBeanFactory.java:202)
	at org.springframework.beans.factory.support.DefaultListableBeanFactory.doResolveDependency(DefaultListableBeanFactory.java:1681)
	at org.springframework.beans.factory.support.DefaultListableBeanFactory.resolveDependency(DefaultListableBeanFactory.java:1627)
	at org.springframework.beans.factory.support.ConstructorResolver.resolveAutowiredArgument(ConstructorResolver.java:913)
	at org.springframework.beans.factory.support.ConstructorResolver.createArgumentArray(ConstructorResolver.java:791)
	... 68 common frames omitted
Caused by: org.springframework.beans.factory.BeanCreationException: Error creating bean with name 'jpaSharedEM_entityManagerFactory': Cannot resolve reference to bean 'entityManagerFactory' while setting constructor argument
	at org.springframework.beans.factory.support.BeanDefinitionValueResolver.resolveReference(BeanDefinitionValueResolver.java:377)
	at org.springframework.beans.factory.support.BeanDefinitionValueResolver.resolveValueIfNecessary(BeanDefinitionValueResolver.java:135)
	at org.springframework.beans.factory.support.ConstructorResolver.resolveConstructorArguments(ConstructorResolver.java:691)
	at org.springframework.beans.factory.support.ConstructorResolver.instantiateUsingFactoryMethod(ConstructorResolver.java:513)
	at org.springframework.beans.factory.support.AbstractAutowireCapableBeanFactory.instantiateUsingFactoryMethod(AbstractAutowireCapableBeanFactory.java:1367)
	at org.springframework.beans.factory.support.AbstractAutowireCapableBeanFactory.createBeanInstance(AbstractAutowireCapableBeanFactory.java:1197)
	at org.springframework.beans.factory.support.AbstractAutowireCapableBeanFactory.doCreateBean(AbstractAutowireCapableBeanFactory.java:569)
	at org.springframework.beans.factory.support.AbstractAutowireCapableBeanFactory.createBean(AbstractAutowireCapableBeanFactory.java:529)
	at org.springframework.beans.factory.support.AbstractBeanFactory.lambda$doGetBean$0(AbstractBeanFactory.java:339)
	at org.springframework.beans.factory.support.DefaultSingletonBeanRegistry.getSingleton(DefaultSingletonBeanRegistry.java:371)
	at org.springframework.beans.factory.support.AbstractBeanFactory.doGetBean(AbstractBeanFactory.java:337)
	at org.springframework.beans.factory.support.AbstractBeanFactory.getBean(AbstractBeanFactory.java:202)
	at org.springframework.beans.factory.support.BeanDefinitionValueResolver.resolveReference(BeanDefinitionValueResolver.java:365)
	... 81 common frames omitted
Caused by: org.springframework.beans.factory.BeanCreationException: Error creating bean with name 'liquibase' defined in class path resource [org/springframework/boot/autoconfigure/liquibase/LiquibaseAutoConfiguration$LiquibaseConfiguration.class]: liquibase.exception.DatabaseException: org.postgresql.util.PSQLException: FATAL: invalid value for parameter "TimeZone": "Europe/Kiev"
	at org.springframework.beans.factory.support.AbstractAutowireCapableBeanFactory.initializeBean(AbstractAutowireCapableBeanFactory.java:1818)
	at org.springframework.beans.factory.support.AbstractAutowireCapableBeanFactory.doCreateBean(AbstractAutowireCapableBeanFactory.java:607)
	at org.springframework.beans.factory.support.AbstractAutowireCapableBeanFactory.createBean(AbstractAutowireCapableBeanFactory.java:529)
	at org.springframework.beans.factory.support.AbstractBeanFactory.lambda$doGetBean$0(AbstractBeanFactory.java:339)
	at org.springframework.beans.factory.support.DefaultSingletonBeanRegistry.getSingleton(DefaultSingletonBeanRegistry.java:371)
	at org.springframework.beans.factory.support.AbstractBeanFactory.doGetBean(AbstractBeanFactory.java:337)
	at org.springframework.beans.factory.support.AbstractBeanFactory.getBean(AbstractBeanFactory.java:202)
	at org.springframework.beans.factory.support.AbstractBeanFactory.doGetBean(AbstractBeanFactory.java:315)
	at org.springframework.beans.factory.support.AbstractBeanFactory.getBean(AbstractBeanFactory.java:202)
	at org.springframework.beans.factory.support.BeanDefinitionValueResolver.resolveReference(BeanDefinitionValueResolver.java:365)
	... 93 common frames omitted
Caused by: liquibase.exception.LiquibaseException: liquibase.exception.DatabaseException: org.postgresql.util.PSQLException: FATAL: invalid value for parameter "TimeZone": "Europe/Kiev"
	at liquibase.integration.spring.SpringLiquibase.afterPropertiesSet(SpringLiquibase.java:289)
	at org.springframework.beans.factory.support.AbstractAutowireCapableBeanFactory.invokeInitMethods(AbstractAutowireCapableBeanFactory.java:1865)
	at org.springframework.beans.factory.support.AbstractAutowireCapableBeanFactory.initializeBean(AbstractAutowireCapableBeanFactory.java:1814)
	... 102 common frames omitted
Caused by: liquibase.exception.DatabaseException: org.postgresql.util.PSQLException: FATAL: invalid value for parameter "TimeZone": "Europe/Kiev"
	at liquibase.integration.spring.SpringLiquibase.lambda$afterPropertiesSet$0(SpringLiquibase.java:281)
	at liquibase.Scope.lambda$child$0(Scope.java:216)
	at liquibase.Scope.child(Scope.java:225)
	at liquibase.Scope.child(Scope.java:215)
	at liquibase.Scope.child(Scope.java:194)
	at liquibase.integration.spring.SpringLiquibase.afterPropertiesSet(SpringLiquibase.java:272)
	... 104 common frames omitted
Caused by: org.postgresql.util.PSQLException: FATAL: invalid value for parameter "TimeZone": "Europe/Kiev"
	at org.postgresql.core.v3.QueryExecutorImpl.receiveErrorResponse(QueryExecutorImpl.java:2725)
	at org.postgresql.core.v3.QueryExecutorImpl.readStartupMessages(QueryExecutorImpl.java:2837)
	at org.postgresql.core.v3.QueryExecutorImpl.<init>(QueryExecutorImpl.java:175)
	at org.postgresql.core.v3.ConnectionFactoryImpl.openConnectionImpl(ConnectionFactoryImpl.java:317)
	at org.postgresql.core.ConnectionFactory.openConnection(ConnectionFactory.java:54)
	at org.postgresql.jdbc.PgConnection.<init>(PgConnection.java:273)
	at org.postgresql.Driver.makeConnection(Driver.java:446)
	at org.postgresql.Driver.connect(Driver.java:298)
	at com.zaxxer.hikari.util.DriverDataSource.getConnection(DriverDataSource.java:137)
	at com.zaxxer.hikari.pool.PoolBase.newConnection(PoolBase.java:360)
	at com.zaxxer.hikari.pool.PoolBase.newPoolEntry(PoolBase.java:202)
	at com.zaxxer.hikari.pool.HikariPool.createPoolEntry(HikariPool.java:461)
	at com.zaxxer.hikari.pool.HikariPool.checkFailFast(HikariPool.java:550)
	at com.zaxxer.hikari.pool.HikariPool.<init>(HikariPool.java:98)
	at com.zaxxer.hikari.HikariDataSource.getConnection(HikariDataSource.java:111)
	at liquibase.integration.spring.SpringLiquibase.lambda$afterPropertiesSet$0(SpringLiquibase.java:276)
	... 109 common frames omitted
23:14:18.340 [] ERROR o.s.b.w.e.t.TomcatStarter - Error starting Tomcat context. Exception: org.springframework.beans.factory.UnsatisfiedDependencyException. Message: Error creating bean with name 'jwtAuthenticationFilter' defined in file [D:\PROJECTS\gym-crm-platform\gym-crm-core\target\classes\com\gym\crm\core\security\jwt\JwtAuthenticationFilter.class]: Unsatisfied dependency expressed through constructor parameter 1: Error creating bean with name 'authenticatedUserServiceImpl' defined in file [D:\PROJECTS\gym-crm-platform\gym-crm-core\target\classes\com\gym\crm\core\security\service\impl\AuthenticatedUserServiceImpl.class]: Unsatisfied dependency expressed through constructor parameter 0: Error creating bean with name 'userRepository' defined in com.gym.crm.core.repository.UserRepository defined in @EnableJpaRepositories declared on JpaRepositoriesRegistrar.EnableJpaRepositoriesConfiguration: Cannot resolve reference to bean 'jpaSharedEM_entityManagerFactory' while setting bean property 'entityManager'
23:14:18.375 [] ERROR o.s.b.SpringApplication - Application run failed
org.springframework.context.ApplicationContextException: Unable to start web server
	at org.springframework.boot.web.servlet.context.ServletWebServerApplicationContext.onRefresh(ServletWebServerApplicationContext.java:170)
	at org.springframework.context.support.AbstractApplicationContext.refresh(AbstractApplicationContext.java:621)
	at org.springframework.boot.web.servlet.context.ServletWebServerApplicationContext.refresh(ServletWebServerApplicationContext.java:146)
	at org.springframework.boot.SpringApplication.refresh(SpringApplication.java:753)
	at org.springframework.boot.SpringApplication.refreshContext(SpringApplication.java:439)
	at org.springframework.boot.SpringApplication.run(SpringApplication.java:318)
	at org.springframework.boot.SpringApplication.run(SpringApplication.java:1362)
	at org.springframework.boot.SpringApplication.run(SpringApplication.java:1351)
	at com.gym.crm.core.GymCrmCoreApplication.main(GymCrmCoreApplication.java:13)
Caused by: org.springframework.boot.web.server.WebServerException: Unable to start embedded Tomcat
	at org.springframework.boot.web.embedded.tomcat.TomcatWebServer.initialize(TomcatWebServer.java:147)
	at org.springframework.boot.web.embedded.tomcat.TomcatWebServer.<init>(TomcatWebServer.java:107)
	at org.springframework.boot.web.embedded.tomcat.TomcatServletWebServerFactory.getTomcatWebServer(TomcatServletWebServerFactory.java:517)
	at org.springframework.boot.web.embedded.tomcat.TomcatServletWebServerFactory.getWebServer(TomcatServletWebServerFactory.java:219)
	at org.springframework.boot.web.servlet.context.ServletWebServerApplicationContext.createWebServer(ServletWebServerApplicationContext.java:193)
	at org.springframework.boot.web.servlet.context.ServletWebServerApplicationContext.onRefresh(ServletWebServerApplicationContext.java:167)
	... 8 common frames omitted
Caused by: org.springframework.beans.factory.UnsatisfiedDependencyException: Error creating bean with name 'jwtAuthenticationFilter' defined in file [D:\PROJECTS\gym-crm-platform\gym-crm-core\target\classes\com\gym\crm\core\security\jwt\JwtAuthenticationFilter.class]: Unsatisfied dependency expressed through constructor parameter 1: Error creating bean with name 'authenticatedUserServiceImpl' defined in file [D:\PROJECTS\gym-crm-platform\gym-crm-core\target\classes\com\gym\crm\core\security\service\impl\AuthenticatedUserServiceImpl.class]: Unsatisfied dependency expressed through constructor parameter 0: Error creating bean with name 'userRepository' defined in com.gym.crm.core.repository.UserRepository defined in @EnableJpaRepositories declared on JpaRepositoriesRegistrar.EnableJpaRepositoriesConfiguration: Cannot resolve reference to bean 'jpaSharedEM_entityManagerFactory' while setting bean property 'entityManager'
	at org.springframework.beans.factory.support.ConstructorResolver.createArgumentArray(ConstructorResolver.java:804)
	at org.springframework.beans.factory.support.ConstructorResolver.autowireConstructor(ConstructorResolver.java:240)
	at org.springframework.beans.factory.support.AbstractAutowireCapableBeanFactory.autowireConstructor(AbstractAutowireCapableBeanFactory.java:1387)
	at org.springframework.beans.factory.support.AbstractAutowireCapableBeanFactory.createBeanInstance(AbstractAutowireCapableBeanFactory.java:1224)
	at org.springframework.beans.factory.support.AbstractAutowireCapableBeanFactory.doCreateBean(AbstractAutowireCapableBeanFactory.java:569)
	at org.springframework.beans.factory.support.AbstractAutowireCapableBeanFactory.createBean(AbstractAutowireCapableBeanFactory.java:529)
	at org.springframework.beans.factory.support.AbstractBeanFactory.lambda$doGetBean$0(AbstractBeanFactory.java:339)
	at org.springframework.beans.factory.support.DefaultSingletonBeanRegistry.getSingleton(DefaultSingletonBeanRegistry.java:371)
	at org.springframework.beans.factory.support.AbstractBeanFactory.doGetBean(AbstractBeanFactory.java:337)
	at org.springframework.beans.factory.support.AbstractBeanFactory.getBean(AbstractBeanFactory.java:207)
	at org.springframework.boot.web.servlet.ServletContextInitializerBeans.getOrderedBeansOfType(ServletContextInitializerBeans.java:211)
	at org.springframework.boot.web.servlet.ServletContextInitializerBeans.addAsRegistrationBean(ServletContextInitializerBeans.java:174)
	at org.springframework.boot.web.servlet.ServletContextInitializerBeans.addAsRegistrationBean(ServletContextInitializerBeans.java:169)
	at org.springframework.boot.web.servlet.ServletContextInitializerBeans.addAdaptableBeans(ServletContextInitializerBeans.java:154)
	at org.springframework.boot.web.servlet.ServletContextInitializerBeans.<init>(ServletContextInitializerBeans.java:87)
	at org.springframework.boot.web.servlet.context.ServletWebServerApplicationContext.getServletContextInitializerBeans(ServletWebServerApplicationContext.java:271)
	at org.springframework.boot.web.servlet.context.ServletWebServerApplicationContext.selfInitialize(ServletWebServerApplicationContext.java:245)
	at org.springframework.boot.web.embedded.tomcat.TomcatStarter.onStartup(TomcatStarter.java:52)
	at org.apache.catalina.core.StandardContext.startInternal(StandardContext.java:4464)
	at org.apache.catalina.util.LifecycleBase.start(LifecycleBase.java:164)
	at org.apache.catalina.core.ContainerBase$StartChild.call(ContainerBase.java:1203)
	at org.apache.catalina.core.ContainerBase$StartChild.call(ContainerBase.java:1193)
	at java.base/java.util.concurrent.FutureTask.run(FutureTask.java:264)
	at org.apache.tomcat.util.threads.InlineExecutorService.execute(InlineExecutorService.java:75)
	at java.base/java.util.concurrent.AbstractExecutorService.submit(AbstractExecutorService.java:145)
	at org.apache.catalina.core.ContainerBase.startInternal(ContainerBase.java:749)
	at org.apache.catalina.core.StandardHost.startInternal(StandardHost.java:772)
	at org.apache.catalina.util.LifecycleBase.start(LifecycleBase.java:164)
	at org.apache.catalina.core.ContainerBase$StartChild.call(ContainerBase.java:1203)
	at org.apache.catalina.core.ContainerBase$StartChild.call(ContainerBase.java:1193)
	at java.base/java.util.concurrent.FutureTask.run(FutureTask.java:264)
	at org.apache.tomcat.util.threads.InlineExecutorService.execute(InlineExecutorService.java:75)
	at java.base/java.util.concurrent.AbstractExecutorService.submit(AbstractExecutorService.java:145)
	at org.apache.catalina.core.ContainerBase.startInternal(ContainerBase.java:749)
	at org.apache.catalina.core.StandardEngine.startInternal(StandardEngine.java:203)
	at org.apache.catalina.util.LifecycleBase.start(LifecycleBase.java:164)
	at org.apache.catalina.core.StandardService.startInternal(StandardService.java:412)
	at org.apache.catalina.util.LifecycleBase.start(LifecycleBase.java:164)
	at org.apache.catalina.core.StandardServer.startInternal(StandardServer.java:870)
	at org.apache.catalina.util.LifecycleBase.start(LifecycleBase.java:164)
	at org.apache.catalina.startup.Tomcat.start(Tomcat.java:438)
	at org.springframework.boot.web.embedded.tomcat.TomcatWebServer.initialize(TomcatWebServer.java:128)
	... 13 common frames omitted
Caused by: org.springframework.beans.factory.UnsatisfiedDependencyException: Error creating bean with name 'authenticatedUserServiceImpl' defined in file [D:\PROJECTS\gym-crm-platform\gym-crm-core\target\classes\com\gym\crm\core\security\service\impl\AuthenticatedUserServiceImpl.class]: Unsatisfied dependency expressed through constructor parameter 0: Error creating bean with name 'userRepository' defined in com.gym.crm.core.repository.UserRepository defined in @EnableJpaRepositories declared on JpaRepositoriesRegistrar.EnableJpaRepositoriesConfiguration: Cannot resolve reference to bean 'jpaSharedEM_entityManagerFactory' while setting bean property 'entityManager'
	at org.springframework.beans.factory.support.ConstructorResolver.createArgumentArray(ConstructorResolver.java:804)
	at org.springframework.beans.factory.support.ConstructorResolver.autowireConstructor(ConstructorResolver.java:240)
	at org.springframework.beans.factory.support.AbstractAutowireCapableBeanFactory.autowireConstructor(AbstractAutowireCapableBeanFactory.java:1387)
	at org.springframework.beans.factory.support.AbstractAutowireCapableBeanFactory.createBeanInstance(AbstractAutowireCapableBeanFactory.java:1224)
	at org.springframework.beans.factory.support.AbstractAutowireCapableBeanFactory.doCreateBean(AbstractAutowireCapableBeanFactory.java:569)
	at org.springframework.beans.factory.support.AbstractAutowireCapableBeanFactory.createBean(AbstractAutowireCapableBeanFactory.java:529)
	at org.springframework.beans.factory.support.AbstractBeanFactory.lambda$doGetBean$0(AbstractBeanFactory.java:339)
	at org.springframework.beans.factory.support.DefaultSingletonBeanRegistry.getSingleton(DefaultSingletonBeanRegistry.java:371)
	at org.springframework.beans.factory.support.AbstractBeanFactory.doGetBean(AbstractBeanFactory.java:337)
	at org.springframework.beans.factory.support.AbstractBeanFactory.getBean(AbstractBeanFactory.java:202)
	at org.springframework.beans.factory.config.DependencyDescriptor.resolveCandidate(DependencyDescriptor.java:254)
	at org.springframework.beans.factory.support.DefaultListableBeanFactory.doResolveDependency(DefaultListableBeanFactory.java:1739)
	at org.springframework.beans.factory.support.DefaultListableBeanFactory.resolveDependency(DefaultListableBeanFactory.java:1627)
	at org.springframework.beans.factory.support.ConstructorResolver.resolveAutowiredArgument(ConstructorResolver.java:913)
	at org.springframework.beans.factory.support.ConstructorResolver.createArgumentArray(ConstructorResolver.java:791)
	... 54 common frames omitted
Caused by: org.springframework.beans.factory.BeanCreationException: Error creating bean with name 'userRepository' defined in com.gym.crm.core.repository.UserRepository defined in @EnableJpaRepositories declared on JpaRepositoriesRegistrar.EnableJpaRepositoriesConfiguration: Cannot resolve reference to bean 'jpaSharedEM_entityManagerFactory' while setting bean property 'entityManager'
	at org.springframework.beans.factory.support.BeanDefinitionValueResolver.resolveReference(BeanDefinitionValueResolver.java:377)
	at org.springframework.beans.factory.support.BeanDefinitionValueResolver.resolveValueIfNecessary(BeanDefinitionValueResolver.java:135)
	at org.springframework.beans.factory.support.AbstractAutowireCapableBeanFactory.applyPropertyValues(AbstractAutowireCapableBeanFactory.java:1717)
	at org.springframework.beans.factory.support.AbstractAutowireCapableBeanFactory.populateBean(AbstractAutowireCapableBeanFactory.java:1466)
	at org.springframework.beans.factory.support.AbstractAutowireCapableBeanFactory.doCreateBean(AbstractAutowireCapableBeanFactory.java:606)
	at org.springframework.beans.factory.support.AbstractAutowireCapableBeanFactory.createBean(AbstractAutowireCapableBeanFactory.java:529)
	at org.springframework.beans.factory.support.AbstractBeanFactory.lambda$doGetBean$0(AbstractBeanFactory.java:339)
	at org.springframework.beans.factory.support.DefaultSingletonBeanRegistry.getSingleton(DefaultSingletonBeanRegistry.java:371)
	at org.springframework.beans.factory.support.AbstractBeanFactory.doGetBean(AbstractBeanFactory.java:337)
	at org.springframework.beans.factory.support.AbstractBeanFactory.getBean(AbstractBeanFactory.java:202)
	at org.springframework.beans.factory.support.DefaultListableBeanFactory.doResolveDependency(DefaultListableBeanFactory.java:1681)
	at org.springframework.beans.factory.support.DefaultListableBeanFactory.resolveDependency(DefaultListableBeanFactory.java:1627)
	at org.springframework.beans.factory.support.ConstructorResolver.resolveAutowiredArgument(ConstructorResolver.java:913)
	at org.springframework.beans.factory.support.ConstructorResolver.createArgumentArray(ConstructorResolver.java:791)
	... 68 common frames omitted
Caused by: org.springframework.beans.factory.BeanCreationException: Error creating bean with name 'jpaSharedEM_entityManagerFactory': Cannot resolve reference to bean 'entityManagerFactory' while setting constructor argument
	at org.springframework.beans.factory.support.BeanDefinitionValueResolver.resolveReference(BeanDefinitionValueResolver.java:377)
	at org.springframework.beans.factory.support.BeanDefinitionValueResolver.resolveValueIfNecessary(BeanDefinitionValueResolver.java:135)
	at org.springframework.beans.factory.support.ConstructorResolver.resolveConstructorArguments(ConstructorResolver.java:691)
	at org.springframework.beans.factory.support.ConstructorResolver.instantiateUsingFactoryMethod(ConstructorResolver.java:513)
	at org.springframework.beans.factory.support.AbstractAutowireCapableBeanFactory.instantiateUsingFactoryMethod(AbstractAutowireCapableBeanFactory.java:1367)
	at org.springframework.beans.factory.support.AbstractAutowireCapableBeanFactory.createBeanInstance(AbstractAutowireCapableBeanFactory.java:1197)
	at org.springframework.beans.factory.support.AbstractAutowireCapableBeanFactory.doCreateBean(AbstractAutowireCapableBeanFactory.java:569)
	at org.springframework.beans.factory.support.AbstractAutowireCapableBeanFactory.createBean(AbstractAutowireCapableBeanFactory.java:529)
	at org.springframework.beans.factory.support.AbstractBeanFactory.lambda$doGetBean$0(AbstractBeanFactory.java:339)
	at org.springframework.beans.factory.support.DefaultSingletonBeanRegistry.getSingleton(DefaultSingletonBeanRegistry.java:371)
	at org.springframework.beans.factory.support.AbstractBeanFactory.doGetBean(AbstractBeanFactory.java:337)
	at org.springframework.beans.factory.support.AbstractBeanFactory.getBean(AbstractBeanFactory.java:202)
	at org.springframework.beans.factory.support.BeanDefinitionValueResolver.resolveReference(BeanDefinitionValueResolver.java:365)
	... 81 common frames omitted
Caused by: org.springframework.beans.factory.BeanCreationException: Error creating bean with name 'liquibase' defined in class path resource [org/springframework/boot/autoconfigure/liquibase/LiquibaseAutoConfiguration$LiquibaseConfiguration.class]: liquibase.exception.DatabaseException: org.postgresql.util.PSQLException: FATAL: invalid value for parameter "TimeZone": "Europe/Kiev"
	at org.springframework.beans.factory.support.AbstractAutowireCapableBeanFactory.initializeBean(AbstractAutowireCapableBeanFactory.java:1818)
	at org.springframework.beans.factory.support.AbstractAutowireCapableBeanFactory.doCreateBean(AbstractAutowireCapableBeanFactory.java:607)
	at org.springframework.beans.factory.support.AbstractAutowireCapableBeanFactory.createBean(AbstractAutowireCapableBeanFactory.java:529)
	at org.springframework.beans.factory.support.AbstractBeanFactory.lambda$doGetBean$0(AbstractBeanFactory.java:339)
	at org.springframework.beans.factory.support.DefaultSingletonBeanRegistry.getSingleton(DefaultSingletonBeanRegistry.java:371)
	at org.springframework.beans.factory.support.AbstractBeanFactory.doGetBean(AbstractBeanFactory.java:337)
	at org.springframework.beans.factory.support.AbstractBeanFactory.getBean(AbstractBeanFactory.java:202)
	at org.springframework.beans.factory.support.AbstractBeanFactory.doGetBean(AbstractBeanFactory.java:315)
	at org.springframework.beans.factory.support.AbstractBeanFactory.getBean(AbstractBeanFactory.java:202)
	at org.springframework.beans.factory.support.BeanDefinitionValueResolver.resolveReference(BeanDefinitionValueResolver.java:365)
	... 93 common frames omitted
Caused by: liquibase.exception.LiquibaseException: liquibase.exception.DatabaseException: org.postgresql.util.PSQLException: FATAL: invalid value for parameter "TimeZone": "Europe/Kiev"
	at liquibase.integration.spring.SpringLiquibase.afterPropertiesSet(SpringLiquibase.java:289)
	at org.springframework.beans.factory.support.AbstractAutowireCapableBeanFactory.invokeInitMethods(AbstractAutowireCapableBeanFactory.java:1865)
	at org.springframework.beans.factory.support.AbstractAutowireCapableBeanFactory.initializeBean(AbstractAutowireCapableBeanFactory.java:1814)
	... 102 common frames omitted
Caused by: liquibase.exception.DatabaseException: org.postgresql.util.PSQLException: FATAL: invalid value for parameter "TimeZone": "Europe/Kiev"
	at liquibase.integration.spring.SpringLiquibase.lambda$afterPropertiesSet$0(SpringLiquibase.java:281)
	at liquibase.Scope.lambda$child$0(Scope.java:216)
	at liquibase.Scope.child(Scope.java:225)
	at liquibase.Scope.child(Scope.java:215)
	at liquibase.Scope.child(Scope.java:194)
	at liquibase.integration.spring.SpringLiquibase.afterPropertiesSet(SpringLiquibase.java:272)
	... 104 common frames omitted
Caused by: org.postgresql.util.PSQLException: FATAL: invalid value for parameter "TimeZone": "Europe/Kiev"
	at org.postgresql.core.v3.QueryExecutorImpl.receiveErrorResponse(QueryExecutorImpl.java:2725)
	at org.postgresql.core.v3.QueryExecutorImpl.readStartupMessages(QueryExecutorImpl.java:2837)
	at org.postgresql.core.v3.QueryExecutorImpl.<init>(QueryExecutorImpl.java:175)
	at org.postgresql.core.v3.ConnectionFactoryImpl.openConnectionImpl(ConnectionFactoryImpl.java:317)
	at org.postgresql.core.ConnectionFactory.openConnection(ConnectionFactory.java:54)
	at org.postgresql.jdbc.PgConnection.<init>(PgConnection.java:273)
	at org.postgresql.Driver.makeConnection(Driver.java:446)
	at org.postgresql.Driver.connect(Driver.java:298)
	at com.zaxxer.hikari.util.DriverDataSource.getConnection(DriverDataSource.java:137)
	at com.zaxxer.hikari.pool.PoolBase.newConnection(PoolBase.java:360)
	at com.zaxxer.hikari.pool.PoolBase.newPoolEntry(PoolBase.java:202)
	at com.zaxxer.hikari.pool.HikariPool.createPoolEntry(HikariPool.java:461)
	at com.zaxxer.hikari.pool.HikariPool.checkFailFast(HikariPool.java:550)
	at com.zaxxer.hikari.pool.HikariPool.<init>(HikariPool.java:98)
	at com.zaxxer.hikari.HikariDataSource.getConnection(HikariDataSource.java:111)
	at liquibase.integration.spring.SpringLiquibase.lambda$afterPropertiesSet$0(SpringLiquibase.java:276)
	... 109 common frames omitted
23:28:49.166 [] ERROR o.s.b.w.e.t.TomcatStarter - Error starting Tomcat context. Exception: org.springframework.beans.factory.UnsatisfiedDependencyException. Message: Error creating bean with name 'jwtAuthenticationFilter' defined in file [D:\PROJECTS\gym-crm-platform\gym-crm-core\target\classes\com\gym\crm\core\security\jwt\JwtAuthenticationFilter.class]: Unsatisfied dependency expressed through constructor parameter 1: Error creating bean with name 'authenticatedUserServiceImpl' defined in file [D:\PROJECTS\gym-crm-platform\gym-crm-core\target\classes\com\gym\crm\core\security\service\impl\AuthenticatedUserServiceImpl.class]: Unsatisfied dependency expressed through constructor parameter 0: Error creating bean with name 'userRepository' defined in com.gym.crm.core.repository.UserRepository defined in @EnableJpaRepositories declared on JpaRepositoriesRegistrar.EnableJpaRepositoriesConfiguration: Cannot resolve reference to bean 'jpaSharedEM_entityManagerFactory' while setting bean property 'entityManager'
23:28:49.200 [] ERROR o.s.b.SpringApplication - Application run failed
org.springframework.context.ApplicationContextException: Unable to start web server
	at org.springframework.boot.web.servlet.context.ServletWebServerApplicationContext.onRefresh(ServletWebServerApplicationContext.java:170)
	at org.springframework.context.support.AbstractApplicationContext.refresh(AbstractApplicationContext.java:621)
	at org.springframework.boot.web.servlet.context.ServletWebServerApplicationContext.refresh(ServletWebServerApplicationContext.java:146)
	at org.springframework.boot.SpringApplication.refresh(SpringApplication.java:753)
	at org.springframework.boot.SpringApplication.refreshContext(SpringApplication.java:439)
	at org.springframework.boot.SpringApplication.run(SpringApplication.java:318)
	at org.springframework.boot.SpringApplication.run(SpringApplication.java:1362)
	at org.springframework.boot.SpringApplication.run(SpringApplication.java:1351)
	at com.gym.crm.core.GymCrmCoreApplication.main(GymCrmCoreApplication.java:14)
Caused by: org.springframework.boot.web.server.WebServerException: Unable to start embedded Tomcat
	at org.springframework.boot.web.embedded.tomcat.TomcatWebServer.initialize(TomcatWebServer.java:147)
	at org.springframework.boot.web.embedded.tomcat.TomcatWebServer.<init>(TomcatWebServer.java:107)
	at org.springframework.boot.web.embedded.tomcat.TomcatServletWebServerFactory.getTomcatWebServer(TomcatServletWebServerFactory.java:517)
	at org.springframework.boot.web.embedded.tomcat.TomcatServletWebServerFactory.getWebServer(TomcatServletWebServerFactory.java:219)
	at org.springframework.boot.web.servlet.context.ServletWebServerApplicationContext.createWebServer(ServletWebServerApplicationContext.java:193)
	at org.springframework.boot.web.servlet.context.ServletWebServerApplicationContext.onRefresh(ServletWebServerApplicationContext.java:167)
	... 8 common frames omitted
Caused by: org.springframework.beans.factory.UnsatisfiedDependencyException: Error creating bean with name 'jwtAuthenticationFilter' defined in file [D:\PROJECTS\gym-crm-platform\gym-crm-core\target\classes\com\gym\crm\core\security\jwt\JwtAuthenticationFilter.class]: Unsatisfied dependency expressed through constructor parameter 1: Error creating bean with name 'authenticatedUserServiceImpl' defined in file [D:\PROJECTS\gym-crm-platform\gym-crm-core\target\classes\com\gym\crm\core\security\service\impl\AuthenticatedUserServiceImpl.class]: Unsatisfied dependency expressed through constructor parameter 0: Error creating bean with name 'userRepository' defined in com.gym.crm.core.repository.UserRepository defined in @EnableJpaRepositories declared on JpaRepositoriesRegistrar.EnableJpaRepositoriesConfiguration: Cannot resolve reference to bean 'jpaSharedEM_entityManagerFactory' while setting bean property 'entityManager'
	at org.springframework.beans.factory.support.ConstructorResolver.createArgumentArray(ConstructorResolver.java:804)
	at org.springframework.beans.factory.support.ConstructorResolver.autowireConstructor(ConstructorResolver.java:240)
	at org.springframework.beans.factory.support.AbstractAutowireCapableBeanFactory.autowireConstructor(AbstractAutowireCapableBeanFactory.java:1387)
	at org.springframework.beans.factory.support.AbstractAutowireCapableBeanFactory.createBeanInstance(AbstractAutowireCapableBeanFactory.java:1224)
	at org.springframework.beans.factory.support.AbstractAutowireCapableBeanFactory.doCreateBean(AbstractAutowireCapableBeanFactory.java:569)
	at org.springframework.beans.factory.support.AbstractAutowireCapableBeanFactory.createBean(AbstractAutowireCapableBeanFactory.java:529)
	at org.springframework.beans.factory.support.AbstractBeanFactory.lambda$doGetBean$0(AbstractBeanFactory.java:339)
	at org.springframework.beans.factory.support.DefaultSingletonBeanRegistry.getSingleton(DefaultSingletonBeanRegistry.java:371)
	at org.springframework.beans.factory.support.AbstractBeanFactory.doGetBean(AbstractBeanFactory.java:337)
	at org.springframework.beans.factory.support.AbstractBeanFactory.getBean(AbstractBeanFactory.java:207)
	at org.springframework.boot.web.servlet.ServletContextInitializerBeans.getOrderedBeansOfType(ServletContextInitializerBeans.java:211)
	at org.springframework.boot.web.servlet.ServletContextInitializerBeans.addAsRegistrationBean(ServletContextInitializerBeans.java:174)
	at org.springframework.boot.web.servlet.ServletContextInitializerBeans.addAsRegistrationBean(ServletContextInitializerBeans.java:169)
	at org.springframework.boot.web.servlet.ServletContextInitializerBeans.addAdaptableBeans(ServletContextInitializerBeans.java:154)
	at org.springframework.boot.web.servlet.ServletContextInitializerBeans.<init>(ServletContextInitializerBeans.java:87)
	at org.springframework.boot.web.servlet.context.ServletWebServerApplicationContext.getServletContextInitializerBeans(ServletWebServerApplicationContext.java:271)
	at org.springframework.boot.web.servlet.context.ServletWebServerApplicationContext.selfInitialize(ServletWebServerApplicationContext.java:245)
	at org.springframework.boot.web.embedded.tomcat.TomcatStarter.onStartup(TomcatStarter.java:52)
	at org.apache.catalina.core.StandardContext.startInternal(StandardContext.java:4464)
	at org.apache.catalina.util.LifecycleBase.start(LifecycleBase.java:164)
	at org.apache.catalina.core.ContainerBase$StartChild.call(ContainerBase.java:1203)
	at org.apache.catalina.core.ContainerBase$StartChild.call(ContainerBase.java:1193)
	at java.base/java.util.concurrent.FutureTask.run(FutureTask.java:264)
	at org.apache.tomcat.util.threads.InlineExecutorService.execute(InlineExecutorService.java:75)
	at java.base/java.util.concurrent.AbstractExecutorService.submit(AbstractExecutorService.java:145)
	at org.apache.catalina.core.ContainerBase.startInternal(ContainerBase.java:749)
	at org.apache.catalina.core.StandardHost.startInternal(StandardHost.java:772)
	at org.apache.catalina.util.LifecycleBase.start(LifecycleBase.java:164)
	at org.apache.catalina.core.ContainerBase$StartChild.call(ContainerBase.java:1203)
	at org.apache.catalina.core.ContainerBase$StartChild.call(ContainerBase.java:1193)
	at java.base/java.util.concurrent.FutureTask.run(FutureTask.java:264)
	at org.apache.tomcat.util.threads.InlineExecutorService.execute(InlineExecutorService.java:75)
	at java.base/java.util.concurrent.AbstractExecutorService.submit(AbstractExecutorService.java:145)
	at org.apache.catalina.core.ContainerBase.startInternal(ContainerBase.java:749)
	at org.apache.catalina.core.StandardEngine.startInternal(StandardEngine.java:203)
	at org.apache.catalina.util.LifecycleBase.start(LifecycleBase.java:164)
	at org.apache.catalina.core.StandardService.startInternal(StandardService.java:412)
	at org.apache.catalina.util.LifecycleBase.start(LifecycleBase.java:164)
	at org.apache.catalina.core.StandardServer.startInternal(StandardServer.java:870)
	at org.apache.catalina.util.LifecycleBase.start(LifecycleBase.java:164)
	at org.apache.catalina.startup.Tomcat.start(Tomcat.java:438)
	at org.springframework.boot.web.embedded.tomcat.TomcatWebServer.initialize(TomcatWebServer.java:128)
	... 13 common frames omitted
Caused by: org.springframework.beans.factory.UnsatisfiedDependencyException: Error creating bean with name 'authenticatedUserServiceImpl' defined in file [D:\PROJECTS\gym-crm-platform\gym-crm-core\target\classes\com\gym\crm\core\security\service\impl\AuthenticatedUserServiceImpl.class]: Unsatisfied dependency expressed through constructor parameter 0: Error creating bean with name 'userRepository' defined in com.gym.crm.core.repository.UserRepository defined in @EnableJpaRepositories declared on JpaRepositoriesRegistrar.EnableJpaRepositoriesConfiguration: Cannot resolve reference to bean 'jpaSharedEM_entityManagerFactory' while setting bean property 'entityManager'
	at org.springframework.beans.factory.support.ConstructorResolver.createArgumentArray(ConstructorResolver.java:804)
	at org.springframework.beans.factory.support.ConstructorResolver.autowireConstructor(ConstructorResolver.java:240)
	at org.springframework.beans.factory.support.AbstractAutowireCapableBeanFactory.autowireConstructor(AbstractAutowireCapableBeanFactory.java:1387)
	at org.springframework.beans.factory.support.AbstractAutowireCapableBeanFactory.createBeanInstance(AbstractAutowireCapableBeanFactory.java:1224)
	at org.springframework.beans.factory.support.AbstractAutowireCapableBeanFactory.doCreateBean(AbstractAutowireCapableBeanFactory.java:569)
	at org.springframework.beans.factory.support.AbstractAutowireCapableBeanFactory.createBean(AbstractAutowireCapableBeanFactory.java:529)
	at org.springframework.beans.factory.support.AbstractBeanFactory.lambda$doGetBean$0(AbstractBeanFactory.java:339)
	at org.springframework.beans.factory.support.DefaultSingletonBeanRegistry.getSingleton(DefaultSingletonBeanRegistry.java:371)
	at org.springframework.beans.factory.support.AbstractBeanFactory.doGetBean(AbstractBeanFactory.java:337)
	at org.springframework.beans.factory.support.AbstractBeanFactory.getBean(AbstractBeanFactory.java:202)
	at org.springframework.beans.factory.config.DependencyDescriptor.resolveCandidate(DependencyDescriptor.java:254)
	at org.springframework.beans.factory.support.DefaultListableBeanFactory.doResolveDependency(DefaultListableBeanFactory.java:1739)
	at org.springframework.beans.factory.support.DefaultListableBeanFactory.resolveDependency(DefaultListableBeanFactory.java:1627)
	at org.springframework.beans.factory.support.ConstructorResolver.resolveAutowiredArgument(ConstructorResolver.java:913)
	at org.springframework.beans.factory.support.ConstructorResolver.createArgumentArray(ConstructorResolver.java:791)
	... 54 common frames omitted
Caused by: org.springframework.beans.factory.BeanCreationException: Error creating bean with name 'userRepository' defined in com.gym.crm.core.repository.UserRepository defined in @EnableJpaRepositories declared on JpaRepositoriesRegistrar.EnableJpaRepositoriesConfiguration: Cannot resolve reference to bean 'jpaSharedEM_entityManagerFactory' while setting bean property 'entityManager'
	at org.springframework.beans.factory.support.BeanDefinitionValueResolver.resolveReference(BeanDefinitionValueResolver.java:377)
	at org.springframework.beans.factory.support.BeanDefinitionValueResolver.resolveValueIfNecessary(BeanDefinitionValueResolver.java:135)
	at org.springframework.beans.factory.support.AbstractAutowireCapableBeanFactory.applyPropertyValues(AbstractAutowireCapableBeanFactory.java:1717)
	at org.springframework.beans.factory.support.AbstractAutowireCapableBeanFactory.populateBean(AbstractAutowireCapableBeanFactory.java:1466)
	at org.springframework.beans.factory.support.AbstractAutowireCapableBeanFactory.doCreateBean(AbstractAutowireCapableBeanFactory.java:606)
	at org.springframework.beans.factory.support.AbstractAutowireCapableBeanFactory.createBean(AbstractAutowireCapableBeanFactory.java:529)
	at org.springframework.beans.factory.support.AbstractBeanFactory.lambda$doGetBean$0(AbstractBeanFactory.java:339)
	at org.springframework.beans.factory.support.DefaultSingletonBeanRegistry.getSingleton(DefaultSingletonBeanRegistry.java:371)
	at org.springframework.beans.factory.support.AbstractBeanFactory.doGetBean(AbstractBeanFactory.java:337)
	at org.springframework.beans.factory.support.AbstractBeanFactory.getBean(AbstractBeanFactory.java:202)
	at org.springframework.beans.factory.support.DefaultListableBeanFactory.doResolveDependency(DefaultListableBeanFactory.java:1681)
	at org.springframework.beans.factory.support.DefaultListableBeanFactory.resolveDependency(DefaultListableBeanFactory.java:1627)
	at org.springframework.beans.factory.support.ConstructorResolver.resolveAutowiredArgument(ConstructorResolver.java:913)
	at org.springframework.beans.factory.support.ConstructorResolver.createArgumentArray(ConstructorResolver.java:791)
	... 68 common frames omitted
Caused by: org.springframework.beans.factory.BeanCreationException: Error creating bean with name 'jpaSharedEM_entityManagerFactory': Cannot resolve reference to bean 'entityManagerFactory' while setting constructor argument
	at org.springframework.beans.factory.support.BeanDefinitionValueResolver.resolveReference(BeanDefinitionValueResolver.java:377)
	at org.springframework.beans.factory.support.BeanDefinitionValueResolver.resolveValueIfNecessary(BeanDefinitionValueResolver.java:135)
	at org.springframework.beans.factory.support.ConstructorResolver.resolveConstructorArguments(ConstructorResolver.java:691)
	at org.springframework.beans.factory.support.ConstructorResolver.instantiateUsingFactoryMethod(ConstructorResolver.java:513)
	at org.springframework.beans.factory.support.AbstractAutowireCapableBeanFactory.instantiateUsingFactoryMethod(AbstractAutowireCapableBeanFactory.java:1367)
	at org.springframework.beans.factory.support.AbstractAutowireCapableBeanFactory.createBeanInstance(AbstractAutowireCapableBeanFactory.java:1197)
	at org.springframework.beans.factory.support.AbstractAutowireCapableBeanFactory.doCreateBean(AbstractAutowireCapableBeanFactory.java:569)
	at org.springframework.beans.factory.support.AbstractAutowireCapableBeanFactory.createBean(AbstractAutowireCapableBeanFactory.java:529)
	at org.springframework.beans.factory.support.AbstractBeanFactory.lambda$doGetBean$0(AbstractBeanFactory.java:339)
	at org.springframework.beans.factory.support.DefaultSingletonBeanRegistry.getSingleton(DefaultSingletonBeanRegistry.java:371)
	at org.springframework.beans.factory.support.AbstractBeanFactory.doGetBean(AbstractBeanFactory.java:337)
	at org.springframework.beans.factory.support.AbstractBeanFactory.getBean(AbstractBeanFactory.java:202)
	at org.springframework.beans.factory.support.BeanDefinitionValueResolver.resolveReference(BeanDefinitionValueResolver.java:365)
	... 81 common frames omitted
Caused by: org.springframework.beans.factory.BeanCreationException: Error creating bean with name 'liquibase' defined in class path resource [org/springframework/boot/autoconfigure/liquibase/LiquibaseAutoConfiguration$LiquibaseConfiguration.class]: liquibase.exception.DatabaseException: org.postgresql.util.PSQLException: FATAL: invalid value for parameter "TimeZone": "Europe/Kiev"
	at org.springframework.beans.factory.support.AbstractAutowireCapableBeanFactory.initializeBean(AbstractAutowireCapableBeanFactory.java:1818)
	at org.springframework.beans.factory.support.AbstractAutowireCapableBeanFactory.doCreateBean(AbstractAutowireCapableBeanFactory.java:607)
	at org.springframework.beans.factory.support.AbstractAutowireCapableBeanFactory.createBean(AbstractAutowireCapableBeanFactory.java:529)
	at org.springframework.beans.factory.support.AbstractBeanFactory.lambda$doGetBean$0(AbstractBeanFactory.java:339)
	at org.springframework.beans.factory.support.DefaultSingletonBeanRegistry.getSingleton(DefaultSingletonBeanRegistry.java:371)
	at org.springframework.beans.factory.support.AbstractBeanFactory.doGetBean(AbstractBeanFactory.java:337)
	at org.springframework.beans.factory.support.AbstractBeanFactory.getBean(AbstractBeanFactory.java:202)
	at org.springframework.beans.factory.support.AbstractBeanFactory.doGetBean(AbstractBeanFactory.java:315)
	at org.springframework.beans.factory.support.AbstractBeanFactory.getBean(AbstractBeanFactory.java:202)
	at org.springframework.beans.factory.support.BeanDefinitionValueResolver.resolveReference(BeanDefinitionValueResolver.java:365)
	... 93 common frames omitted
Caused by: liquibase.exception.LiquibaseException: liquibase.exception.DatabaseException: org.postgresql.util.PSQLException: FATAL: invalid value for parameter "TimeZone": "Europe/Kiev"
	at liquibase.integration.spring.SpringLiquibase.afterPropertiesSet(SpringLiquibase.java:289)
	at org.springframework.beans.factory.support.AbstractAutowireCapableBeanFactory.invokeInitMethods(AbstractAutowireCapableBeanFactory.java:1865)
	at org.springframework.beans.factory.support.AbstractAutowireCapableBeanFactory.initializeBean(AbstractAutowireCapableBeanFactory.java:1814)
	... 102 common frames omitted
Caused by: liquibase.exception.DatabaseException: org.postgresql.util.PSQLException: FATAL: invalid value for parameter "TimeZone": "Europe/Kiev"
	at liquibase.integration.spring.SpringLiquibase.lambda$afterPropertiesSet$0(SpringLiquibase.java:281)
	at liquibase.Scope.lambda$child$0(Scope.java:216)
	at liquibase.Scope.child(Scope.java:225)
	at liquibase.Scope.child(Scope.java:215)
	at liquibase.Scope.child(Scope.java:194)
	at liquibase.integration.spring.SpringLiquibase.afterPropertiesSet(SpringLiquibase.java:272)
	... 104 common frames omitted
Caused by: org.postgresql.util.PSQLException: FATAL: invalid value for parameter "TimeZone": "Europe/Kiev"
	at org.postgresql.core.v3.QueryExecutorImpl.receiveErrorResponse(QueryExecutorImpl.java:2725)
	at org.postgresql.core.v3.QueryExecutorImpl.readStartupMessages(QueryExecutorImpl.java:2837)
	at org.postgresql.core.v3.QueryExecutorImpl.<init>(QueryExecutorImpl.java:175)
	at org.postgresql.core.v3.ConnectionFactoryImpl.openConnectionImpl(ConnectionFactoryImpl.java:317)
	at org.postgresql.core.ConnectionFactory.openConnection(ConnectionFactory.java:54)
	at org.postgresql.jdbc.PgConnection.<init>(PgConnection.java:273)
	at org.postgresql.Driver.makeConnection(Driver.java:446)
	at org.postgresql.Driver.connect(Driver.java:298)
	at com.zaxxer.hikari.util.DriverDataSource.getConnection(DriverDataSource.java:137)
	at com.zaxxer.hikari.pool.PoolBase.newConnection(PoolBase.java:360)
	at com.zaxxer.hikari.pool.PoolBase.newPoolEntry(PoolBase.java:202)
	at com.zaxxer.hikari.pool.HikariPool.createPoolEntry(HikariPool.java:461)
	at com.zaxxer.hikari.pool.HikariPool.checkFailFast(HikariPool.java:550)
	at com.zaxxer.hikari.pool.HikariPool.<init>(HikariPool.java:98)
	at com.zaxxer.hikari.HikariDataSource.getConnection(HikariDataSource.java:111)
	at liquibase.integration.spring.SpringLiquibase.lambda$afterPropertiesSet$0(SpringLiquibase.java:276)
	... 109 common frames omitted
23:30:03.235 [] ERROR o.s.b.w.e.t.TomcatStarter - Error starting Tomcat context. Exception: org.springframework.beans.factory.UnsatisfiedDependencyException. Message: Error creating bean with name 'jwtAuthenticationFilter' defined in file [D:\PROJECTS\gym-crm-platform\gym-crm-core\target\classes\com\gym\crm\core\security\jwt\JwtAuthenticationFilter.class]: Unsatisfied dependency expressed through constructor parameter 1: Error creating bean with name 'authenticatedUserServiceImpl' defined in file [D:\PROJECTS\gym-crm-platform\gym-crm-core\target\classes\com\gym\crm\core\security\service\impl\AuthenticatedUserServiceImpl.class]: Unsatisfied dependency expressed through constructor parameter 0: Error creating bean with name 'userRepository' defined in com.gym.crm.core.repository.UserRepository defined in @EnableJpaRepositories declared on JpaRepositoriesRegistrar.EnableJpaRepositoriesConfiguration: Cannot resolve reference to bean 'jpaSharedEM_entityManagerFactory' while setting bean property 'entityManager'
23:30:03.269 [] ERROR o.s.b.SpringApplication - Application run failed
org.springframework.context.ApplicationContextException: Unable to start web server
	at org.springframework.boot.web.servlet.context.ServletWebServerApplicationContext.onRefresh(ServletWebServerApplicationContext.java:170)
	at org.springframework.context.support.AbstractApplicationContext.refresh(AbstractApplicationContext.java:621)
	at org.springframework.boot.web.servlet.context.ServletWebServerApplicationContext.refresh(ServletWebServerApplicationContext.java:146)
	at org.springframework.boot.SpringApplication.refresh(SpringApplication.java:753)
	at org.springframework.boot.SpringApplication.refreshContext(SpringApplication.java:439)
	at org.springframework.boot.SpringApplication.run(SpringApplication.java:318)
	at org.springframework.boot.SpringApplication.run(SpringApplication.java:1362)
	at org.springframework.boot.SpringApplication.run(SpringApplication.java:1351)
	at com.gym.crm.core.GymCrmCoreApplication.main(GymCrmCoreApplication.java:14)
Caused by: org.springframework.boot.web.server.WebServerException: Unable to start embedded Tomcat
	at org.springframework.boot.web.embedded.tomcat.TomcatWebServer.initialize(TomcatWebServer.java:147)
	at org.springframework.boot.web.embedded.tomcat.TomcatWebServer.<init>(TomcatWebServer.java:107)
	at org.springframework.boot.web.embedded.tomcat.TomcatServletWebServerFactory.getTomcatWebServer(TomcatServletWebServerFactory.java:517)
	at org.springframework.boot.web.embedded.tomcat.TomcatServletWebServerFactory.getWebServer(TomcatServletWebServerFactory.java:219)
	at org.springframework.boot.web.servlet.context.ServletWebServerApplicationContext.createWebServer(ServletWebServerApplicationContext.java:193)
	at org.springframework.boot.web.servlet.context.ServletWebServerApplicationContext.onRefresh(ServletWebServerApplicationContext.java:167)
	... 8 common frames omitted
Caused by: org.springframework.beans.factory.UnsatisfiedDependencyException: Error creating bean with name 'jwtAuthenticationFilter' defined in file [D:\PROJECTS\gym-crm-platform\gym-crm-core\target\classes\com\gym\crm\core\security\jwt\JwtAuthenticationFilter.class]: Unsatisfied dependency expressed through constructor parameter 1: Error creating bean with name 'authenticatedUserServiceImpl' defined in file [D:\PROJECTS\gym-crm-platform\gym-crm-core\target\classes\com\gym\crm\core\security\service\impl\AuthenticatedUserServiceImpl.class]: Unsatisfied dependency expressed through constructor parameter 0: Error creating bean with name 'userRepository' defined in com.gym.crm.core.repository.UserRepository defined in @EnableJpaRepositories declared on JpaRepositoriesRegistrar.EnableJpaRepositoriesConfiguration: Cannot resolve reference to bean 'jpaSharedEM_entityManagerFactory' while setting bean property 'entityManager'
	at org.springframework.beans.factory.support.ConstructorResolver.createArgumentArray(ConstructorResolver.java:804)
	at org.springframework.beans.factory.support.ConstructorResolver.autowireConstructor(ConstructorResolver.java:240)
	at org.springframework.beans.factory.support.AbstractAutowireCapableBeanFactory.autowireConstructor(AbstractAutowireCapableBeanFactory.java:1387)
	at org.springframework.beans.factory.support.AbstractAutowireCapableBeanFactory.createBeanInstance(AbstractAutowireCapableBeanFactory.java:1224)
	at org.springframework.beans.factory.support.AbstractAutowireCapableBeanFactory.doCreateBean(AbstractAutowireCapableBeanFactory.java:569)
	at org.springframework.beans.factory.support.AbstractAutowireCapableBeanFactory.createBean(AbstractAutowireCapableBeanFactory.java:529)
	at org.springframework.beans.factory.support.AbstractBeanFactory.lambda$doGetBean$0(AbstractBeanFactory.java:339)
	at org.springframework.beans.factory.support.DefaultSingletonBeanRegistry.getSingleton(DefaultSingletonBeanRegistry.java:371)
	at org.springframework.beans.factory.support.AbstractBeanFactory.doGetBean(AbstractBeanFactory.java:337)
	at org.springframework.beans.factory.support.AbstractBeanFactory.getBean(AbstractBeanFactory.java:207)
	at org.springframework.boot.web.servlet.ServletContextInitializerBeans.getOrderedBeansOfType(ServletContextInitializerBeans.java:211)
	at org.springframework.boot.web.servlet.ServletContextInitializerBeans.addAsRegistrationBean(ServletContextInitializerBeans.java:174)
	at org.springframework.boot.web.servlet.ServletContextInitializerBeans.addAsRegistrationBean(ServletContextInitializerBeans.java:169)
	at org.springframework.boot.web.servlet.ServletContextInitializerBeans.addAdaptableBeans(ServletContextInitializerBeans.java:154)
	at org.springframework.boot.web.servlet.ServletContextInitializerBeans.<init>(ServletContextInitializerBeans.java:87)
	at org.springframework.boot.web.servlet.context.ServletWebServerApplicationContext.getServletContextInitializerBeans(ServletWebServerApplicationContext.java:271)
	at org.springframework.boot.web.servlet.context.ServletWebServerApplicationContext.selfInitialize(ServletWebServerApplicationContext.java:245)
	at org.springframework.boot.web.embedded.tomcat.TomcatStarter.onStartup(TomcatStarter.java:52)
	at org.apache.catalina.core.StandardContext.startInternal(StandardContext.java:4464)
	at org.apache.catalina.util.LifecycleBase.start(LifecycleBase.java:164)
	at org.apache.catalina.core.ContainerBase$StartChild.call(ContainerBase.java:1203)
	at org.apache.catalina.core.ContainerBase$StartChild.call(ContainerBase.java:1193)
	at java.base/java.util.concurrent.FutureTask.run(FutureTask.java:264)
	at org.apache.tomcat.util.threads.InlineExecutorService.execute(InlineExecutorService.java:75)
	at java.base/java.util.concurrent.AbstractExecutorService.submit(AbstractExecutorService.java:145)
	at org.apache.catalina.core.ContainerBase.startInternal(ContainerBase.java:749)
	at org.apache.catalina.core.StandardHost.startInternal(StandardHost.java:772)
	at org.apache.catalina.util.LifecycleBase.start(LifecycleBase.java:164)
	at org.apache.catalina.core.ContainerBase$StartChild.call(ContainerBase.java:1203)
	at org.apache.catalina.core.ContainerBase$StartChild.call(ContainerBase.java:1193)
	at java.base/java.util.concurrent.FutureTask.run(FutureTask.java:264)
	at org.apache.tomcat.util.threads.InlineExecutorService.execute(InlineExecutorService.java:75)
	at java.base/java.util.concurrent.AbstractExecutorService.submit(AbstractExecutorService.java:145)
	at org.apache.catalina.core.ContainerBase.startInternal(ContainerBase.java:749)
	at org.apache.catalina.core.StandardEngine.startInternal(StandardEngine.java:203)
	at org.apache.catalina.util.LifecycleBase.start(LifecycleBase.java:164)
	at org.apache.catalina.core.StandardService.startInternal(StandardService.java:412)
	at org.apache.catalina.util.LifecycleBase.start(LifecycleBase.java:164)
	at org.apache.catalina.core.StandardServer.startInternal(StandardServer.java:870)
	at org.apache.catalina.util.LifecycleBase.start(LifecycleBase.java:164)
	at org.apache.catalina.startup.Tomcat.start(Tomcat.java:438)
	at org.springframework.boot.web.embedded.tomcat.TomcatWebServer.initialize(TomcatWebServer.java:128)
	... 13 common frames omitted
Caused by: org.springframework.beans.factory.UnsatisfiedDependencyException: Error creating bean with name 'authenticatedUserServiceImpl' defined in file [D:\PROJECTS\gym-crm-platform\gym-crm-core\target\classes\com\gym\crm\core\security\service\impl\AuthenticatedUserServiceImpl.class]: Unsatisfied dependency expressed through constructor parameter 0: Error creating bean with name 'userRepository' defined in com.gym.crm.core.repository.UserRepository defined in @EnableJpaRepositories declared on JpaRepositoriesRegistrar.EnableJpaRepositoriesConfiguration: Cannot resolve reference to bean 'jpaSharedEM_entityManagerFactory' while setting bean property 'entityManager'
	at org.springframework.beans.factory.support.ConstructorResolver.createArgumentArray(ConstructorResolver.java:804)
	at org.springframework.beans.factory.support.ConstructorResolver.autowireConstructor(ConstructorResolver.java:240)
	at org.springframework.beans.factory.support.AbstractAutowireCapableBeanFactory.autowireConstructor(AbstractAutowireCapableBeanFactory.java:1387)
	at org.springframework.beans.factory.support.AbstractAutowireCapableBeanFactory.createBeanInstance(AbstractAutowireCapableBeanFactory.java:1224)
	at org.springframework.beans.factory.support.AbstractAutowireCapableBeanFactory.doCreateBean(AbstractAutowireCapableBeanFactory.java:569)
	at org.springframework.beans.factory.support.AbstractAutowireCapableBeanFactory.createBean(AbstractAutowireCapableBeanFactory.java:529)
	at org.springframework.beans.factory.support.AbstractBeanFactory.lambda$doGetBean$0(AbstractBeanFactory.java:339)
	at org.springframework.beans.factory.support.DefaultSingletonBeanRegistry.getSingleton(DefaultSingletonBeanRegistry.java:371)
	at org.springframework.beans.factory.support.AbstractBeanFactory.doGetBean(AbstractBeanFactory.java:337)
	at org.springframework.beans.factory.support.AbstractBeanFactory.getBean(AbstractBeanFactory.java:202)
	at org.springframework.beans.factory.config.DependencyDescriptor.resolveCandidate(DependencyDescriptor.java:254)
	at org.springframework.beans.factory.support.DefaultListableBeanFactory.doResolveDependency(DefaultListableBeanFactory.java:1739)
	at org.springframework.beans.factory.support.DefaultListableBeanFactory.resolveDependency(DefaultListableBeanFactory.java:1627)
	at org.springframework.beans.factory.support.ConstructorResolver.resolveAutowiredArgument(ConstructorResolver.java:913)
	at org.springframework.beans.factory.support.ConstructorResolver.createArgumentArray(ConstructorResolver.java:791)
	... 54 common frames omitted
Caused by: org.springframework.beans.factory.BeanCreationException: Error creating bean with name 'userRepository' defined in com.gym.crm.core.repository.UserRepository defined in @EnableJpaRepositories declared on JpaRepositoriesRegistrar.EnableJpaRepositoriesConfiguration: Cannot resolve reference to bean 'jpaSharedEM_entityManagerFactory' while setting bean property 'entityManager'
	at org.springframework.beans.factory.support.BeanDefinitionValueResolver.resolveReference(BeanDefinitionValueResolver.java:377)
	at org.springframework.beans.factory.support.BeanDefinitionValueResolver.resolveValueIfNecessary(BeanDefinitionValueResolver.java:135)
	at org.springframework.beans.factory.support.AbstractAutowireCapableBeanFactory.applyPropertyValues(AbstractAutowireCapableBeanFactory.java:1717)
	at org.springframework.beans.factory.support.AbstractAutowireCapableBeanFactory.populateBean(AbstractAutowireCapableBeanFactory.java:1466)
	at org.springframework.beans.factory.support.AbstractAutowireCapableBeanFactory.doCreateBean(AbstractAutowireCapableBeanFactory.java:606)
	at org.springframework.beans.factory.support.AbstractAutowireCapableBeanFactory.createBean(AbstractAutowireCapableBeanFactory.java:529)
	at org.springframework.beans.factory.support.AbstractBeanFactory.lambda$doGetBean$0(AbstractBeanFactory.java:339)
	at org.springframework.beans.factory.support.DefaultSingletonBeanRegistry.getSingleton(DefaultSingletonBeanRegistry.java:371)
	at org.springframework.beans.factory.support.AbstractBeanFactory.doGetBean(AbstractBeanFactory.java:337)
	at org.springframework.beans.factory.support.AbstractBeanFactory.getBean(AbstractBeanFactory.java:202)
	at org.springframework.beans.factory.support.DefaultListableBeanFactory.doResolveDependency(DefaultListableBeanFactory.java:1681)
	at org.springframework.beans.factory.support.DefaultListableBeanFactory.resolveDependency(DefaultListableBeanFactory.java:1627)
	at org.springframework.beans.factory.support.ConstructorResolver.resolveAutowiredArgument(ConstructorResolver.java:913)
	at org.springframework.beans.factory.support.ConstructorResolver.createArgumentArray(ConstructorResolver.java:791)
	... 68 common frames omitted
Caused by: org.springframework.beans.factory.BeanCreationException: Error creating bean with name 'jpaSharedEM_entityManagerFactory': Cannot resolve reference to bean 'entityManagerFactory' while setting constructor argument
	at org.springframework.beans.factory.support.BeanDefinitionValueResolver.resolveReference(BeanDefinitionValueResolver.java:377)
	at org.springframework.beans.factory.support.BeanDefinitionValueResolver.resolveValueIfNecessary(BeanDefinitionValueResolver.java:135)
	at org.springframework.beans.factory.support.ConstructorResolver.resolveConstructorArguments(ConstructorResolver.java:691)
	at org.springframework.beans.factory.support.ConstructorResolver.instantiateUsingFactoryMethod(ConstructorResolver.java:513)
	at org.springframework.beans.factory.support.AbstractAutowireCapableBeanFactory.instantiateUsingFactoryMethod(AbstractAutowireCapableBeanFactory.java:1367)
	at org.springframework.beans.factory.support.AbstractAutowireCapableBeanFactory.createBeanInstance(AbstractAutowireCapableBeanFactory.java:1197)
	at org.springframework.beans.factory.support.AbstractAutowireCapableBeanFactory.doCreateBean(AbstractAutowireCapableBeanFactory.java:569)
	at org.springframework.beans.factory.support.AbstractAutowireCapableBeanFactory.createBean(AbstractAutowireCapableBeanFactory.java:529)
	at org.springframework.beans.factory.support.AbstractBeanFactory.lambda$doGetBean$0(AbstractBeanFactory.java:339)
	at org.springframework.beans.factory.support.DefaultSingletonBeanRegistry.getSingleton(DefaultSingletonBeanRegistry.java:371)
	at org.springframework.beans.factory.support.AbstractBeanFactory.doGetBean(AbstractBeanFactory.java:337)
	at org.springframework.beans.factory.support.AbstractBeanFactory.getBean(AbstractBeanFactory.java:202)
	at org.springframework.beans.factory.support.BeanDefinitionValueResolver.resolveReference(BeanDefinitionValueResolver.java:365)
	... 81 common frames omitted
Caused by: org.springframework.beans.factory.BeanCreationException: Error creating bean with name 'liquibase' defined in class path resource [org/springframework/boot/autoconfigure/liquibase/LiquibaseAutoConfiguration$LiquibaseConfiguration.class]: liquibase.exception.DatabaseException: org.postgresql.util.PSQLException: FATAL: invalid value for parameter "TimeZone": "Europe/Kiev"
	at org.springframework.beans.factory.support.AbstractAutowireCapableBeanFactory.initializeBean(AbstractAutowireCapableBeanFactory.java:1818)
	at org.springframework.beans.factory.support.AbstractAutowireCapableBeanFactory.doCreateBean(AbstractAutowireCapableBeanFactory.java:607)
	at org.springframework.beans.factory.support.AbstractAutowireCapableBeanFactory.createBean(AbstractAutowireCapableBeanFactory.java:529)
	at org.springframework.beans.factory.support.AbstractBeanFactory.lambda$doGetBean$0(AbstractBeanFactory.java:339)
	at org.springframework.beans.factory.support.DefaultSingletonBeanRegistry.getSingleton(DefaultSingletonBeanRegistry.java:371)
	at org.springframework.beans.factory.support.AbstractBeanFactory.doGetBean(AbstractBeanFactory.java:337)
	at org.springframework.beans.factory.support.AbstractBeanFactory.getBean(AbstractBeanFactory.java:202)
	at org.springframework.beans.factory.support.AbstractBeanFactory.doGetBean(AbstractBeanFactory.java:315)
	at org.springframework.beans.factory.support.AbstractBeanFactory.getBean(AbstractBeanFactory.java:202)
	at org.springframework.beans.factory.support.BeanDefinitionValueResolver.resolveReference(BeanDefinitionValueResolver.java:365)
	... 93 common frames omitted
Caused by: liquibase.exception.LiquibaseException: liquibase.exception.DatabaseException: org.postgresql.util.PSQLException: FATAL: invalid value for parameter "TimeZone": "Europe/Kiev"
	at liquibase.integration.spring.SpringLiquibase.afterPropertiesSet(SpringLiquibase.java:289)
	at org.springframework.beans.factory.support.AbstractAutowireCapableBeanFactory.invokeInitMethods(AbstractAutowireCapableBeanFactory.java:1865)
	at org.springframework.beans.factory.support.AbstractAutowireCapableBeanFactory.initializeBean(AbstractAutowireCapableBeanFactory.java:1814)
	... 102 common frames omitted
Caused by: liquibase.exception.DatabaseException: org.postgresql.util.PSQLException: FATAL: invalid value for parameter "TimeZone": "Europe/Kiev"
	at liquibase.integration.spring.SpringLiquibase.lambda$afterPropertiesSet$0(SpringLiquibase.java:281)
	at liquibase.Scope.lambda$child$0(Scope.java:216)
	at liquibase.Scope.child(Scope.java:225)
	at liquibase.Scope.child(Scope.java:215)
	at liquibase.Scope.child(Scope.java:194)
	at liquibase.integration.spring.SpringLiquibase.afterPropertiesSet(SpringLiquibase.java:272)
	... 104 common frames omitted
Caused by: org.postgresql.util.PSQLException: FATAL: invalid value for parameter "TimeZone": "Europe/Kiev"
	at org.postgresql.core.v3.QueryExecutorImpl.receiveErrorResponse(QueryExecutorImpl.java:2725)
	at org.postgresql.core.v3.QueryExecutorImpl.readStartupMessages(QueryExecutorImpl.java:2837)
	at org.postgresql.core.v3.QueryExecutorImpl.<init>(QueryExecutorImpl.java:175)
	at org.postgresql.core.v3.ConnectionFactoryImpl.openConnectionImpl(ConnectionFactoryImpl.java:317)
	at org.postgresql.core.ConnectionFactory.openConnection(ConnectionFactory.java:54)
	at org.postgresql.jdbc.PgConnection.<init>(PgConnection.java:273)
	at org.postgresql.Driver.makeConnection(Driver.java:446)
	at org.postgresql.Driver.connect(Driver.java:298)
	at com.zaxxer.hikari.util.DriverDataSource.getConnection(DriverDataSource.java:137)
	at com.zaxxer.hikari.pool.PoolBase.newConnection(PoolBase.java:360)
	at com.zaxxer.hikari.pool.PoolBase.newPoolEntry(PoolBase.java:202)
	at com.zaxxer.hikari.pool.HikariPool.createPoolEntry(HikariPool.java:461)
	at com.zaxxer.hikari.pool.HikariPool.checkFailFast(HikariPool.java:550)
	at com.zaxxer.hikari.pool.HikariPool.<init>(HikariPool.java:98)
	at com.zaxxer.hikari.HikariDataSource.getConnection(HikariDataSource.java:111)
	at liquibase.integration.spring.SpringLiquibase.lambda$afterPropertiesSet$0(SpringLiquibase.java:276)
	... 109 common frames omitted
23:35:33.754 [] ERROR o.s.b.w.e.t.TomcatStarter - Error starting Tomcat context. Exception: org.springframework.beans.factory.UnsatisfiedDependencyException. Message: Error creating bean with name 'jwtAuthenticationFilter' defined in file [D:\PROJECTS\gym-crm-platform\gym-crm-core\target\classes\com\gym\crm\core\security\jwt\JwtAuthenticationFilter.class]: Unsatisfied dependency expressed through constructor parameter 1: Error creating bean with name 'authenticatedUserServiceImpl' defined in file [D:\PROJECTS\gym-crm-platform\gym-crm-core\target\classes\com\gym\crm\core\security\service\impl\AuthenticatedUserServiceImpl.class]: Unsatisfied dependency expressed through constructor parameter 0: Error creating bean with name 'userRepository' defined in com.gym.crm.core.repository.UserRepository defined in @EnableJpaRepositories declared on JpaRepositoriesRegistrar.EnableJpaRepositoriesConfiguration: Cannot resolve reference to bean 'jpaSharedEM_entityManagerFactory' while setting bean property 'entityManager'
23:35:33.792 [] ERROR o.s.b.SpringApplication - Application run failed
org.springframework.context.ApplicationContextException: Unable to start web server
	at org.springframework.boot.web.servlet.context.ServletWebServerApplicationContext.onRefresh(ServletWebServerApplicationContext.java:170)
	at org.springframework.context.support.AbstractApplicationContext.refresh(AbstractApplicationContext.java:621)
	at org.springframework.boot.web.servlet.context.ServletWebServerApplicationContext.refresh(ServletWebServerApplicationContext.java:146)
	at org.springframework.boot.SpringApplication.refresh(SpringApplication.java:753)
	at org.springframework.boot.SpringApplication.refreshContext(SpringApplication.java:439)
	at org.springframework.boot.SpringApplication.run(SpringApplication.java:318)
	at org.springframework.boot.SpringApplication.run(SpringApplication.java:1362)
	at org.springframework.boot.SpringApplication.run(SpringApplication.java:1351)
	at com.gym.crm.core.GymCrmCoreApplication.main(GymCrmCoreApplication.java:13)
Caused by: org.springframework.boot.web.server.WebServerException: Unable to start embedded Tomcat
	at org.springframework.boot.web.embedded.tomcat.TomcatWebServer.initialize(TomcatWebServer.java:147)
	at org.springframework.boot.web.embedded.tomcat.TomcatWebServer.<init>(TomcatWebServer.java:107)
	at org.springframework.boot.web.embedded.tomcat.TomcatServletWebServerFactory.getTomcatWebServer(TomcatServletWebServerFactory.java:517)
	at org.springframework.boot.web.embedded.tomcat.TomcatServletWebServerFactory.getWebServer(TomcatServletWebServerFactory.java:219)
	at org.springframework.boot.web.servlet.context.ServletWebServerApplicationContext.createWebServer(ServletWebServerApplicationContext.java:193)
	at org.springframework.boot.web.servlet.context.ServletWebServerApplicationContext.onRefresh(ServletWebServerApplicationContext.java:167)
	... 8 common frames omitted
Caused by: org.springframework.beans.factory.UnsatisfiedDependencyException: Error creating bean with name 'jwtAuthenticationFilter' defined in file [D:\PROJECTS\gym-crm-platform\gym-crm-core\target\classes\com\gym\crm\core\security\jwt\JwtAuthenticationFilter.class]: Unsatisfied dependency expressed through constructor parameter 1: Error creating bean with name 'authenticatedUserServiceImpl' defined in file [D:\PROJECTS\gym-crm-platform\gym-crm-core\target\classes\com\gym\crm\core\security\service\impl\AuthenticatedUserServiceImpl.class]: Unsatisfied dependency expressed through constructor parameter 0: Error creating bean with name 'userRepository' defined in com.gym.crm.core.repository.UserRepository defined in @EnableJpaRepositories declared on JpaRepositoriesRegistrar.EnableJpaRepositoriesConfiguration: Cannot resolve reference to bean 'jpaSharedEM_entityManagerFactory' while setting bean property 'entityManager'
	at org.springframework.beans.factory.support.ConstructorResolver.createArgumentArray(ConstructorResolver.java:804)
	at org.springframework.beans.factory.support.ConstructorResolver.autowireConstructor(ConstructorResolver.java:240)
	at org.springframework.beans.factory.support.AbstractAutowireCapableBeanFactory.autowireConstructor(AbstractAutowireCapableBeanFactory.java:1387)
	at org.springframework.beans.factory.support.AbstractAutowireCapableBeanFactory.createBeanInstance(AbstractAutowireCapableBeanFactory.java:1224)
	at org.springframework.beans.factory.support.AbstractAutowireCapableBeanFactory.doCreateBean(AbstractAutowireCapableBeanFactory.java:569)
	at org.springframework.beans.factory.support.AbstractAutowireCapableBeanFactory.createBean(AbstractAutowireCapableBeanFactory.java:529)
	at org.springframework.beans.factory.support.AbstractBeanFactory.lambda$doGetBean$0(AbstractBeanFactory.java:339)
	at org.springframework.beans.factory.support.DefaultSingletonBeanRegistry.getSingleton(DefaultSingletonBeanRegistry.java:371)
	at org.springframework.beans.factory.support.AbstractBeanFactory.doGetBean(AbstractBeanFactory.java:337)
	at org.springframework.beans.factory.support.AbstractBeanFactory.getBean(AbstractBeanFactory.java:207)
	at org.springframework.boot.web.servlet.ServletContextInitializerBeans.getOrderedBeansOfType(ServletContextInitializerBeans.java:211)
	at org.springframework.boot.web.servlet.ServletContextInitializerBeans.addAsRegistrationBean(ServletContextInitializerBeans.java:174)
	at org.springframework.boot.web.servlet.ServletContextInitializerBeans.addAsRegistrationBean(ServletContextInitializerBeans.java:169)
	at org.springframework.boot.web.servlet.ServletContextInitializerBeans.addAdaptableBeans(ServletContextInitializerBeans.java:154)
	at org.springframework.boot.web.servlet.ServletContextInitializerBeans.<init>(ServletContextInitializerBeans.java:87)
	at org.springframework.boot.web.servlet.context.ServletWebServerApplicationContext.getServletContextInitializerBeans(ServletWebServerApplicationContext.java:271)
	at org.springframework.boot.web.servlet.context.ServletWebServerApplicationContext.selfInitialize(ServletWebServerApplicationContext.java:245)
	at org.springframework.boot.web.embedded.tomcat.TomcatStarter.onStartup(TomcatStarter.java:52)
	at org.apache.catalina.core.StandardContext.startInternal(StandardContext.java:4464)
	at org.apache.catalina.util.LifecycleBase.start(LifecycleBase.java:164)
	at org.apache.catalina.core.ContainerBase$StartChild.call(ContainerBase.java:1203)
	at org.apache.catalina.core.ContainerBase$StartChild.call(ContainerBase.java:1193)
	at java.base/java.util.concurrent.FutureTask.run(FutureTask.java:264)
	at org.apache.tomcat.util.threads.InlineExecutorService.execute(InlineExecutorService.java:75)
	at java.base/java.util.concurrent.AbstractExecutorService.submit(AbstractExecutorService.java:145)
	at org.apache.catalina.core.ContainerBase.startInternal(ContainerBase.java:749)
	at org.apache.catalina.core.StandardHost.startInternal(StandardHost.java:772)
	at org.apache.catalina.util.LifecycleBase.start(LifecycleBase.java:164)
	at org.apache.catalina.core.ContainerBase$StartChild.call(ContainerBase.java:1203)
	at org.apache.catalina.core.ContainerBase$StartChild.call(ContainerBase.java:1193)
	at java.base/java.util.concurrent.FutureTask.run(FutureTask.java:264)
	at org.apache.tomcat.util.threads.InlineExecutorService.execute(InlineExecutorService.java:75)
	at java.base/java.util.concurrent.AbstractExecutorService.submit(AbstractExecutorService.java:145)
	at org.apache.catalina.core.ContainerBase.startInternal(ContainerBase.java:749)
	at org.apache.catalina.core.StandardEngine.startInternal(StandardEngine.java:203)
	at org.apache.catalina.util.LifecycleBase.start(LifecycleBase.java:164)
	at org.apache.catalina.core.StandardService.startInternal(StandardService.java:412)
	at org.apache.catalina.util.LifecycleBase.start(LifecycleBase.java:164)
	at org.apache.catalina.core.StandardServer.startInternal(StandardServer.java:870)
	at org.apache.catalina.util.LifecycleBase.start(LifecycleBase.java:164)
	at org.apache.catalina.startup.Tomcat.start(Tomcat.java:438)
	at org.springframework.boot.web.embedded.tomcat.TomcatWebServer.initialize(TomcatWebServer.java:128)
	... 13 common frames omitted
Caused by: org.springframework.beans.factory.UnsatisfiedDependencyException: Error creating bean with name 'authenticatedUserServiceImpl' defined in file [D:\PROJECTS\gym-crm-platform\gym-crm-core\target\classes\com\gym\crm\core\security\service\impl\AuthenticatedUserServiceImpl.class]: Unsatisfied dependency expressed through constructor parameter 0: Error creating bean with name 'userRepository' defined in com.gym.crm.core.repository.UserRepository defined in @EnableJpaRepositories declared on JpaRepositoriesRegistrar.EnableJpaRepositoriesConfiguration: Cannot resolve reference to bean 'jpaSharedEM_entityManagerFactory' while setting bean property 'entityManager'
	at org.springframework.beans.factory.support.ConstructorResolver.createArgumentArray(ConstructorResolver.java:804)
	at org.springframework.beans.factory.support.ConstructorResolver.autowireConstructor(ConstructorResolver.java:240)
	at org.springframework.beans.factory.support.AbstractAutowireCapableBeanFactory.autowireConstructor(AbstractAutowireCapableBeanFactory.java:1387)
	at org.springframework.beans.factory.support.AbstractAutowireCapableBeanFactory.createBeanInstance(AbstractAutowireCapableBeanFactory.java:1224)
	at org.springframework.beans.factory.support.AbstractAutowireCapableBeanFactory.doCreateBean(AbstractAutowireCapableBeanFactory.java:569)
	at org.springframework.beans.factory.support.AbstractAutowireCapableBeanFactory.createBean(AbstractAutowireCapableBeanFactory.java:529)
	at org.springframework.beans.factory.support.AbstractBeanFactory.lambda$doGetBean$0(AbstractBeanFactory.java:339)
	at org.springframework.beans.factory.support.DefaultSingletonBeanRegistry.getSingleton(DefaultSingletonBeanRegistry.java:371)
	at org.springframework.beans.factory.support.AbstractBeanFactory.doGetBean(AbstractBeanFactory.java:337)
	at org.springframework.beans.factory.support.AbstractBeanFactory.getBean(AbstractBeanFactory.java:202)
	at org.springframework.beans.factory.config.DependencyDescriptor.resolveCandidate(DependencyDescriptor.java:254)
	at org.springframework.beans.factory.support.DefaultListableBeanFactory.doResolveDependency(DefaultListableBeanFactory.java:1739)
	at org.springframework.beans.factory.support.DefaultListableBeanFactory.resolveDependency(DefaultListableBeanFactory.java:1627)
	at org.springframework.beans.factory.support.ConstructorResolver.resolveAutowiredArgument(ConstructorResolver.java:913)
	at org.springframework.beans.factory.support.ConstructorResolver.createArgumentArray(ConstructorResolver.java:791)
	... 54 common frames omitted
Caused by: org.springframework.beans.factory.BeanCreationException: Error creating bean with name 'userRepository' defined in com.gym.crm.core.repository.UserRepository defined in @EnableJpaRepositories declared on JpaRepositoriesRegistrar.EnableJpaRepositoriesConfiguration: Cannot resolve reference to bean 'jpaSharedEM_entityManagerFactory' while setting bean property 'entityManager'
	at org.springframework.beans.factory.support.BeanDefinitionValueResolver.resolveReference(BeanDefinitionValueResolver.java:377)
	at org.springframework.beans.factory.support.BeanDefinitionValueResolver.resolveValueIfNecessary(BeanDefinitionValueResolver.java:135)
	at org.springframework.beans.factory.support.AbstractAutowireCapableBeanFactory.applyPropertyValues(AbstractAutowireCapableBeanFactory.java:1717)
	at org.springframework.beans.factory.support.AbstractAutowireCapableBeanFactory.populateBean(AbstractAutowireCapableBeanFactory.java:1466)
	at org.springframework.beans.factory.support.AbstractAutowireCapableBeanFactory.doCreateBean(AbstractAutowireCapableBeanFactory.java:606)
	at org.springframework.beans.factory.support.AbstractAutowireCapableBeanFactory.createBean(AbstractAutowireCapableBeanFactory.java:529)
	at org.springframework.beans.factory.support.AbstractBeanFactory.lambda$doGetBean$0(AbstractBeanFactory.java:339)
	at org.springframework.beans.factory.support.DefaultSingletonBeanRegistry.getSingleton(DefaultSingletonBeanRegistry.java:371)
	at org.springframework.beans.factory.support.AbstractBeanFactory.doGetBean(AbstractBeanFactory.java:337)
	at org.springframework.beans.factory.support.AbstractBeanFactory.getBean(AbstractBeanFactory.java:202)
	at org.springframework.beans.factory.support.DefaultListableBeanFactory.doResolveDependency(DefaultListableBeanFactory.java:1681)
	at org.springframework.beans.factory.support.DefaultListableBeanFactory.resolveDependency(DefaultListableBeanFactory.java:1627)
	at org.springframework.beans.factory.support.ConstructorResolver.resolveAutowiredArgument(ConstructorResolver.java:913)
	at org.springframework.beans.factory.support.ConstructorResolver.createArgumentArray(ConstructorResolver.java:791)
	... 68 common frames omitted
Caused by: org.springframework.beans.factory.BeanCreationException: Error creating bean with name 'jpaSharedEM_entityManagerFactory': Cannot resolve reference to bean 'entityManagerFactory' while setting constructor argument
	at org.springframework.beans.factory.support.BeanDefinitionValueResolver.resolveReference(BeanDefinitionValueResolver.java:377)
	at org.springframework.beans.factory.support.BeanDefinitionValueResolver.resolveValueIfNecessary(BeanDefinitionValueResolver.java:135)
	at org.springframework.beans.factory.support.ConstructorResolver.resolveConstructorArguments(ConstructorResolver.java:691)
	at org.springframework.beans.factory.support.ConstructorResolver.instantiateUsingFactoryMethod(ConstructorResolver.java:513)
	at org.springframework.beans.factory.support.AbstractAutowireCapableBeanFactory.instantiateUsingFactoryMethod(AbstractAutowireCapableBeanFactory.java:1367)
	at org.springframework.beans.factory.support.AbstractAutowireCapableBeanFactory.createBeanInstance(AbstractAutowireCapableBeanFactory.java:1197)
	at org.springframework.beans.factory.support.AbstractAutowireCapableBeanFactory.doCreateBean(AbstractAutowireCapableBeanFactory.java:569)
	at org.springframework.beans.factory.support.AbstractAutowireCapableBeanFactory.createBean(AbstractAutowireCapableBeanFactory.java:529)
	at org.springframework.beans.factory.support.AbstractBeanFactory.lambda$doGetBean$0(AbstractBeanFactory.java:339)
	at org.springframework.beans.factory.support.DefaultSingletonBeanRegistry.getSingleton(DefaultSingletonBeanRegistry.java:371)
	at org.springframework.beans.factory.support.AbstractBeanFactory.doGetBean(AbstractBeanFactory.java:337)
	at org.springframework.beans.factory.support.AbstractBeanFactory.getBean(AbstractBeanFactory.java:202)
	at org.springframework.beans.factory.support.BeanDefinitionValueResolver.resolveReference(BeanDefinitionValueResolver.java:365)
	... 81 common frames omitted
Caused by: org.springframework.beans.factory.BeanCreationException: Error creating bean with name 'liquibase' defined in class path resource [org/springframework/boot/autoconfigure/liquibase/LiquibaseAutoConfiguration$LiquibaseConfiguration.class]: liquibase.exception.DatabaseException: org.postgresql.util.PSQLException: FATAL: invalid value for parameter "TimeZone": "Europe/Kiev"
	at org.springframework.beans.factory.support.AbstractAutowireCapableBeanFactory.initializeBean(AbstractAutowireCapableBeanFactory.java:1818)
	at org.springframework.beans.factory.support.AbstractAutowireCapableBeanFactory.doCreateBean(AbstractAutowireCapableBeanFactory.java:607)
	at org.springframework.beans.factory.support.AbstractAutowireCapableBeanFactory.createBean(AbstractAutowireCapableBeanFactory.java:529)
	at org.springframework.beans.factory.support.AbstractBeanFactory.lambda$doGetBean$0(AbstractBeanFactory.java:339)
	at org.springframework.beans.factory.support.DefaultSingletonBeanRegistry.getSingleton(DefaultSingletonBeanRegistry.java:371)
	at org.springframework.beans.factory.support.AbstractBeanFactory.doGetBean(AbstractBeanFactory.java:337)
	at org.springframework.beans.factory.support.AbstractBeanFactory.getBean(AbstractBeanFactory.java:202)
	at org.springframework.beans.factory.support.AbstractBeanFactory.doGetBean(AbstractBeanFactory.java:315)
	at org.springframework.beans.factory.support.AbstractBeanFactory.getBean(AbstractBeanFactory.java:202)
	at org.springframework.beans.factory.support.BeanDefinitionValueResolver.resolveReference(BeanDefinitionValueResolver.java:365)
	... 93 common frames omitted
Caused by: liquibase.exception.LiquibaseException: liquibase.exception.DatabaseException: org.postgresql.util.PSQLException: FATAL: invalid value for parameter "TimeZone": "Europe/Kiev"
	at liquibase.integration.spring.SpringLiquibase.afterPropertiesSet(SpringLiquibase.java:289)
	at org.springframework.beans.factory.support.AbstractAutowireCapableBeanFactory.invokeInitMethods(AbstractAutowireCapableBeanFactory.java:1865)
	at org.springframework.beans.factory.support.AbstractAutowireCapableBeanFactory.initializeBean(AbstractAutowireCapableBeanFactory.java:1814)
	... 102 common frames omitted
Caused by: liquibase.exception.DatabaseException: org.postgresql.util.PSQLException: FATAL: invalid value for parameter "TimeZone": "Europe/Kiev"
	at liquibase.integration.spring.SpringLiquibase.lambda$afterPropertiesSet$0(SpringLiquibase.java:281)
	at liquibase.Scope.lambda$child$0(Scope.java:216)
	at liquibase.Scope.child(Scope.java:225)
	at liquibase.Scope.child(Scope.java:215)
	at liquibase.Scope.child(Scope.java:194)
	at liquibase.integration.spring.SpringLiquibase.afterPropertiesSet(SpringLiquibase.java:272)
	... 104 common frames omitted
Caused by: org.postgresql.util.PSQLException: FATAL: invalid value for parameter "TimeZone": "Europe/Kiev"
	at org.postgresql.core.v3.QueryExecutorImpl.receiveErrorResponse(QueryExecutorImpl.java:2725)
	at org.postgresql.core.v3.QueryExecutorImpl.readStartupMessages(QueryExecutorImpl.java:2837)
	at org.postgresql.core.v3.QueryExecutorImpl.<init>(QueryExecutorImpl.java:175)
	at org.postgresql.core.v3.ConnectionFactoryImpl.openConnectionImpl(ConnectionFactoryImpl.java:317)
	at org.postgresql.core.ConnectionFactory.openConnection(ConnectionFactory.java:54)
	at org.postgresql.jdbc.PgConnection.<init>(PgConnection.java:273)
	at org.postgresql.Driver.makeConnection(Driver.java:446)
	at org.postgresql.Driver.connect(Driver.java:298)
	at com.zaxxer.hikari.util.DriverDataSource.getConnection(DriverDataSource.java:137)
	at com.zaxxer.hikari.pool.PoolBase.newConnection(PoolBase.java:360)
	at com.zaxxer.hikari.pool.PoolBase.newPoolEntry(PoolBase.java:202)
	at com.zaxxer.hikari.pool.HikariPool.createPoolEntry(HikariPool.java:461)
	at com.zaxxer.hikari.pool.HikariPool.checkFailFast(HikariPool.java:550)
	at com.zaxxer.hikari.pool.HikariPool.<init>(HikariPool.java:98)
	at com.zaxxer.hikari.HikariDataSource.getConnection(HikariDataSource.java:111)
	at liquibase.integration.spring.SpringLiquibase.lambda$afterPropertiesSet$0(SpringLiquibase.java:276)
	... 109 common frames omitted
23:48:57.288 [] ERROR o.s.b.w.e.t.TomcatStarter - Error starting Tomcat context. Exception: org.springframework.beans.factory.UnsatisfiedDependencyException. Message: Error creating bean with name 'jwtAuthenticationFilter' defined in file [D:\PROJECTS\gym-crm-platform\gym-crm-core\target\classes\com\gym\crm\core\security\jwt\JwtAuthenticationFilter.class]: Unsatisfied dependency expressed through constructor parameter 1: Error creating bean with name 'authenticatedUserServiceImpl' defined in file [D:\PROJECTS\gym-crm-platform\gym-crm-core\target\classes\com\gym\crm\core\security\service\impl\AuthenticatedUserServiceImpl.class]: Unsatisfied dependency expressed through constructor parameter 0: Error creating bean with name 'userRepository' defined in com.gym.crm.core.repository.UserRepository defined in @EnableJpaRepositories declared on JpaRepositoriesRegistrar.EnableJpaRepositoriesConfiguration: Cannot resolve reference to bean 'jpaSharedEM_entityManagerFactory' while setting bean property 'entityManager'
23:48:57.322 [] ERROR o.s.b.SpringApplication - Application run failed
org.springframework.context.ApplicationContextException: Unable to start web server
	at org.springframework.boot.web.servlet.context.ServletWebServerApplicationContext.onRefresh(ServletWebServerApplicationContext.java:170)
	at org.springframework.context.support.AbstractApplicationContext.refresh(AbstractApplicationContext.java:621)
	at org.springframework.boot.web.servlet.context.ServletWebServerApplicationContext.refresh(ServletWebServerApplicationContext.java:146)
	at org.springframework.boot.SpringApplication.refresh(SpringApplication.java:753)
	at org.springframework.boot.SpringApplication.refreshContext(SpringApplication.java:439)
	at org.springframework.boot.SpringApplication.run(SpringApplication.java:318)
	at org.springframework.boot.SpringApplication.run(SpringApplication.java:1362)
	at org.springframework.boot.SpringApplication.run(SpringApplication.java:1351)
	at com.gym.crm.core.GymCrmCoreApplication.main(GymCrmCoreApplication.java:13)
Caused by: org.springframework.boot.web.server.WebServerException: Unable to start embedded Tomcat
	at org.springframework.boot.web.embedded.tomcat.TomcatWebServer.initialize(TomcatWebServer.java:147)
	at org.springframework.boot.web.embedded.tomcat.TomcatWebServer.<init>(TomcatWebServer.java:107)
	at org.springframework.boot.web.embedded.tomcat.TomcatServletWebServerFactory.getTomcatWebServer(TomcatServletWebServerFactory.java:517)
	at org.springframework.boot.web.embedded.tomcat.TomcatServletWebServerFactory.getWebServer(TomcatServletWebServerFactory.java:219)
	at org.springframework.boot.web.servlet.context.ServletWebServerApplicationContext.createWebServer(ServletWebServerApplicationContext.java:193)
	at org.springframework.boot.web.servlet.context.ServletWebServerApplicationContext.onRefresh(ServletWebServerApplicationContext.java:167)
	... 8 common frames omitted
Caused by: org.springframework.beans.factory.UnsatisfiedDependencyException: Error creating bean with name 'jwtAuthenticationFilter' defined in file [D:\PROJECTS\gym-crm-platform\gym-crm-core\target\classes\com\gym\crm\core\security\jwt\JwtAuthenticationFilter.class]: Unsatisfied dependency expressed through constructor parameter 1: Error creating bean with name 'authenticatedUserServiceImpl' defined in file [D:\PROJECTS\gym-crm-platform\gym-crm-core\target\classes\com\gym\crm\core\security\service\impl\AuthenticatedUserServiceImpl.class]: Unsatisfied dependency expressed through constructor parameter 0: Error creating bean with name 'userRepository' defined in com.gym.crm.core.repository.UserRepository defined in @EnableJpaRepositories declared on JpaRepositoriesRegistrar.EnableJpaRepositoriesConfiguration: Cannot resolve reference to bean 'jpaSharedEM_entityManagerFactory' while setting bean property 'entityManager'
	at org.springframework.beans.factory.support.ConstructorResolver.createArgumentArray(ConstructorResolver.java:804)
	at org.springframework.beans.factory.support.ConstructorResolver.autowireConstructor(ConstructorResolver.java:240)
	at org.springframework.beans.factory.support.AbstractAutowireCapableBeanFactory.autowireConstructor(AbstractAutowireCapableBeanFactory.java:1387)
	at org.springframework.beans.factory.support.AbstractAutowireCapableBeanFactory.createBeanInstance(AbstractAutowireCapableBeanFactory.java:1224)
	at org.springframework.beans.factory.support.AbstractAutowireCapableBeanFactory.doCreateBean(AbstractAutowireCapableBeanFactory.java:569)
	at org.springframework.beans.factory.support.AbstractAutowireCapableBeanFactory.createBean(AbstractAutowireCapableBeanFactory.java:529)
	at org.springframework.beans.factory.support.AbstractBeanFactory.lambda$doGetBean$0(AbstractBeanFactory.java:339)
	at org.springframework.beans.factory.support.DefaultSingletonBeanRegistry.getSingleton(DefaultSingletonBeanRegistry.java:371)
	at org.springframework.beans.factory.support.AbstractBeanFactory.doGetBean(AbstractBeanFactory.java:337)
	at org.springframework.beans.factory.support.AbstractBeanFactory.getBean(AbstractBeanFactory.java:207)
	at org.springframework.boot.web.servlet.ServletContextInitializerBeans.getOrderedBeansOfType(ServletContextInitializerBeans.java:211)
	at org.springframework.boot.web.servlet.ServletContextInitializerBeans.addAsRegistrationBean(ServletContextInitializerBeans.java:174)
	at org.springframework.boot.web.servlet.ServletContextInitializerBeans.addAsRegistrationBean(ServletContextInitializerBeans.java:169)
	at org.springframework.boot.web.servlet.ServletContextInitializerBeans.addAdaptableBeans(ServletContextInitializerBeans.java:154)
	at org.springframework.boot.web.servlet.ServletContextInitializerBeans.<init>(ServletContextInitializerBeans.java:87)
	at org.springframework.boot.web.servlet.context.ServletWebServerApplicationContext.getServletContextInitializerBeans(ServletWebServerApplicationContext.java:271)
	at org.springframework.boot.web.servlet.context.ServletWebServerApplicationContext.selfInitialize(ServletWebServerApplicationContext.java:245)
	at org.springframework.boot.web.embedded.tomcat.TomcatStarter.onStartup(TomcatStarter.java:52)
	at org.apache.catalina.core.StandardContext.startInternal(StandardContext.java:4464)
	at org.apache.catalina.util.LifecycleBase.start(LifecycleBase.java:164)
	at org.apache.catalina.core.ContainerBase$StartChild.call(ContainerBase.java:1203)
	at org.apache.catalina.core.ContainerBase$StartChild.call(ContainerBase.java:1193)
	at java.base/java.util.concurrent.FutureTask.run(FutureTask.java:264)
	at org.apache.tomcat.util.threads.InlineExecutorService.execute(InlineExecutorService.java:75)
	at java.base/java.util.concurrent.AbstractExecutorService.submit(AbstractExecutorService.java:145)
	at org.apache.catalina.core.ContainerBase.startInternal(ContainerBase.java:749)
	at org.apache.catalina.core.StandardHost.startInternal(StandardHost.java:772)
	at org.apache.catalina.util.LifecycleBase.start(LifecycleBase.java:164)
	at org.apache.catalina.core.ContainerBase$StartChild.call(ContainerBase.java:1203)
	at org.apache.catalina.core.ContainerBase$StartChild.call(ContainerBase.java:1193)
	at java.base/java.util.concurrent.FutureTask.run(FutureTask.java:264)
	at org.apache.tomcat.util.threads.InlineExecutorService.execute(InlineExecutorService.java:75)
	at java.base/java.util.concurrent.AbstractExecutorService.submit(AbstractExecutorService.java:145)
	at org.apache.catalina.core.ContainerBase.startInternal(ContainerBase.java:749)
	at org.apache.catalina.core.StandardEngine.startInternal(StandardEngine.java:203)
	at org.apache.catalina.util.LifecycleBase.start(LifecycleBase.java:164)
	at org.apache.catalina.core.StandardService.startInternal(StandardService.java:412)
	at org.apache.catalina.util.LifecycleBase.start(LifecycleBase.java:164)
	at org.apache.catalina.core.StandardServer.startInternal(StandardServer.java:870)
	at org.apache.catalina.util.LifecycleBase.start(LifecycleBase.java:164)
	at org.apache.catalina.startup.Tomcat.start(Tomcat.java:438)
	at org.springframework.boot.web.embedded.tomcat.TomcatWebServer.initialize(TomcatWebServer.java:128)
	... 13 common frames omitted
Caused by: org.springframework.beans.factory.UnsatisfiedDependencyException: Error creating bean with name 'authenticatedUserServiceImpl' defined in file [D:\PROJECTS\gym-crm-platform\gym-crm-core\target\classes\com\gym\crm\core\security\service\impl\AuthenticatedUserServiceImpl.class]: Unsatisfied dependency expressed through constructor parameter 0: Error creating bean with name 'userRepository' defined in com.gym.crm.core.repository.UserRepository defined in @EnableJpaRepositories declared on JpaRepositoriesRegistrar.EnableJpaRepositoriesConfiguration: Cannot resolve reference to bean 'jpaSharedEM_entityManagerFactory' while setting bean property 'entityManager'
	at org.springframework.beans.factory.support.ConstructorResolver.createArgumentArray(ConstructorResolver.java:804)
	at org.springframework.beans.factory.support.ConstructorResolver.autowireConstructor(ConstructorResolver.java:240)
	at org.springframework.beans.factory.support.AbstractAutowireCapableBeanFactory.autowireConstructor(AbstractAutowireCapableBeanFactory.java:1387)
	at org.springframework.beans.factory.support.AbstractAutowireCapableBeanFactory.createBeanInstance(AbstractAutowireCapableBeanFactory.java:1224)
	at org.springframework.beans.factory.support.AbstractAutowireCapableBeanFactory.doCreateBean(AbstractAutowireCapableBeanFactory.java:569)
	at org.springframework.beans.factory.support.AbstractAutowireCapableBeanFactory.createBean(AbstractAutowireCapableBeanFactory.java:529)
	at org.springframework.beans.factory.support.AbstractBeanFactory.lambda$doGetBean$0(AbstractBeanFactory.java:339)
	at org.springframework.beans.factory.support.DefaultSingletonBeanRegistry.getSingleton(DefaultSingletonBeanRegistry.java:371)
	at org.springframework.beans.factory.support.AbstractBeanFactory.doGetBean(AbstractBeanFactory.java:337)
	at org.springframework.beans.factory.support.AbstractBeanFactory.getBean(AbstractBeanFactory.java:202)
	at org.springframework.beans.factory.config.DependencyDescriptor.resolveCandidate(DependencyDescriptor.java:254)
	at org.springframework.beans.factory.support.DefaultListableBeanFactory.doResolveDependency(DefaultListableBeanFactory.java:1739)
	at org.springframework.beans.factory.support.DefaultListableBeanFactory.resolveDependency(DefaultListableBeanFactory.java:1627)
	at org.springframework.beans.factory.support.ConstructorResolver.resolveAutowiredArgument(ConstructorResolver.java:913)
	at org.springframework.beans.factory.support.ConstructorResolver.createArgumentArray(ConstructorResolver.java:791)
	... 54 common frames omitted
Caused by: org.springframework.beans.factory.BeanCreationException: Error creating bean with name 'userRepository' defined in com.gym.crm.core.repository.UserRepository defined in @EnableJpaRepositories declared on JpaRepositoriesRegistrar.EnableJpaRepositoriesConfiguration: Cannot resolve reference to bean 'jpaSharedEM_entityManagerFactory' while setting bean property 'entityManager'
	at org.springframework.beans.factory.support.BeanDefinitionValueResolver.resolveReference(BeanDefinitionValueResolver.java:377)
	at org.springframework.beans.factory.support.BeanDefinitionValueResolver.resolveValueIfNecessary(BeanDefinitionValueResolver.java:135)
	at org.springframework.beans.factory.support.AbstractAutowireCapableBeanFactory.applyPropertyValues(AbstractAutowireCapableBeanFactory.java:1717)
	at org.springframework.beans.factory.support.AbstractAutowireCapableBeanFactory.populateBean(AbstractAutowireCapableBeanFactory.java:1466)
	at org.springframework.beans.factory.support.AbstractAutowireCapableBeanFactory.doCreateBean(AbstractAutowireCapableBeanFactory.java:606)
	at org.springframework.beans.factory.support.AbstractAutowireCapableBeanFactory.createBean(AbstractAutowireCapableBeanFactory.java:529)
	at org.springframework.beans.factory.support.AbstractBeanFactory.lambda$doGetBean$0(AbstractBeanFactory.java:339)
	at org.springframework.beans.factory.support.DefaultSingletonBeanRegistry.getSingleton(DefaultSingletonBeanRegistry.java:371)
	at org.springframework.beans.factory.support.AbstractBeanFactory.doGetBean(AbstractBeanFactory.java:337)
	at org.springframework.beans.factory.support.AbstractBeanFactory.getBean(AbstractBeanFactory.java:202)
	at org.springframework.beans.factory.support.DefaultListableBeanFactory.doResolveDependency(DefaultListableBeanFactory.java:1681)
	at org.springframework.beans.factory.support.DefaultListableBeanFactory.resolveDependency(DefaultListableBeanFactory.java:1627)
	at org.springframework.beans.factory.support.ConstructorResolver.resolveAutowiredArgument(ConstructorResolver.java:913)
	at org.springframework.beans.factory.support.ConstructorResolver.createArgumentArray(ConstructorResolver.java:791)
	... 68 common frames omitted
Caused by: org.springframework.beans.factory.BeanCreationException: Error creating bean with name 'jpaSharedEM_entityManagerFactory': Cannot resolve reference to bean 'entityManagerFactory' while setting constructor argument
	at org.springframework.beans.factory.support.BeanDefinitionValueResolver.resolveReference(BeanDefinitionValueResolver.java:377)
	at org.springframework.beans.factory.support.BeanDefinitionValueResolver.resolveValueIfNecessary(BeanDefinitionValueResolver.java:135)
	at org.springframework.beans.factory.support.ConstructorResolver.resolveConstructorArguments(ConstructorResolver.java:691)
	at org.springframework.beans.factory.support.ConstructorResolver.instantiateUsingFactoryMethod(ConstructorResolver.java:513)
	at org.springframework.beans.factory.support.AbstractAutowireCapableBeanFactory.instantiateUsingFactoryMethod(AbstractAutowireCapableBeanFactory.java:1367)
	at org.springframework.beans.factory.support.AbstractAutowireCapableBeanFactory.createBeanInstance(AbstractAutowireCapableBeanFactory.java:1197)
	at org.springframework.beans.factory.support.AbstractAutowireCapableBeanFactory.doCreateBean(AbstractAutowireCapableBeanFactory.java:569)
	at org.springframework.beans.factory.support.AbstractAutowireCapableBeanFactory.createBean(AbstractAutowireCapableBeanFactory.java:529)
	at org.springframework.beans.factory.support.AbstractBeanFactory.lambda$doGetBean$0(AbstractBeanFactory.java:339)
	at org.springframework.beans.factory.support.DefaultSingletonBeanRegistry.getSingleton(DefaultSingletonBeanRegistry.java:371)
	at org.springframework.beans.factory.support.AbstractBeanFactory.doGetBean(AbstractBeanFactory.java:337)
	at org.springframework.beans.factory.support.AbstractBeanFactory.getBean(AbstractBeanFactory.java:202)
	at org.springframework.beans.factory.support.BeanDefinitionValueResolver.resolveReference(BeanDefinitionValueResolver.java:365)
	... 81 common frames omitted
Caused by: org.springframework.beans.factory.BeanCreationException: Error creating bean with name 'liquibase' defined in class path resource [org/springframework/boot/autoconfigure/liquibase/LiquibaseAutoConfiguration$LiquibaseConfiguration.class]: liquibase.exception.DatabaseException: org.postgresql.util.PSQLException: FATAL: invalid value for parameter "TimeZone": "Europe/Kiev"
	at org.springframework.beans.factory.support.AbstractAutowireCapableBeanFactory.initializeBean(AbstractAutowireCapableBeanFactory.java:1818)
	at org.springframework.beans.factory.support.AbstractAutowireCapableBeanFactory.doCreateBean(AbstractAutowireCapableBeanFactory.java:607)
	at org.springframework.beans.factory.support.AbstractAutowireCapableBeanFactory.createBean(AbstractAutowireCapableBeanFactory.java:529)
	at org.springframework.beans.factory.support.AbstractBeanFactory.lambda$doGetBean$0(AbstractBeanFactory.java:339)
	at org.springframework.beans.factory.support.DefaultSingletonBeanRegistry.getSingleton(DefaultSingletonBeanRegistry.java:371)
	at org.springframework.beans.factory.support.AbstractBeanFactory.doGetBean(AbstractBeanFactory.java:337)
	at org.springframework.beans.factory.support.AbstractBeanFactory.getBean(AbstractBeanFactory.java:202)
	at org.springframework.beans.factory.support.AbstractBeanFactory.doGetBean(AbstractBeanFactory.java:315)
	at org.springframework.beans.factory.support.AbstractBeanFactory.getBean(AbstractBeanFactory.java:202)
	at org.springframework.beans.factory.support.BeanDefinitionValueResolver.resolveReference(BeanDefinitionValueResolver.java:365)
	... 93 common frames omitted
Caused by: liquibase.exception.LiquibaseException: liquibase.exception.DatabaseException: org.postgresql.util.PSQLException: FATAL: invalid value for parameter "TimeZone": "Europe/Kiev"
	at liquibase.integration.spring.SpringLiquibase.afterPropertiesSet(SpringLiquibase.java:289)
	at org.springframework.beans.factory.support.AbstractAutowireCapableBeanFactory.invokeInitMethods(AbstractAutowireCapableBeanFactory.java:1865)
	at org.springframework.beans.factory.support.AbstractAutowireCapableBeanFactory.initializeBean(AbstractAutowireCapableBeanFactory.java:1814)
	... 102 common frames omitted
Caused by: liquibase.exception.DatabaseException: org.postgresql.util.PSQLException: FATAL: invalid value for parameter "TimeZone": "Europe/Kiev"
	at liquibase.integration.spring.SpringLiquibase.lambda$afterPropertiesSet$0(SpringLiquibase.java:281)
	at liquibase.Scope.lambda$child$0(Scope.java:216)
	at liquibase.Scope.child(Scope.java:225)
	at liquibase.Scope.child(Scope.java:215)
	at liquibase.Scope.child(Scope.java:194)
	at liquibase.integration.spring.SpringLiquibase.afterPropertiesSet(SpringLiquibase.java:272)
	... 104 common frames omitted
Caused by: org.postgresql.util.PSQLException: FATAL: invalid value for parameter "TimeZone": "Europe/Kiev"
	at org.postgresql.core.v3.QueryExecutorImpl.receiveErrorResponse(QueryExecutorImpl.java:2725)
	at org.postgresql.core.v3.QueryExecutorImpl.readStartupMessages(QueryExecutorImpl.java:2837)
	at org.postgresql.core.v3.QueryExecutorImpl.<init>(QueryExecutorImpl.java:175)
	at org.postgresql.core.v3.ConnectionFactoryImpl.openConnectionImpl(ConnectionFactoryImpl.java:317)
	at org.postgresql.core.ConnectionFactory.openConnection(ConnectionFactory.java:54)
	at org.postgresql.jdbc.PgConnection.<init>(PgConnection.java:273)
	at org.postgresql.Driver.makeConnection(Driver.java:446)
	at org.postgresql.Driver.connect(Driver.java:298)
	at com.zaxxer.hikari.util.DriverDataSource.getConnection(DriverDataSource.java:137)
	at com.zaxxer.hikari.pool.PoolBase.newConnection(PoolBase.java:360)
	at com.zaxxer.hikari.pool.PoolBase.newPoolEntry(PoolBase.java:202)
	at com.zaxxer.hikari.pool.HikariPool.createPoolEntry(HikariPool.java:461)
	at com.zaxxer.hikari.pool.HikariPool.checkFailFast(HikariPool.java:550)
	at com.zaxxer.hikari.pool.HikariPool.<init>(HikariPool.java:98)
	at com.zaxxer.hikari.HikariDataSource.getConnection(HikariDataSource.java:111)
	at liquibase.integration.spring.SpringLiquibase.lambda$afterPropertiesSet$0(SpringLiquibase.java:276)
	... 109 common frames omitted
