11:44:08.797 [] ERROR c.n.d.DiscoveryClient - DiscoveryClient_GYM-CRM-CORE/gym-crm-core - de-registration failedCannot execute request on any known server
com.netflix.discovery.shared.transport.TransportException: Cannot execute request on any known server
	at com.netflix.discovery.shared.transport.decorator.RetryableEurekaHttpClient.execute(RetryableEurekaHttpClient.java:112)
	at com.netflix.discovery.shared.transport.decorator.EurekaHttpClientDecorator.cancel(EurekaHttpClientDecorator.java:71)
	at com.netflix.discovery.shared.transport.decorator.EurekaHttpClientDecorator$2.execute(EurekaHttpClientDecorator.java:74)
	at com.netflix.discovery.shared.transport.decorator.SessionedEurekaHttpClient.execute(SessionedEurekaHttpClient.java:76)
	at com.netflix.discovery.shared.transport.decorator.EurekaHttpClientDecorator.cancel(EurekaHttpClientDecorator.java:71)
	at com.netflix.discovery.DiscoveryClient.unregister(DiscoveryClient.java:919)
	at com.netflix.discovery.DiscoveryClient.shutdown(DiscoveryClient.java:900)
	at java.base/jdk.internal.reflect.NativeMethodAccessorImpl.invoke0(Native Method)
	at java.base/jdk.internal.reflect.NativeMethodAccessorImpl.invoke(NativeMethodAccessorImpl.java:77)
	at java.base/jdk.internal.reflect.DelegatingMethodAccessorImpl.invoke(DelegatingMethodAccessorImpl.java:43)
	at java.base/java.lang.reflect.Method.invoke(Method.java:568)
	at org.springframework.beans.factory.annotation.InitDestroyAnnotationBeanPostProcessor$LifecycleMethod.invoke(InitDestroyAnnotationBeanPostProcessor.java:457)
	at org.springframework.beans.factory.annotation.InitDestroyAnnotationBeanPostProcessor$LifecycleMetadata.invokeDestroyMethods(InitDestroyAnnotationBeanPostProcessor.java:415)
	at org.springframework.beans.factory.annotation.InitDestroyAnnotationBeanPostProcessor.postProcessBeforeDestruction(InitDestroyAnnotationBeanPostProcessor.java:239)
	at org.springframework.beans.factory.support.DisposableBeanAdapter.destroy(DisposableBeanAdapter.java:202)
	at org.springframework.beans.factory.support.DisposableBeanAdapter.run(DisposableBeanAdapter.java:195)
	at org.springframework.cloud.context.scope.GenericScope$BeanLifecycleWrapper.destroy(GenericScope.java:387)
	at org.springframework.cloud.context.scope.GenericScope.destroy(GenericScope.java:134)
	at org.springframework.beans.factory.support.DisposableBeanAdapter.destroy(DisposableBeanAdapter.java:211)
	at org.springframework.beans.factory.support.DefaultSingletonBeanRegistry.destroyBean(DefaultSingletonBeanRegistry.java:796)
	at org.springframework.beans.factory.support.DefaultSingletonBeanRegistry.destroySingleton(DefaultSingletonBeanRegistry.java:746)
	at org.springframework.beans.factory.support.DefaultListableBeanFactory.destroySingleton(DefaultListableBeanFactory.java:1473)
	at org.springframework.beans.factory.support.DefaultSingletonBeanRegistry.destroySingletons(DefaultSingletonBeanRegistry.java:705)
	at org.springframework.beans.factory.support.DefaultListableBeanFactory.destroySingletons(DefaultListableBeanFactory.java:1466)
	at org.springframework.context.support.AbstractApplicationContext.destroyBeans(AbstractApplicationContext.java:1219)
	at org.springframework.context.support.AbstractApplicationContext.doClose(AbstractApplicationContext.java:1180)
	at org.springframework.boot.web.servlet.context.ServletWebServerApplicationContext.doClose(ServletWebServerApplicationContext.java:179)
	at org.springframework.context.support.AbstractApplicationContext.close(AbstractApplicationContext.java:1126)
	at org.springframework.boot.SpringApplicationShutdownHook.closeAndWait(SpringApplicationShutdownHook.java:147)
	at java.base/java.lang.Iterable.forEach(Iterable.java:75)
	at org.springframework.boot.SpringApplicationShutdownHook.run(SpringApplicationShutdownHook.java:116)
	at java.base/java.lang.Thread.run(Thread.java:842)
11:45:39.016 [] ERROR o.s.j.l.DefaultMessageListenerContainer - Could not refresh JMS Connection for destination 'workload.to.core.queue' - retrying using FixedBackOff{interval=5000, currentAttempts=0, maxAttempts=unlimited}. Cause: Could not connect to broker URL: tcp://localhost:61616. Reason: java.net.ConnectException: Connection refused: no further information
jakarta.jms.JMSException: Could not connect to broker URL: tcp://localhost:61616. Reason: java.net.ConnectException: Connection refused: no further information
	at org.apache.activemq.util.JMSExceptionSupport.create(JMSExceptionSupport.java:49)
	at org.apache.activemq.ActiveMQConnectionFactory.createActiveMQConnection(ActiveMQConnectionFactory.java:423)
	at org.apache.activemq.ActiveMQConnectionFactory.createActiveMQConnection(ActiveMQConnectionFactory.java:353)
	at org.apache.activemq.ActiveMQConnectionFactory.createConnection(ActiveMQConnectionFactory.java:245)
	at org.springframework.jms.connection.SingleConnectionFactory.doCreateConnection(SingleConnectionFactory.java:475)
	at org.springframework.jms.connection.SingleConnectionFactory.initConnection(SingleConnectionFactory.java:434)
	at org.springframework.jms.connection.SingleConnectionFactory.getConnection(SingleConnectionFactory.java:340)
	at org.springframework.jms.connection.SingleConnectionFactory.createConnection(SingleConnectionFactory.java:245)
	at org.springframework.jms.support.JmsAccessor.createConnection(JmsAccessor.java:211)
	at org.springframework.jms.listener.AbstractJmsListeningContainer.createSharedConnection(AbstractJmsListeningContainer.java:439)
	at org.springframework.jms.listener.AbstractJmsListeningContainer.refreshSharedConnection(AbstractJmsListeningContainer.java:421)
	at org.springframework.jms.listener.DefaultMessageListenerContainer.refreshConnectionUntilSuccessful(DefaultMessageListenerContainer.java:1140)
	at org.springframework.jms.listener.DefaultMessageListenerContainer.recoverAfterListenerSetupFailure(DefaultMessageListenerContainer.java:1114)
	at org.springframework.jms.listener.DefaultMessageListenerContainer$AsyncMessageListenerInvoker.run(DefaultMessageListenerContainer.java:1314)
	at java.base/java.lang.Thread.run(Thread.java:842)
Caused by: java.net.ConnectException: Connection refused: no further information
	at java.base/sun.nio.ch.Net.pollConnect(Native Method)
	at java.base/sun.nio.ch.Net.pollConnectNow(Net.java:684)
	at java.base/sun.nio.ch.NioSocketImpl.timedFinishConnect(NioSocketImpl.java:547)
	at java.base/sun.nio.ch.NioSocketImpl.connect(NioSocketImpl.java:602)
	at java.base/java.net.SocksSocketImpl.connect(SocksSocketImpl.java:327)
	at java.base/java.net.Socket.connect(Socket.java:633)
	at org.apache.activemq.transport.tcp.TcpTransport.connect(TcpTransport.java:526)
	at org.apache.activemq.transport.tcp.TcpTransport.doStart(TcpTransport.java:489)
	at org.apache.activemq.util.ServiceSupport.start(ServiceSupport.java:55)
	at org.apache.activemq.transport.AbstractInactivityMonitor.start(AbstractInactivityMonitor.java:172)
	at org.apache.activemq.transport.InactivityMonitor.start(InactivityMonitor.java:52)
	at org.apache.activemq.transport.TransportFilter.start(TransportFilter.java:64)
	at org.apache.activemq.transport.WireFormatNegotiator.start(WireFormatNegotiator.java:72)
	at org.apache.activemq.transport.TransportFilter.start(TransportFilter.java:64)
	at org.apache.activemq.transport.TransportFilter.start(TransportFilter.java:64)
	at org.apache.activemq.ActiveMQConnectionFactory.createActiveMQConnection(ActiveMQConnectionFactory.java:403)
	... 13 common frames omitted
11:45:44.034 [] ERROR o.s.j.l.DefaultMessageListenerContainer - Could not refresh JMS Connection for destination 'workload.to.core.queue' - retrying using FixedBackOff{interval=5000, currentAttempts=1, maxAttempts=unlimited}. Cause: Could not connect to broker URL: tcp://localhost:61616. Reason: java.net.ConnectException: Connection refused: no further information
jakarta.jms.JMSException: Could not connect to broker URL: tcp://localhost:61616. Reason: java.net.ConnectException: Connection refused: no further information
	at org.apache.activemq.util.JMSExceptionSupport.create(JMSExceptionSupport.java:49)
	at org.apache.activemq.ActiveMQConnectionFactory.createActiveMQConnection(ActiveMQConnectionFactory.java:423)
	at org.apache.activemq.ActiveMQConnectionFactory.createActiveMQConnection(ActiveMQConnectionFactory.java:353)
	at org.apache.activemq.ActiveMQConnectionFactory.createConnection(ActiveMQConnectionFactory.java:245)
	at org.springframework.jms.connection.SingleConnectionFactory.doCreateConnection(SingleConnectionFactory.java:475)
	at org.springframework.jms.connection.SingleConnectionFactory.initConnection(SingleConnectionFactory.java:434)
	at org.springframework.jms.connection.SingleConnectionFactory.getConnection(SingleConnectionFactory.java:340)
	at org.springframework.jms.connection.SingleConnectionFactory.createConnection(SingleConnectionFactory.java:245)
	at org.springframework.jms.support.JmsAccessor.createConnection(JmsAccessor.java:211)
	at org.springframework.jms.listener.AbstractJmsListeningContainer.createSharedConnection(AbstractJmsListeningContainer.java:439)
	at org.springframework.jms.listener.AbstractJmsListeningContainer.refreshSharedConnection(AbstractJmsListeningContainer.java:421)
	at org.springframework.jms.listener.DefaultMessageListenerContainer.refreshConnectionUntilSuccessful(DefaultMessageListenerContainer.java:1140)
	at org.springframework.jms.listener.DefaultMessageListenerContainer.recoverAfterListenerSetupFailure(DefaultMessageListenerContainer.java:1114)
	at org.springframework.jms.listener.DefaultMessageListenerContainer$AsyncMessageListenerInvoker.run(DefaultMessageListenerContainer.java:1314)
	at java.base/java.lang.Thread.run(Thread.java:842)
Caused by: java.net.ConnectException: Connection refused: no further information
	at java.base/sun.nio.ch.Net.pollConnect(Native Method)
	at java.base/sun.nio.ch.Net.pollConnectNow(Net.java:684)
	at java.base/sun.nio.ch.NioSocketImpl.timedFinishConnect(NioSocketImpl.java:547)
	at java.base/sun.nio.ch.NioSocketImpl.connect(NioSocketImpl.java:602)
	at java.base/java.net.SocksSocketImpl.connect(SocksSocketImpl.java:327)
	at java.base/java.net.Socket.connect(Socket.java:633)
	at org.apache.activemq.transport.tcp.TcpTransport.connect(TcpTransport.java:526)
	at org.apache.activemq.transport.tcp.TcpTransport.doStart(TcpTransport.java:489)
	at org.apache.activemq.util.ServiceSupport.start(ServiceSupport.java:55)
	at org.apache.activemq.transport.AbstractInactivityMonitor.start(AbstractInactivityMonitor.java:172)
	at org.apache.activemq.transport.InactivityMonitor.start(InactivityMonitor.java:52)
	at org.apache.activemq.transport.TransportFilter.start(TransportFilter.java:64)
	at org.apache.activemq.transport.WireFormatNegotiator.start(WireFormatNegotiator.java:72)
	at org.apache.activemq.transport.TransportFilter.start(TransportFilter.java:64)
	at org.apache.activemq.transport.TransportFilter.start(TransportFilter.java:64)
	at org.apache.activemq.ActiveMQConnectionFactory.createActiveMQConnection(ActiveMQConnectionFactory.java:403)
	... 13 common frames omitted
11:45:49.052 [] ERROR o.s.j.l.DefaultMessageListenerContainer - Could not refresh JMS Connection for destination 'workload.to.core.queue' - retrying using FixedBackOff{interval=5000, currentAttempts=2, maxAttempts=unlimited}. Cause: Could not connect to broker URL: tcp://localhost:61616. Reason: java.net.ConnectException: Connection refused: no further information
jakarta.jms.JMSException: Could not connect to broker URL: tcp://localhost:61616. Reason: java.net.ConnectException: Connection refused: no further information
	at org.apache.activemq.util.JMSExceptionSupport.create(JMSExceptionSupport.java:49)
	at org.apache.activemq.ActiveMQConnectionFactory.createActiveMQConnection(ActiveMQConnectionFactory.java:423)
	at org.apache.activemq.ActiveMQConnectionFactory.createActiveMQConnection(ActiveMQConnectionFactory.java:353)
	at org.apache.activemq.ActiveMQConnectionFactory.createConnection(ActiveMQConnectionFactory.java:245)
	at org.springframework.jms.connection.SingleConnectionFactory.doCreateConnection(SingleConnectionFactory.java:475)
	at org.springframework.jms.connection.SingleConnectionFactory.initConnection(SingleConnectionFactory.java:434)
	at org.springframework.jms.connection.SingleConnectionFactory.getConnection(SingleConnectionFactory.java:340)
	at org.springframework.jms.connection.SingleConnectionFactory.createConnection(SingleConnectionFactory.java:245)
	at org.springframework.jms.support.JmsAccessor.createConnection(JmsAccessor.java:211)
	at org.springframework.jms.listener.AbstractJmsListeningContainer.createSharedConnection(AbstractJmsListeningContainer.java:439)
	at org.springframework.jms.listener.AbstractJmsListeningContainer.refreshSharedConnection(AbstractJmsListeningContainer.java:421)
	at org.springframework.jms.listener.DefaultMessageListenerContainer.refreshConnectionUntilSuccessful(DefaultMessageListenerContainer.java:1140)
	at org.springframework.jms.listener.DefaultMessageListenerContainer.recoverAfterListenerSetupFailure(DefaultMessageListenerContainer.java:1114)
	at org.springframework.jms.listener.DefaultMessageListenerContainer$AsyncMessageListenerInvoker.run(DefaultMessageListenerContainer.java:1314)
	at java.base/java.lang.Thread.run(Thread.java:842)
Caused by: java.net.ConnectException: Connection refused: no further information
	at java.base/sun.nio.ch.Net.pollConnect(Native Method)
	at java.base/sun.nio.ch.Net.pollConnectNow(Net.java:684)
	at java.base/sun.nio.ch.NioSocketImpl.timedFinishConnect(NioSocketImpl.java:547)
	at java.base/sun.nio.ch.NioSocketImpl.connect(NioSocketImpl.java:602)
	at java.base/java.net.SocksSocketImpl.connect(SocksSocketImpl.java:327)
	at java.base/java.net.Socket.connect(Socket.java:633)
	at org.apache.activemq.transport.tcp.TcpTransport.connect(TcpTransport.java:526)
	at org.apache.activemq.transport.tcp.TcpTransport.doStart(TcpTransport.java:489)
	at org.apache.activemq.util.ServiceSupport.start(ServiceSupport.java:55)
	at org.apache.activemq.transport.AbstractInactivityMonitor.start(AbstractInactivityMonitor.java:172)
	at org.apache.activemq.transport.InactivityMonitor.start(InactivityMonitor.java:52)
	at org.apache.activemq.transport.TransportFilter.start(TransportFilter.java:64)
	at org.apache.activemq.transport.WireFormatNegotiator.start(WireFormatNegotiator.java:72)
	at org.apache.activemq.transport.TransportFilter.start(TransportFilter.java:64)
	at org.apache.activemq.transport.TransportFilter.start(TransportFilter.java:64)
	at org.apache.activemq.ActiveMQConnectionFactory.createActiveMQConnection(ActiveMQConnectionFactory.java:403)
	... 13 common frames omitted
11:45:54.065 [] ERROR o.s.j.l.DefaultMessageListenerContainer - Could not refresh JMS Connection for destination 'workload.to.core.queue' - retrying using FixedBackOff{interval=5000, currentAttempts=3, maxAttempts=unlimited}. Cause: Could not connect to broker URL: tcp://localhost:61616. Reason: java.net.ConnectException: Connection refused: no further information
jakarta.jms.JMSException: Could not connect to broker URL: tcp://localhost:61616. Reason: java.net.ConnectException: Connection refused: no further information
	at org.apache.activemq.util.JMSExceptionSupport.create(JMSExceptionSupport.java:49)
	at org.apache.activemq.ActiveMQConnectionFactory.createActiveMQConnection(ActiveMQConnectionFactory.java:423)
	at org.apache.activemq.ActiveMQConnectionFactory.createActiveMQConnection(ActiveMQConnectionFactory.java:353)
	at org.apache.activemq.ActiveMQConnectionFactory.createConnection(ActiveMQConnectionFactory.java:245)
	at org.springframework.jms.connection.SingleConnectionFactory.doCreateConnection(SingleConnectionFactory.java:475)
	at org.springframework.jms.connection.SingleConnectionFactory.initConnection(SingleConnectionFactory.java:434)
	at org.springframework.jms.connection.SingleConnectionFactory.getConnection(SingleConnectionFactory.java:340)
	at org.springframework.jms.connection.SingleConnectionFactory.createConnection(SingleConnectionFactory.java:245)
	at org.springframework.jms.support.JmsAccessor.createConnection(JmsAccessor.java:211)
	at org.springframework.jms.listener.AbstractJmsListeningContainer.createSharedConnection(AbstractJmsListeningContainer.java:439)
	at org.springframework.jms.listener.AbstractJmsListeningContainer.refreshSharedConnection(AbstractJmsListeningContainer.java:421)
	at org.springframework.jms.listener.DefaultMessageListenerContainer.refreshConnectionUntilSuccessful(DefaultMessageListenerContainer.java:1140)
	at org.springframework.jms.listener.DefaultMessageListenerContainer.recoverAfterListenerSetupFailure(DefaultMessageListenerContainer.java:1114)
	at org.springframework.jms.listener.DefaultMessageListenerContainer$AsyncMessageListenerInvoker.run(DefaultMessageListenerContainer.java:1314)
	at java.base/java.lang.Thread.run(Thread.java:842)
Caused by: java.net.ConnectException: Connection refused: no further information
	at java.base/sun.nio.ch.Net.pollConnect(Native Method)
	at java.base/sun.nio.ch.Net.pollConnectNow(Net.java:684)
	at java.base/sun.nio.ch.NioSocketImpl.timedFinishConnect(NioSocketImpl.java:547)
	at java.base/sun.nio.ch.NioSocketImpl.connect(NioSocketImpl.java:602)
	at java.base/java.net.SocksSocketImpl.connect(SocksSocketImpl.java:327)
	at java.base/java.net.Socket.connect(Socket.java:633)
	at org.apache.activemq.transport.tcp.TcpTransport.connect(TcpTransport.java:526)
	at org.apache.activemq.transport.tcp.TcpTransport.doStart(TcpTransport.java:489)
	at org.apache.activemq.util.ServiceSupport.start(ServiceSupport.java:55)
	at org.apache.activemq.transport.AbstractInactivityMonitor.start(AbstractInactivityMonitor.java:172)
	at org.apache.activemq.transport.InactivityMonitor.start(InactivityMonitor.java:52)
	at org.apache.activemq.transport.TransportFilter.start(TransportFilter.java:64)
	at org.apache.activemq.transport.WireFormatNegotiator.start(WireFormatNegotiator.java:72)
	at org.apache.activemq.transport.TransportFilter.start(TransportFilter.java:64)
	at org.apache.activemq.transport.TransportFilter.start(TransportFilter.java:64)
	at org.apache.activemq.ActiveMQConnectionFactory.createActiveMQConnection(ActiveMQConnectionFactory.java:403)
	... 13 common frames omitted
11:45:59.088 [] ERROR o.s.j.l.DefaultMessageListenerContainer - Could not refresh JMS Connection for destination 'workload.to.core.queue' - retrying using FixedBackOff{interval=5000, currentAttempts=4, maxAttempts=unlimited}. Cause: Could not connect to broker URL: tcp://localhost:61616. Reason: java.net.ConnectException: Connection refused: no further information
jakarta.jms.JMSException: Could not connect to broker URL: tcp://localhost:61616. Reason: java.net.ConnectException: Connection refused: no further information
	at org.apache.activemq.util.JMSExceptionSupport.create(JMSExceptionSupport.java:49)
	at org.apache.activemq.ActiveMQConnectionFactory.createActiveMQConnection(ActiveMQConnectionFactory.java:423)
	at org.apache.activemq.ActiveMQConnectionFactory.createActiveMQConnection(ActiveMQConnectionFactory.java:353)
	at org.apache.activemq.ActiveMQConnectionFactory.createConnection(ActiveMQConnectionFactory.java:245)
	at org.springframework.jms.connection.SingleConnectionFactory.doCreateConnection(SingleConnectionFactory.java:475)
	at org.springframework.jms.connection.SingleConnectionFactory.initConnection(SingleConnectionFactory.java:434)
	at org.springframework.jms.connection.SingleConnectionFactory.getConnection(SingleConnectionFactory.java:340)
	at org.springframework.jms.connection.SingleConnectionFactory.createConnection(SingleConnectionFactory.java:245)
	at org.springframework.jms.support.JmsAccessor.createConnection(JmsAccessor.java:211)
	at org.springframework.jms.listener.AbstractJmsListeningContainer.createSharedConnection(AbstractJmsListeningContainer.java:439)
	at org.springframework.jms.listener.AbstractJmsListeningContainer.refreshSharedConnection(AbstractJmsListeningContainer.java:421)
	at org.springframework.jms.listener.DefaultMessageListenerContainer.refreshConnectionUntilSuccessful(DefaultMessageListenerContainer.java:1140)
	at org.springframework.jms.listener.DefaultMessageListenerContainer.recoverAfterListenerSetupFailure(DefaultMessageListenerContainer.java:1114)
	at org.springframework.jms.listener.DefaultMessageListenerContainer$AsyncMessageListenerInvoker.run(DefaultMessageListenerContainer.java:1314)
	at java.base/java.lang.Thread.run(Thread.java:842)
Caused by: java.net.ConnectException: Connection refused: no further information
	at java.base/sun.nio.ch.Net.pollConnect(Native Method)
	at java.base/sun.nio.ch.Net.pollConnectNow(Net.java:684)
	at java.base/sun.nio.ch.NioSocketImpl.timedFinishConnect(NioSocketImpl.java:547)
	at java.base/sun.nio.ch.NioSocketImpl.connect(NioSocketImpl.java:602)
	at java.base/java.net.SocksSocketImpl.connect(SocksSocketImpl.java:327)
	at java.base/java.net.Socket.connect(Socket.java:633)
	at org.apache.activemq.transport.tcp.TcpTransport.connect(TcpTransport.java:526)
	at org.apache.activemq.transport.tcp.TcpTransport.doStart(TcpTransport.java:489)
	at org.apache.activemq.util.ServiceSupport.start(ServiceSupport.java:55)
	at org.apache.activemq.transport.AbstractInactivityMonitor.start(AbstractInactivityMonitor.java:172)
	at org.apache.activemq.transport.InactivityMonitor.start(InactivityMonitor.java:52)
	at org.apache.activemq.transport.TransportFilter.start(TransportFilter.java:64)
	at org.apache.activemq.transport.WireFormatNegotiator.start(WireFormatNegotiator.java:72)
	at org.apache.activemq.transport.TransportFilter.start(TransportFilter.java:64)
	at org.apache.activemq.transport.TransportFilter.start(TransportFilter.java:64)
	at org.apache.activemq.ActiveMQConnectionFactory.createActiveMQConnection(ActiveMQConnectionFactory.java:403)
	... 13 common frames omitted
11:46:04.093 [] ERROR o.s.j.l.DefaultMessageListenerContainer - Could not refresh JMS Connection for destination 'workload.to.core.queue' - retrying using FixedBackOff{interval=5000, currentAttempts=5, maxAttempts=unlimited}. Cause: Could not connect to broker URL: tcp://localhost:61616. Reason: java.net.ConnectException: Connection refused: no further information
jakarta.jms.JMSException: Could not connect to broker URL: tcp://localhost:61616. Reason: java.net.ConnectException: Connection refused: no further information
	at org.apache.activemq.util.JMSExceptionSupport.create(JMSExceptionSupport.java:49)
	at org.apache.activemq.ActiveMQConnectionFactory.createActiveMQConnection(ActiveMQConnectionFactory.java:423)
	at org.apache.activemq.ActiveMQConnectionFactory.createActiveMQConnection(ActiveMQConnectionFactory.java:353)
	at org.apache.activemq.ActiveMQConnectionFactory.createConnection(ActiveMQConnectionFactory.java:245)
	at org.springframework.jms.connection.SingleConnectionFactory.doCreateConnection(SingleConnectionFactory.java:475)
	at org.springframework.jms.connection.SingleConnectionFactory.initConnection(SingleConnectionFactory.java:434)
	at org.springframework.jms.connection.SingleConnectionFactory.getConnection(SingleConnectionFactory.java:340)
	at org.springframework.jms.connection.SingleConnectionFactory.createConnection(SingleConnectionFactory.java:245)
	at org.springframework.jms.support.JmsAccessor.createConnection(JmsAccessor.java:211)
	at org.springframework.jms.listener.AbstractJmsListeningContainer.createSharedConnection(AbstractJmsListeningContainer.java:439)
	at org.springframework.jms.listener.AbstractJmsListeningContainer.refreshSharedConnection(AbstractJmsListeningContainer.java:421)
	at org.springframework.jms.listener.DefaultMessageListenerContainer.refreshConnectionUntilSuccessful(DefaultMessageListenerContainer.java:1140)
	at org.springframework.jms.listener.DefaultMessageListenerContainer.recoverAfterListenerSetupFailure(DefaultMessageListenerContainer.java:1114)
	at org.springframework.jms.listener.DefaultMessageListenerContainer$AsyncMessageListenerInvoker.run(DefaultMessageListenerContainer.java:1314)
	at java.base/java.lang.Thread.run(Thread.java:842)
Caused by: java.net.ConnectException: Connection refused: no further information
	at java.base/sun.nio.ch.Net.pollConnect(Native Method)
	at java.base/sun.nio.ch.Net.pollConnectNow(Net.java:684)
	at java.base/sun.nio.ch.NioSocketImpl.timedFinishConnect(NioSocketImpl.java:547)
	at java.base/sun.nio.ch.NioSocketImpl.connect(NioSocketImpl.java:602)
	at java.base/java.net.SocksSocketImpl.connect(SocksSocketImpl.java:327)
	at java.base/java.net.Socket.connect(Socket.java:633)
	at org.apache.activemq.transport.tcp.TcpTransport.connect(TcpTransport.java:526)
	at org.apache.activemq.transport.tcp.TcpTransport.doStart(TcpTransport.java:489)
	at org.apache.activemq.util.ServiceSupport.start(ServiceSupport.java:55)
	at org.apache.activemq.transport.AbstractInactivityMonitor.start(AbstractInactivityMonitor.java:172)
	at org.apache.activemq.transport.InactivityMonitor.start(InactivityMonitor.java:52)
	at org.apache.activemq.transport.TransportFilter.start(TransportFilter.java:64)
	at org.apache.activemq.transport.WireFormatNegotiator.start(WireFormatNegotiator.java:72)
	at org.apache.activemq.transport.TransportFilter.start(TransportFilter.java:64)
	at org.apache.activemq.transport.TransportFilter.start(TransportFilter.java:64)
	at org.apache.activemq.ActiveMQConnectionFactory.createActiveMQConnection(ActiveMQConnectionFactory.java:403)
	... 13 common frames omitted
11:46:09.112 [] ERROR o.s.j.l.DefaultMessageListenerContainer - Could not refresh JMS Connection for destination 'workload.to.core.queue' - retrying using FixedBackOff{interval=5000, currentAttempts=6, maxAttempts=unlimited}. Cause: Could not connect to broker URL: tcp://localhost:61616. Reason: java.net.ConnectException: Connection refused: no further information
jakarta.jms.JMSException: Could not connect to broker URL: tcp://localhost:61616. Reason: java.net.ConnectException: Connection refused: no further information
	at org.apache.activemq.util.JMSExceptionSupport.create(JMSExceptionSupport.java:49)
	at org.apache.activemq.ActiveMQConnectionFactory.createActiveMQConnection(ActiveMQConnectionFactory.java:423)
	at org.apache.activemq.ActiveMQConnectionFactory.createActiveMQConnection(ActiveMQConnectionFactory.java:353)
	at org.apache.activemq.ActiveMQConnectionFactory.createConnection(ActiveMQConnectionFactory.java:245)
	at org.springframework.jms.connection.SingleConnectionFactory.doCreateConnection(SingleConnectionFactory.java:475)
	at org.springframework.jms.connection.SingleConnectionFactory.initConnection(SingleConnectionFactory.java:434)
	at org.springframework.jms.connection.SingleConnectionFactory.getConnection(SingleConnectionFactory.java:340)
	at org.springframework.jms.connection.SingleConnectionFactory.createConnection(SingleConnectionFactory.java:245)
	at org.springframework.jms.support.JmsAccessor.createConnection(JmsAccessor.java:211)
	at org.springframework.jms.listener.AbstractJmsListeningContainer.createSharedConnection(AbstractJmsListeningContainer.java:439)
	at org.springframework.jms.listener.AbstractJmsListeningContainer.refreshSharedConnection(AbstractJmsListeningContainer.java:421)
	at org.springframework.jms.listener.DefaultMessageListenerContainer.refreshConnectionUntilSuccessful(DefaultMessageListenerContainer.java:1140)
	at org.springframework.jms.listener.DefaultMessageListenerContainer.recoverAfterListenerSetupFailure(DefaultMessageListenerContainer.java:1114)
	at org.springframework.jms.listener.DefaultMessageListenerContainer$AsyncMessageListenerInvoker.run(DefaultMessageListenerContainer.java:1314)
	at java.base/java.lang.Thread.run(Thread.java:842)
Caused by: java.net.ConnectException: Connection refused: no further information
	at java.base/sun.nio.ch.Net.pollConnect(Native Method)
	at java.base/sun.nio.ch.Net.pollConnectNow(Net.java:684)
	at java.base/sun.nio.ch.NioSocketImpl.timedFinishConnect(NioSocketImpl.java:547)
	at java.base/sun.nio.ch.NioSocketImpl.connect(NioSocketImpl.java:602)
	at java.base/java.net.SocksSocketImpl.connect(SocksSocketImpl.java:327)
	at java.base/java.net.Socket.connect(Socket.java:633)
	at org.apache.activemq.transport.tcp.TcpTransport.connect(TcpTransport.java:526)
	at org.apache.activemq.transport.tcp.TcpTransport.doStart(TcpTransport.java:489)
	at org.apache.activemq.util.ServiceSupport.start(ServiceSupport.java:55)
	at org.apache.activemq.transport.AbstractInactivityMonitor.start(AbstractInactivityMonitor.java:172)
	at org.apache.activemq.transport.InactivityMonitor.start(InactivityMonitor.java:52)
	at org.apache.activemq.transport.TransportFilter.start(TransportFilter.java:64)
	at org.apache.activemq.transport.WireFormatNegotiator.start(WireFormatNegotiator.java:72)
	at org.apache.activemq.transport.TransportFilter.start(TransportFilter.java:64)
	at org.apache.activemq.transport.TransportFilter.start(TransportFilter.java:64)
	at org.apache.activemq.ActiveMQConnectionFactory.createActiveMQConnection(ActiveMQConnectionFactory.java:403)
	... 13 common frames omitted
11:46:14.120 [] ERROR o.s.j.l.DefaultMessageListenerContainer - Could not refresh JMS Connection for destination 'workload.to.core.queue' - retrying using FixedBackOff{interval=5000, currentAttempts=7, maxAttempts=unlimited}. Cause: Could not connect to broker URL: tcp://localhost:61616. Reason: java.net.ConnectException: Connection refused: no further information
jakarta.jms.JMSException: Could not connect to broker URL: tcp://localhost:61616. Reason: java.net.ConnectException: Connection refused: no further information
	at org.apache.activemq.util.JMSExceptionSupport.create(JMSExceptionSupport.java:49)
	at org.apache.activemq.ActiveMQConnectionFactory.createActiveMQConnection(ActiveMQConnectionFactory.java:423)
	at org.apache.activemq.ActiveMQConnectionFactory.createActiveMQConnection(ActiveMQConnectionFactory.java:353)
	at org.apache.activemq.ActiveMQConnectionFactory.createConnection(ActiveMQConnectionFactory.java:245)
	at org.springframework.jms.connection.SingleConnectionFactory.doCreateConnection(SingleConnectionFactory.java:475)
	at org.springframework.jms.connection.SingleConnectionFactory.initConnection(SingleConnectionFactory.java:434)
	at org.springframework.jms.connection.SingleConnectionFactory.getConnection(SingleConnectionFactory.java:340)
	at org.springframework.jms.connection.SingleConnectionFactory.createConnection(SingleConnectionFactory.java:245)
	at org.springframework.jms.support.JmsAccessor.createConnection(JmsAccessor.java:211)
	at org.springframework.jms.listener.AbstractJmsListeningContainer.createSharedConnection(AbstractJmsListeningContainer.java:439)
	at org.springframework.jms.listener.AbstractJmsListeningContainer.refreshSharedConnection(AbstractJmsListeningContainer.java:421)
	at org.springframework.jms.listener.DefaultMessageListenerContainer.refreshConnectionUntilSuccessful(DefaultMessageListenerContainer.java:1140)
	at org.springframework.jms.listener.DefaultMessageListenerContainer.recoverAfterListenerSetupFailure(DefaultMessageListenerContainer.java:1114)
	at org.springframework.jms.listener.DefaultMessageListenerContainer$AsyncMessageListenerInvoker.run(DefaultMessageListenerContainer.java:1314)
	at java.base/java.lang.Thread.run(Thread.java:842)
Caused by: java.net.ConnectException: Connection refused: no further information
	at java.base/sun.nio.ch.Net.pollConnect(Native Method)
	at java.base/sun.nio.ch.Net.pollConnectNow(Net.java:684)
	at java.base/sun.nio.ch.NioSocketImpl.timedFinishConnect(NioSocketImpl.java:547)
	at java.base/sun.nio.ch.NioSocketImpl.connect(NioSocketImpl.java:602)
	at java.base/java.net.SocksSocketImpl.connect(SocksSocketImpl.java:327)
	at java.base/java.net.Socket.connect(Socket.java:633)
	at org.apache.activemq.transport.tcp.TcpTransport.connect(TcpTransport.java:526)
	at org.apache.activemq.transport.tcp.TcpTransport.doStart(TcpTransport.java:489)
	at org.apache.activemq.util.ServiceSupport.start(ServiceSupport.java:55)
	at org.apache.activemq.transport.AbstractInactivityMonitor.start(AbstractInactivityMonitor.java:172)
	at org.apache.activemq.transport.InactivityMonitor.start(InactivityMonitor.java:52)
	at org.apache.activemq.transport.TransportFilter.start(TransportFilter.java:64)
	at org.apache.activemq.transport.WireFormatNegotiator.start(WireFormatNegotiator.java:72)
	at org.apache.activemq.transport.TransportFilter.start(TransportFilter.java:64)
	at org.apache.activemq.transport.TransportFilter.start(TransportFilter.java:64)
	at org.apache.activemq.ActiveMQConnectionFactory.createActiveMQConnection(ActiveMQConnectionFactory.java:403)
	... 13 common frames omitted
11:46:19.136 [] ERROR o.s.j.l.DefaultMessageListenerContainer - Could not refresh JMS Connection for destination 'workload.to.core.queue' - retrying using FixedBackOff{interval=5000, currentAttempts=8, maxAttempts=unlimited}. Cause: Could not connect to broker URL: tcp://localhost:61616. Reason: java.net.ConnectException: Connection refused: no further information
jakarta.jms.JMSException: Could not connect to broker URL: tcp://localhost:61616. Reason: java.net.ConnectException: Connection refused: no further information
	at org.apache.activemq.util.JMSExceptionSupport.create(JMSExceptionSupport.java:49)
	at org.apache.activemq.ActiveMQConnectionFactory.createActiveMQConnection(ActiveMQConnectionFactory.java:423)
	at org.apache.activemq.ActiveMQConnectionFactory.createActiveMQConnection(ActiveMQConnectionFactory.java:353)
	at org.apache.activemq.ActiveMQConnectionFactory.createConnection(ActiveMQConnectionFactory.java:245)
	at org.springframework.jms.connection.SingleConnectionFactory.doCreateConnection(SingleConnectionFactory.java:475)
	at org.springframework.jms.connection.SingleConnectionFactory.initConnection(SingleConnectionFactory.java:434)
	at org.springframework.jms.connection.SingleConnectionFactory.getConnection(SingleConnectionFactory.java:340)
	at org.springframework.jms.connection.SingleConnectionFactory.createConnection(SingleConnectionFactory.java:245)
	at org.springframework.jms.support.JmsAccessor.createConnection(JmsAccessor.java:211)
	at org.springframework.jms.listener.AbstractJmsListeningContainer.createSharedConnection(AbstractJmsListeningContainer.java:439)
	at org.springframework.jms.listener.AbstractJmsListeningContainer.refreshSharedConnection(AbstractJmsListeningContainer.java:421)
	at org.springframework.jms.listener.DefaultMessageListenerContainer.refreshConnectionUntilSuccessful(DefaultMessageListenerContainer.java:1140)
	at org.springframework.jms.listener.DefaultMessageListenerContainer.recoverAfterListenerSetupFailure(DefaultMessageListenerContainer.java:1114)
	at org.springframework.jms.listener.DefaultMessageListenerContainer$AsyncMessageListenerInvoker.run(DefaultMessageListenerContainer.java:1314)
	at java.base/java.lang.Thread.run(Thread.java:842)
Caused by: java.net.ConnectException: Connection refused: no further information
	at java.base/sun.nio.ch.Net.pollConnect(Native Method)
	at java.base/sun.nio.ch.Net.pollConnectNow(Net.java:684)
	at java.base/sun.nio.ch.NioSocketImpl.timedFinishConnect(NioSocketImpl.java:547)
	at java.base/sun.nio.ch.NioSocketImpl.connect(NioSocketImpl.java:602)
	at java.base/java.net.SocksSocketImpl.connect(SocksSocketImpl.java:327)
	at java.base/java.net.Socket.connect(Socket.java:633)
	at org.apache.activemq.transport.tcp.TcpTransport.connect(TcpTransport.java:526)
	at org.apache.activemq.transport.tcp.TcpTransport.doStart(TcpTransport.java:489)
	at org.apache.activemq.util.ServiceSupport.start(ServiceSupport.java:55)
	at org.apache.activemq.transport.AbstractInactivityMonitor.start(AbstractInactivityMonitor.java:172)
	at org.apache.activemq.transport.InactivityMonitor.start(InactivityMonitor.java:52)
	at org.apache.activemq.transport.TransportFilter.start(TransportFilter.java:64)
	at org.apache.activemq.transport.WireFormatNegotiator.start(WireFormatNegotiator.java:72)
	at org.apache.activemq.transport.TransportFilter.start(TransportFilter.java:64)
	at org.apache.activemq.transport.TransportFilter.start(TransportFilter.java:64)
	at org.apache.activemq.ActiveMQConnectionFactory.createActiveMQConnection(ActiveMQConnectionFactory.java:403)
	... 13 common frames omitted
11:46:24.140 [] ERROR o.s.j.l.DefaultMessageListenerContainer - Could not refresh JMS Connection for destination 'workload.to.core.queue' - retrying using FixedBackOff{interval=5000, currentAttempts=9, maxAttempts=unlimited}. Cause: Could not connect to broker URL: tcp://localhost:61616. Reason: java.net.ConnectException: Connection refused: no further information
jakarta.jms.JMSException: Could not connect to broker URL: tcp://localhost:61616. Reason: java.net.ConnectException: Connection refused: no further information
	at org.apache.activemq.util.JMSExceptionSupport.create(JMSExceptionSupport.java:49)
	at org.apache.activemq.ActiveMQConnectionFactory.createActiveMQConnection(ActiveMQConnectionFactory.java:423)
	at org.apache.activemq.ActiveMQConnectionFactory.createActiveMQConnection(ActiveMQConnectionFactory.java:353)
	at org.apache.activemq.ActiveMQConnectionFactory.createConnection(ActiveMQConnectionFactory.java:245)
	at org.springframework.jms.connection.SingleConnectionFactory.doCreateConnection(SingleConnectionFactory.java:475)
	at org.springframework.jms.connection.SingleConnectionFactory.initConnection(SingleConnectionFactory.java:434)
	at org.springframework.jms.connection.SingleConnectionFactory.getConnection(SingleConnectionFactory.java:340)
	at org.springframework.jms.connection.SingleConnectionFactory.createConnection(SingleConnectionFactory.java:245)
	at org.springframework.jms.support.JmsAccessor.createConnection(JmsAccessor.java:211)
	at org.springframework.jms.listener.AbstractJmsListeningContainer.createSharedConnection(AbstractJmsListeningContainer.java:439)
	at org.springframework.jms.listener.AbstractJmsListeningContainer.refreshSharedConnection(AbstractJmsListeningContainer.java:421)
	at org.springframework.jms.listener.DefaultMessageListenerContainer.refreshConnectionUntilSuccessful(DefaultMessageListenerContainer.java:1140)
	at org.springframework.jms.listener.DefaultMessageListenerContainer.recoverAfterListenerSetupFailure(DefaultMessageListenerContainer.java:1114)
	at org.springframework.jms.listener.DefaultMessageListenerContainer$AsyncMessageListenerInvoker.run(DefaultMessageListenerContainer.java:1314)
	at java.base/java.lang.Thread.run(Thread.java:842)
Caused by: java.net.ConnectException: Connection refused: no further information
	at java.base/sun.nio.ch.Net.pollConnect(Native Method)
	at java.base/sun.nio.ch.Net.pollConnectNow(Net.java:684)
	at java.base/sun.nio.ch.NioSocketImpl.timedFinishConnect(NioSocketImpl.java:547)
	at java.base/sun.nio.ch.NioSocketImpl.connect(NioSocketImpl.java:602)
	at java.base/java.net.SocksSocketImpl.connect(SocksSocketImpl.java:327)
	at java.base/java.net.Socket.connect(Socket.java:633)
	at org.apache.activemq.transport.tcp.TcpTransport.connect(TcpTransport.java:526)
	at org.apache.activemq.transport.tcp.TcpTransport.doStart(TcpTransport.java:489)
	at org.apache.activemq.util.ServiceSupport.start(ServiceSupport.java:55)
	at org.apache.activemq.transport.AbstractInactivityMonitor.start(AbstractInactivityMonitor.java:172)
	at org.apache.activemq.transport.InactivityMonitor.start(InactivityMonitor.java:52)
	at org.apache.activemq.transport.TransportFilter.start(TransportFilter.java:64)
	at org.apache.activemq.transport.WireFormatNegotiator.start(WireFormatNegotiator.java:72)
	at org.apache.activemq.transport.TransportFilter.start(TransportFilter.java:64)
	at org.apache.activemq.transport.TransportFilter.start(TransportFilter.java:64)
	at org.apache.activemq.ActiveMQConnectionFactory.createActiveMQConnection(ActiveMQConnectionFactory.java:403)
	... 13 common frames omitted
11:46:29.152 [] ERROR o.s.j.l.DefaultMessageListenerContainer - Could not refresh JMS Connection for destination 'workload.to.core.queue' - retrying using FixedBackOff{interval=5000, currentAttempts=10, maxAttempts=unlimited}. Cause: Could not connect to broker URL: tcp://localhost:61616. Reason: java.net.ConnectException: Connection refused: no further information
jakarta.jms.JMSException: Could not connect to broker URL: tcp://localhost:61616. Reason: java.net.ConnectException: Connection refused: no further information
	at org.apache.activemq.util.JMSExceptionSupport.create(JMSExceptionSupport.java:49)
	at org.apache.activemq.ActiveMQConnectionFactory.createActiveMQConnection(ActiveMQConnectionFactory.java:423)
	at org.apache.activemq.ActiveMQConnectionFactory.createActiveMQConnection(ActiveMQConnectionFactory.java:353)
	at org.apache.activemq.ActiveMQConnectionFactory.createConnection(ActiveMQConnectionFactory.java:245)
	at org.springframework.jms.connection.SingleConnectionFactory.doCreateConnection(SingleConnectionFactory.java:475)
	at org.springframework.jms.connection.SingleConnectionFactory.initConnection(SingleConnectionFactory.java:434)
	at org.springframework.jms.connection.SingleConnectionFactory.getConnection(SingleConnectionFactory.java:340)
	at org.springframework.jms.connection.SingleConnectionFactory.createConnection(SingleConnectionFactory.java:245)
	at org.springframework.jms.support.JmsAccessor.createConnection(JmsAccessor.java:211)
	at org.springframework.jms.listener.AbstractJmsListeningContainer.createSharedConnection(AbstractJmsListeningContainer.java:439)
	at org.springframework.jms.listener.AbstractJmsListeningContainer.refreshSharedConnection(AbstractJmsListeningContainer.java:421)
	at org.springframework.jms.listener.DefaultMessageListenerContainer.refreshConnectionUntilSuccessful(DefaultMessageListenerContainer.java:1140)
	at org.springframework.jms.listener.DefaultMessageListenerContainer.recoverAfterListenerSetupFailure(DefaultMessageListenerContainer.java:1114)
	at org.springframework.jms.listener.DefaultMessageListenerContainer$AsyncMessageListenerInvoker.run(DefaultMessageListenerContainer.java:1314)
	at java.base/java.lang.Thread.run(Thread.java:842)
Caused by: java.net.ConnectException: Connection refused: no further information
	at java.base/sun.nio.ch.Net.pollConnect(Native Method)
	at java.base/sun.nio.ch.Net.pollConnectNow(Net.java:684)
	at java.base/sun.nio.ch.NioSocketImpl.timedFinishConnect(NioSocketImpl.java:547)
	at java.base/sun.nio.ch.NioSocketImpl.connect(NioSocketImpl.java:602)
	at java.base/java.net.SocksSocketImpl.connect(SocksSocketImpl.java:327)
	at java.base/java.net.Socket.connect(Socket.java:633)
	at org.apache.activemq.transport.tcp.TcpTransport.connect(TcpTransport.java:526)
	at org.apache.activemq.transport.tcp.TcpTransport.doStart(TcpTransport.java:489)
	at org.apache.activemq.util.ServiceSupport.start(ServiceSupport.java:55)
	at org.apache.activemq.transport.AbstractInactivityMonitor.start(AbstractInactivityMonitor.java:172)
	at org.apache.activemq.transport.InactivityMonitor.start(InactivityMonitor.java:52)
	at org.apache.activemq.transport.TransportFilter.start(TransportFilter.java:64)
	at org.apache.activemq.transport.WireFormatNegotiator.start(WireFormatNegotiator.java:72)
	at org.apache.activemq.transport.TransportFilter.start(TransportFilter.java:64)
	at org.apache.activemq.transport.TransportFilter.start(TransportFilter.java:64)
	at org.apache.activemq.ActiveMQConnectionFactory.createActiveMQConnection(ActiveMQConnectionFactory.java:403)
	... 13 common frames omitted
11:46:34.160 [] ERROR o.s.j.l.DefaultMessageListenerContainer - Could not refresh JMS Connection for destination 'workload.to.core.queue' - retrying using FixedBackOff{interval=5000, currentAttempts=11, maxAttempts=unlimited}. Cause: Could not connect to broker URL: tcp://localhost:61616. Reason: java.net.ConnectException: Connection refused: no further information
jakarta.jms.JMSException: Could not connect to broker URL: tcp://localhost:61616. Reason: java.net.ConnectException: Connection refused: no further information
	at org.apache.activemq.util.JMSExceptionSupport.create(JMSExceptionSupport.java:49)
	at org.apache.activemq.ActiveMQConnectionFactory.createActiveMQConnection(ActiveMQConnectionFactory.java:423)
	at org.apache.activemq.ActiveMQConnectionFactory.createActiveMQConnection(ActiveMQConnectionFactory.java:353)
	at org.apache.activemq.ActiveMQConnectionFactory.createConnection(ActiveMQConnectionFactory.java:245)
	at org.springframework.jms.connection.SingleConnectionFactory.doCreateConnection(SingleConnectionFactory.java:475)
	at org.springframework.jms.connection.SingleConnectionFactory.initConnection(SingleConnectionFactory.java:434)
	at org.springframework.jms.connection.SingleConnectionFactory.getConnection(SingleConnectionFactory.java:340)
	at org.springframework.jms.connection.SingleConnectionFactory.createConnection(SingleConnectionFactory.java:245)
	at org.springframework.jms.support.JmsAccessor.createConnection(JmsAccessor.java:211)
	at org.springframework.jms.listener.AbstractJmsListeningContainer.createSharedConnection(AbstractJmsListeningContainer.java:439)
	at org.springframework.jms.listener.AbstractJmsListeningContainer.refreshSharedConnection(AbstractJmsListeningContainer.java:421)
	at org.springframework.jms.listener.DefaultMessageListenerContainer.refreshConnectionUntilSuccessful(DefaultMessageListenerContainer.java:1140)
	at org.springframework.jms.listener.DefaultMessageListenerContainer.recoverAfterListenerSetupFailure(DefaultMessageListenerContainer.java:1114)
	at org.springframework.jms.listener.DefaultMessageListenerContainer$AsyncMessageListenerInvoker.run(DefaultMessageListenerContainer.java:1314)
	at java.base/java.lang.Thread.run(Thread.java:842)
Caused by: java.net.ConnectException: Connection refused: no further information
	at java.base/sun.nio.ch.Net.pollConnect(Native Method)
	at java.base/sun.nio.ch.Net.pollConnectNow(Net.java:684)
	at java.base/sun.nio.ch.NioSocketImpl.timedFinishConnect(NioSocketImpl.java:547)
	at java.base/sun.nio.ch.NioSocketImpl.connect(NioSocketImpl.java:602)
	at java.base/java.net.SocksSocketImpl.connect(SocksSocketImpl.java:327)
	at java.base/java.net.Socket.connect(Socket.java:633)
	at org.apache.activemq.transport.tcp.TcpTransport.connect(TcpTransport.java:526)
	at org.apache.activemq.transport.tcp.TcpTransport.doStart(TcpTransport.java:489)
	at org.apache.activemq.util.ServiceSupport.start(ServiceSupport.java:55)
	at org.apache.activemq.transport.AbstractInactivityMonitor.start(AbstractInactivityMonitor.java:172)
	at org.apache.activemq.transport.InactivityMonitor.start(InactivityMonitor.java:52)
	at org.apache.activemq.transport.TransportFilter.start(TransportFilter.java:64)
	at org.apache.activemq.transport.WireFormatNegotiator.start(WireFormatNegotiator.java:72)
	at org.apache.activemq.transport.TransportFilter.start(TransportFilter.java:64)
	at org.apache.activemq.transport.TransportFilter.start(TransportFilter.java:64)
	at org.apache.activemq.ActiveMQConnectionFactory.createActiveMQConnection(ActiveMQConnectionFactory.java:403)
	... 13 common frames omitted
11:46:39.187 [] ERROR o.s.j.l.DefaultMessageListenerContainer - Could not refresh JMS Connection for destination 'workload.to.core.queue' - retrying using FixedBackOff{interval=5000, currentAttempts=12, maxAttempts=unlimited}. Cause: Could not connect to broker URL: tcp://localhost:61616. Reason: java.net.ConnectException: Connection refused: no further information
jakarta.jms.JMSException: Could not connect to broker URL: tcp://localhost:61616. Reason: java.net.ConnectException: Connection refused: no further information
	at org.apache.activemq.util.JMSExceptionSupport.create(JMSExceptionSupport.java:49)
	at org.apache.activemq.ActiveMQConnectionFactory.createActiveMQConnection(ActiveMQConnectionFactory.java:423)
	at org.apache.activemq.ActiveMQConnectionFactory.createActiveMQConnection(ActiveMQConnectionFactory.java:353)
	at org.apache.activemq.ActiveMQConnectionFactory.createConnection(ActiveMQConnectionFactory.java:245)
	at org.springframework.jms.connection.SingleConnectionFactory.doCreateConnection(SingleConnectionFactory.java:475)
	at org.springframework.jms.connection.SingleConnectionFactory.initConnection(SingleConnectionFactory.java:434)
	at org.springframework.jms.connection.SingleConnectionFactory.getConnection(SingleConnectionFactory.java:340)
	at org.springframework.jms.connection.SingleConnectionFactory.createConnection(SingleConnectionFactory.java:245)
	at org.springframework.jms.support.JmsAccessor.createConnection(JmsAccessor.java:211)
	at org.springframework.jms.listener.AbstractJmsListeningContainer.createSharedConnection(AbstractJmsListeningContainer.java:439)
	at org.springframework.jms.listener.AbstractJmsListeningContainer.refreshSharedConnection(AbstractJmsListeningContainer.java:421)
	at org.springframework.jms.listener.DefaultMessageListenerContainer.refreshConnectionUntilSuccessful(DefaultMessageListenerContainer.java:1140)
	at org.springframework.jms.listener.DefaultMessageListenerContainer.recoverAfterListenerSetupFailure(DefaultMessageListenerContainer.java:1114)
	at org.springframework.jms.listener.DefaultMessageListenerContainer$AsyncMessageListenerInvoker.run(DefaultMessageListenerContainer.java:1314)
	at java.base/java.lang.Thread.run(Thread.java:842)
Caused by: java.net.ConnectException: Connection refused: no further information
	at java.base/sun.nio.ch.Net.pollConnect(Native Method)
	at java.base/sun.nio.ch.Net.pollConnectNow(Net.java:684)
	at java.base/sun.nio.ch.NioSocketImpl.timedFinishConnect(NioSocketImpl.java:547)
	at java.base/sun.nio.ch.NioSocketImpl.connect(NioSocketImpl.java:602)
	at java.base/java.net.SocksSocketImpl.connect(SocksSocketImpl.java:327)
	at java.base/java.net.Socket.connect(Socket.java:633)
	at org.apache.activemq.transport.tcp.TcpTransport.connect(TcpTransport.java:526)
	at org.apache.activemq.transport.tcp.TcpTransport.doStart(TcpTransport.java:489)
	at org.apache.activemq.util.ServiceSupport.start(ServiceSupport.java:55)
	at org.apache.activemq.transport.AbstractInactivityMonitor.start(AbstractInactivityMonitor.java:172)
	at org.apache.activemq.transport.InactivityMonitor.start(InactivityMonitor.java:52)
	at org.apache.activemq.transport.TransportFilter.start(TransportFilter.java:64)
	at org.apache.activemq.transport.WireFormatNegotiator.start(WireFormatNegotiator.java:72)
	at org.apache.activemq.transport.TransportFilter.start(TransportFilter.java:64)
	at org.apache.activemq.transport.TransportFilter.start(TransportFilter.java:64)
	at org.apache.activemq.ActiveMQConnectionFactory.createActiveMQConnection(ActiveMQConnectionFactory.java:403)
	... 13 common frames omitted
11:46:44.218 [] ERROR o.s.j.l.DefaultMessageListenerContainer - Could not refresh JMS Connection for destination 'workload.to.core.queue' - retrying using FixedBackOff{interval=5000, currentAttempts=13, maxAttempts=unlimited}. Cause: Could not connect to broker URL: tcp://localhost:61616. Reason: java.net.ConnectException: Connection refused: no further information
jakarta.jms.JMSException: Could not connect to broker URL: tcp://localhost:61616. Reason: java.net.ConnectException: Connection refused: no further information
	at org.apache.activemq.util.JMSExceptionSupport.create(JMSExceptionSupport.java:49)
	at org.apache.activemq.ActiveMQConnectionFactory.createActiveMQConnection(ActiveMQConnectionFactory.java:423)
	at org.apache.activemq.ActiveMQConnectionFactory.createActiveMQConnection(ActiveMQConnectionFactory.java:353)
	at org.apache.activemq.ActiveMQConnectionFactory.createConnection(ActiveMQConnectionFactory.java:245)
	at org.springframework.jms.connection.SingleConnectionFactory.doCreateConnection(SingleConnectionFactory.java:475)
	at org.springframework.jms.connection.SingleConnectionFactory.initConnection(SingleConnectionFactory.java:434)
	at org.springframework.jms.connection.SingleConnectionFactory.getConnection(SingleConnectionFactory.java:340)
	at org.springframework.jms.connection.SingleConnectionFactory.createConnection(SingleConnectionFactory.java:245)
	at org.springframework.jms.support.JmsAccessor.createConnection(JmsAccessor.java:211)
	at org.springframework.jms.listener.AbstractJmsListeningContainer.createSharedConnection(AbstractJmsListeningContainer.java:439)
	at org.springframework.jms.listener.AbstractJmsListeningContainer.refreshSharedConnection(AbstractJmsListeningContainer.java:421)
	at org.springframework.jms.listener.DefaultMessageListenerContainer.refreshConnectionUntilSuccessful(DefaultMessageListenerContainer.java:1140)
	at org.springframework.jms.listener.DefaultMessageListenerContainer.recoverAfterListenerSetupFailure(DefaultMessageListenerContainer.java:1114)
	at org.springframework.jms.listener.DefaultMessageListenerContainer$AsyncMessageListenerInvoker.run(DefaultMessageListenerContainer.java:1314)
	at java.base/java.lang.Thread.run(Thread.java:842)
Caused by: java.net.ConnectException: Connection refused: no further information
	at java.base/sun.nio.ch.Net.pollConnect(Native Method)
	at java.base/sun.nio.ch.Net.pollConnectNow(Net.java:684)
	at java.base/sun.nio.ch.NioSocketImpl.timedFinishConnect(NioSocketImpl.java:547)
	at java.base/sun.nio.ch.NioSocketImpl.connect(NioSocketImpl.java:602)
	at java.base/java.net.SocksSocketImpl.connect(SocksSocketImpl.java:327)
	at java.base/java.net.Socket.connect(Socket.java:633)
	at org.apache.activemq.transport.tcp.TcpTransport.connect(TcpTransport.java:526)
	at org.apache.activemq.transport.tcp.TcpTransport.doStart(TcpTransport.java:489)
	at org.apache.activemq.util.ServiceSupport.start(ServiceSupport.java:55)
	at org.apache.activemq.transport.AbstractInactivityMonitor.start(AbstractInactivityMonitor.java:172)
	at org.apache.activemq.transport.InactivityMonitor.start(InactivityMonitor.java:52)
	at org.apache.activemq.transport.TransportFilter.start(TransportFilter.java:64)
	at org.apache.activemq.transport.WireFormatNegotiator.start(WireFormatNegotiator.java:72)
	at org.apache.activemq.transport.TransportFilter.start(TransportFilter.java:64)
	at org.apache.activemq.transport.TransportFilter.start(TransportFilter.java:64)
	at org.apache.activemq.ActiveMQConnectionFactory.createActiveMQConnection(ActiveMQConnectionFactory.java:403)
	... 13 common frames omitted
11:46:49.230 [] ERROR o.s.j.l.DefaultMessageListenerContainer - Could not refresh JMS Connection for destination 'workload.to.core.queue' - retrying using FixedBackOff{interval=5000, currentAttempts=14, maxAttempts=unlimited}. Cause: Could not connect to broker URL: tcp://localhost:61616. Reason: java.net.ConnectException: Connection refused: no further information
jakarta.jms.JMSException: Could not connect to broker URL: tcp://localhost:61616. Reason: java.net.ConnectException: Connection refused: no further information
	at org.apache.activemq.util.JMSExceptionSupport.create(JMSExceptionSupport.java:49)
	at org.apache.activemq.ActiveMQConnectionFactory.createActiveMQConnection(ActiveMQConnectionFactory.java:423)
	at org.apache.activemq.ActiveMQConnectionFactory.createActiveMQConnection(ActiveMQConnectionFactory.java:353)
	at org.apache.activemq.ActiveMQConnectionFactory.createConnection(ActiveMQConnectionFactory.java:245)
	at org.springframework.jms.connection.SingleConnectionFactory.doCreateConnection(SingleConnectionFactory.java:475)
	at org.springframework.jms.connection.SingleConnectionFactory.initConnection(SingleConnectionFactory.java:434)
	at org.springframework.jms.connection.SingleConnectionFactory.getConnection(SingleConnectionFactory.java:340)
	at org.springframework.jms.connection.SingleConnectionFactory.createConnection(SingleConnectionFactory.java:245)
	at org.springframework.jms.support.JmsAccessor.createConnection(JmsAccessor.java:211)
	at org.springframework.jms.listener.AbstractJmsListeningContainer.createSharedConnection(AbstractJmsListeningContainer.java:439)
	at org.springframework.jms.listener.AbstractJmsListeningContainer.refreshSharedConnection(AbstractJmsListeningContainer.java:421)
	at org.springframework.jms.listener.DefaultMessageListenerContainer.refreshConnectionUntilSuccessful(DefaultMessageListenerContainer.java:1140)
	at org.springframework.jms.listener.DefaultMessageListenerContainer.recoverAfterListenerSetupFailure(DefaultMessageListenerContainer.java:1114)
	at org.springframework.jms.listener.DefaultMessageListenerContainer$AsyncMessageListenerInvoker.run(DefaultMessageListenerContainer.java:1314)
	at java.base/java.lang.Thread.run(Thread.java:842)
Caused by: java.net.ConnectException: Connection refused: no further information
	at java.base/sun.nio.ch.Net.pollConnect(Native Method)
	at java.base/sun.nio.ch.Net.pollConnectNow(Net.java:684)
	at java.base/sun.nio.ch.NioSocketImpl.timedFinishConnect(NioSocketImpl.java:547)
	at java.base/sun.nio.ch.NioSocketImpl.connect(NioSocketImpl.java:602)
	at java.base/java.net.SocksSocketImpl.connect(SocksSocketImpl.java:327)
	at java.base/java.net.Socket.connect(Socket.java:633)
	at org.apache.activemq.transport.tcp.TcpTransport.connect(TcpTransport.java:526)
	at org.apache.activemq.transport.tcp.TcpTransport.doStart(TcpTransport.java:489)
	at org.apache.activemq.util.ServiceSupport.start(ServiceSupport.java:55)
	at org.apache.activemq.transport.AbstractInactivityMonitor.start(AbstractInactivityMonitor.java:172)
	at org.apache.activemq.transport.InactivityMonitor.start(InactivityMonitor.java:52)
	at org.apache.activemq.transport.TransportFilter.start(TransportFilter.java:64)
	at org.apache.activemq.transport.WireFormatNegotiator.start(WireFormatNegotiator.java:72)
	at org.apache.activemq.transport.TransportFilter.start(TransportFilter.java:64)
	at org.apache.activemq.transport.TransportFilter.start(TransportFilter.java:64)
	at org.apache.activemq.ActiveMQConnectionFactory.createActiveMQConnection(ActiveMQConnectionFactory.java:403)
	... 13 common frames omitted
11:46:54.243 [] ERROR o.s.j.l.DefaultMessageListenerContainer - Could not refresh JMS Connection for destination 'workload.to.core.queue' - retrying using FixedBackOff{interval=5000, currentAttempts=15, maxAttempts=unlimited}. Cause: Could not connect to broker URL: tcp://localhost:61616. Reason: java.net.ConnectException: Connection refused: no further information
jakarta.jms.JMSException: Could not connect to broker URL: tcp://localhost:61616. Reason: java.net.ConnectException: Connection refused: no further information
	at org.apache.activemq.util.JMSExceptionSupport.create(JMSExceptionSupport.java:49)
	at org.apache.activemq.ActiveMQConnectionFactory.createActiveMQConnection(ActiveMQConnectionFactory.java:423)
	at org.apache.activemq.ActiveMQConnectionFactory.createActiveMQConnection(ActiveMQConnectionFactory.java:353)
	at org.apache.activemq.ActiveMQConnectionFactory.createConnection(ActiveMQConnectionFactory.java:245)
	at org.springframework.jms.connection.SingleConnectionFactory.doCreateConnection(SingleConnectionFactory.java:475)
	at org.springframework.jms.connection.SingleConnectionFactory.initConnection(SingleConnectionFactory.java:434)
	at org.springframework.jms.connection.SingleConnectionFactory.getConnection(SingleConnectionFactory.java:340)
	at org.springframework.jms.connection.SingleConnectionFactory.createConnection(SingleConnectionFactory.java:245)
	at org.springframework.jms.support.JmsAccessor.createConnection(JmsAccessor.java:211)
	at org.springframework.jms.listener.AbstractJmsListeningContainer.createSharedConnection(AbstractJmsListeningContainer.java:439)
	at org.springframework.jms.listener.AbstractJmsListeningContainer.refreshSharedConnection(AbstractJmsListeningContainer.java:421)
	at org.springframework.jms.listener.DefaultMessageListenerContainer.refreshConnectionUntilSuccessful(DefaultMessageListenerContainer.java:1140)
	at org.springframework.jms.listener.DefaultMessageListenerContainer.recoverAfterListenerSetupFailure(DefaultMessageListenerContainer.java:1114)
	at org.springframework.jms.listener.DefaultMessageListenerContainer$AsyncMessageListenerInvoker.run(DefaultMessageListenerContainer.java:1314)
	at java.base/java.lang.Thread.run(Thread.java:842)
Caused by: java.net.ConnectException: Connection refused: no further information
	at java.base/sun.nio.ch.Net.pollConnect(Native Method)
	at java.base/sun.nio.ch.Net.pollConnectNow(Net.java:684)
	at java.base/sun.nio.ch.NioSocketImpl.timedFinishConnect(NioSocketImpl.java:547)
	at java.base/sun.nio.ch.NioSocketImpl.connect(NioSocketImpl.java:602)
	at java.base/java.net.SocksSocketImpl.connect(SocksSocketImpl.java:327)
	at java.base/java.net.Socket.connect(Socket.java:633)
	at org.apache.activemq.transport.tcp.TcpTransport.connect(TcpTransport.java:526)
	at org.apache.activemq.transport.tcp.TcpTransport.doStart(TcpTransport.java:489)
	at org.apache.activemq.util.ServiceSupport.start(ServiceSupport.java:55)
	at org.apache.activemq.transport.AbstractInactivityMonitor.start(AbstractInactivityMonitor.java:172)
	at org.apache.activemq.transport.InactivityMonitor.start(InactivityMonitor.java:52)
	at org.apache.activemq.transport.TransportFilter.start(TransportFilter.java:64)
	at org.apache.activemq.transport.WireFormatNegotiator.start(WireFormatNegotiator.java:72)
	at org.apache.activemq.transport.TransportFilter.start(TransportFilter.java:64)
	at org.apache.activemq.transport.TransportFilter.start(TransportFilter.java:64)
	at org.apache.activemq.ActiveMQConnectionFactory.createActiveMQConnection(ActiveMQConnectionFactory.java:403)
	... 13 common frames omitted
11:46:59.260 [] ERROR o.s.j.l.DefaultMessageListenerContainer - Could not refresh JMS Connection for destination 'workload.to.core.queue' - retrying using FixedBackOff{interval=5000, currentAttempts=16, maxAttempts=unlimited}. Cause: Could not connect to broker URL: tcp://localhost:61616. Reason: java.net.ConnectException: Connection refused: no further information
jakarta.jms.JMSException: Could not connect to broker URL: tcp://localhost:61616. Reason: java.net.ConnectException: Connection refused: no further information
	at org.apache.activemq.util.JMSExceptionSupport.create(JMSExceptionSupport.java:49)
	at org.apache.activemq.ActiveMQConnectionFactory.createActiveMQConnection(ActiveMQConnectionFactory.java:423)
	at org.apache.activemq.ActiveMQConnectionFactory.createActiveMQConnection(ActiveMQConnectionFactory.java:353)
	at org.apache.activemq.ActiveMQConnectionFactory.createConnection(ActiveMQConnectionFactory.java:245)
	at org.springframework.jms.connection.SingleConnectionFactory.doCreateConnection(SingleConnectionFactory.java:475)
	at org.springframework.jms.connection.SingleConnectionFactory.initConnection(SingleConnectionFactory.java:434)
	at org.springframework.jms.connection.SingleConnectionFactory.getConnection(SingleConnectionFactory.java:340)
	at org.springframework.jms.connection.SingleConnectionFactory.createConnection(SingleConnectionFactory.java:245)
	at org.springframework.jms.support.JmsAccessor.createConnection(JmsAccessor.java:211)
	at org.springframework.jms.listener.AbstractJmsListeningContainer.createSharedConnection(AbstractJmsListeningContainer.java:439)
	at org.springframework.jms.listener.AbstractJmsListeningContainer.refreshSharedConnection(AbstractJmsListeningContainer.java:421)
	at org.springframework.jms.listener.DefaultMessageListenerContainer.refreshConnectionUntilSuccessful(DefaultMessageListenerContainer.java:1140)
	at org.springframework.jms.listener.DefaultMessageListenerContainer.recoverAfterListenerSetupFailure(DefaultMessageListenerContainer.java:1114)
	at org.springframework.jms.listener.DefaultMessageListenerContainer$AsyncMessageListenerInvoker.run(DefaultMessageListenerContainer.java:1314)
	at java.base/java.lang.Thread.run(Thread.java:842)
Caused by: java.net.ConnectException: Connection refused: no further information
	at java.base/sun.nio.ch.Net.pollConnect(Native Method)
	at java.base/sun.nio.ch.Net.pollConnectNow(Net.java:684)
	at java.base/sun.nio.ch.NioSocketImpl.timedFinishConnect(NioSocketImpl.java:547)
	at java.base/sun.nio.ch.NioSocketImpl.connect(NioSocketImpl.java:602)
	at java.base/java.net.SocksSocketImpl.connect(SocksSocketImpl.java:327)
	at java.base/java.net.Socket.connect(Socket.java:633)
	at org.apache.activemq.transport.tcp.TcpTransport.connect(TcpTransport.java:526)
	at org.apache.activemq.transport.tcp.TcpTransport.doStart(TcpTransport.java:489)
	at org.apache.activemq.util.ServiceSupport.start(ServiceSupport.java:55)
	at org.apache.activemq.transport.AbstractInactivityMonitor.start(AbstractInactivityMonitor.java:172)
	at org.apache.activemq.transport.InactivityMonitor.start(InactivityMonitor.java:52)
	at org.apache.activemq.transport.TransportFilter.start(TransportFilter.java:64)
	at org.apache.activemq.transport.WireFormatNegotiator.start(WireFormatNegotiator.java:72)
	at org.apache.activemq.transport.TransportFilter.start(TransportFilter.java:64)
	at org.apache.activemq.transport.TransportFilter.start(TransportFilter.java:64)
	at org.apache.activemq.ActiveMQConnectionFactory.createActiveMQConnection(ActiveMQConnectionFactory.java:403)
	... 13 common frames omitted
11:47:04.292 [] ERROR o.s.j.l.DefaultMessageListenerContainer - Could not refresh JMS Connection for destination 'workload.to.core.queue' - retrying using FixedBackOff{interval=5000, currentAttempts=17, maxAttempts=unlimited}. Cause: Could not connect to broker URL: tcp://localhost:61616. Reason: java.net.ConnectException: Connection refused: no further information
jakarta.jms.JMSException: Could not connect to broker URL: tcp://localhost:61616. Reason: java.net.ConnectException: Connection refused: no further information
	at org.apache.activemq.util.JMSExceptionSupport.create(JMSExceptionSupport.java:49)
	at org.apache.activemq.ActiveMQConnectionFactory.createActiveMQConnection(ActiveMQConnectionFactory.java:423)
	at org.apache.activemq.ActiveMQConnectionFactory.createActiveMQConnection(ActiveMQConnectionFactory.java:353)
	at org.apache.activemq.ActiveMQConnectionFactory.createConnection(ActiveMQConnectionFactory.java:245)
	at org.springframework.jms.connection.SingleConnectionFactory.doCreateConnection(SingleConnectionFactory.java:475)
	at org.springframework.jms.connection.SingleConnectionFactory.initConnection(SingleConnectionFactory.java:434)
	at org.springframework.jms.connection.SingleConnectionFactory.getConnection(SingleConnectionFactory.java:340)
	at org.springframework.jms.connection.SingleConnectionFactory.createConnection(SingleConnectionFactory.java:245)
	at org.springframework.jms.support.JmsAccessor.createConnection(JmsAccessor.java:211)
	at org.springframework.jms.listener.AbstractJmsListeningContainer.createSharedConnection(AbstractJmsListeningContainer.java:439)
	at org.springframework.jms.listener.AbstractJmsListeningContainer.refreshSharedConnection(AbstractJmsListeningContainer.java:421)
	at org.springframework.jms.listener.DefaultMessageListenerContainer.refreshConnectionUntilSuccessful(DefaultMessageListenerContainer.java:1140)
	at org.springframework.jms.listener.DefaultMessageListenerContainer.recoverAfterListenerSetupFailure(DefaultMessageListenerContainer.java:1114)
	at org.springframework.jms.listener.DefaultMessageListenerContainer$AsyncMessageListenerInvoker.run(DefaultMessageListenerContainer.java:1314)
	at java.base/java.lang.Thread.run(Thread.java:842)
Caused by: java.net.ConnectException: Connection refused: no further information
	at java.base/sun.nio.ch.Net.pollConnect(Native Method)
	at java.base/sun.nio.ch.Net.pollConnectNow(Net.java:684)
	at java.base/sun.nio.ch.NioSocketImpl.timedFinishConnect(NioSocketImpl.java:547)
	at java.base/sun.nio.ch.NioSocketImpl.connect(NioSocketImpl.java:602)
	at java.base/java.net.SocksSocketImpl.connect(SocksSocketImpl.java:327)
	at java.base/java.net.Socket.connect(Socket.java:633)
	at org.apache.activemq.transport.tcp.TcpTransport.connect(TcpTransport.java:526)
	at org.apache.activemq.transport.tcp.TcpTransport.doStart(TcpTransport.java:489)
	at org.apache.activemq.util.ServiceSupport.start(ServiceSupport.java:55)
	at org.apache.activemq.transport.AbstractInactivityMonitor.start(AbstractInactivityMonitor.java:172)
	at org.apache.activemq.transport.InactivityMonitor.start(InactivityMonitor.java:52)
	at org.apache.activemq.transport.TransportFilter.start(TransportFilter.java:64)
	at org.apache.activemq.transport.WireFormatNegotiator.start(WireFormatNegotiator.java:72)
	at org.apache.activemq.transport.TransportFilter.start(TransportFilter.java:64)
	at org.apache.activemq.transport.TransportFilter.start(TransportFilter.java:64)
	at org.apache.activemq.ActiveMQConnectionFactory.createActiveMQConnection(ActiveMQConnectionFactory.java:403)
	... 13 common frames omitted
11:47:09.317 [] ERROR o.s.j.l.DefaultMessageListenerContainer - Could not refresh JMS Connection for destination 'workload.to.core.queue' - retrying using FixedBackOff{interval=5000, currentAttempts=18, maxAttempts=unlimited}. Cause: Could not connect to broker URL: tcp://localhost:61616. Reason: java.net.ConnectException: Connection refused: no further information
jakarta.jms.JMSException: Could not connect to broker URL: tcp://localhost:61616. Reason: java.net.ConnectException: Connection refused: no further information
	at org.apache.activemq.util.JMSExceptionSupport.create(JMSExceptionSupport.java:49)
	at org.apache.activemq.ActiveMQConnectionFactory.createActiveMQConnection(ActiveMQConnectionFactory.java:423)
	at org.apache.activemq.ActiveMQConnectionFactory.createActiveMQConnection(ActiveMQConnectionFactory.java:353)
	at org.apache.activemq.ActiveMQConnectionFactory.createConnection(ActiveMQConnectionFactory.java:245)
	at org.springframework.jms.connection.SingleConnectionFactory.doCreateConnection(SingleConnectionFactory.java:475)
	at org.springframework.jms.connection.SingleConnectionFactory.initConnection(SingleConnectionFactory.java:434)
	at org.springframework.jms.connection.SingleConnectionFactory.getConnection(SingleConnectionFactory.java:340)
	at org.springframework.jms.connection.SingleConnectionFactory.createConnection(SingleConnectionFactory.java:245)
	at org.springframework.jms.support.JmsAccessor.createConnection(JmsAccessor.java:211)
	at org.springframework.jms.listener.AbstractJmsListeningContainer.createSharedConnection(AbstractJmsListeningContainer.java:439)
	at org.springframework.jms.listener.AbstractJmsListeningContainer.refreshSharedConnection(AbstractJmsListeningContainer.java:421)
	at org.springframework.jms.listener.DefaultMessageListenerContainer.refreshConnectionUntilSuccessful(DefaultMessageListenerContainer.java:1140)
	at org.springframework.jms.listener.DefaultMessageListenerContainer.recoverAfterListenerSetupFailure(DefaultMessageListenerContainer.java:1114)
	at org.springframework.jms.listener.DefaultMessageListenerContainer$AsyncMessageListenerInvoker.run(DefaultMessageListenerContainer.java:1314)
	at java.base/java.lang.Thread.run(Thread.java:842)
Caused by: java.net.ConnectException: Connection refused: no further information
	at java.base/sun.nio.ch.Net.pollConnect(Native Method)
	at java.base/sun.nio.ch.Net.pollConnectNow(Net.java:684)
	at java.base/sun.nio.ch.NioSocketImpl.timedFinishConnect(NioSocketImpl.java:547)
	at java.base/sun.nio.ch.NioSocketImpl.connect(NioSocketImpl.java:602)
	at java.base/java.net.SocksSocketImpl.connect(SocksSocketImpl.java:327)
	at java.base/java.net.Socket.connect(Socket.java:633)
	at org.apache.activemq.transport.tcp.TcpTransport.connect(TcpTransport.java:526)
	at org.apache.activemq.transport.tcp.TcpTransport.doStart(TcpTransport.java:489)
	at org.apache.activemq.util.ServiceSupport.start(ServiceSupport.java:55)
	at org.apache.activemq.transport.AbstractInactivityMonitor.start(AbstractInactivityMonitor.java:172)
	at org.apache.activemq.transport.InactivityMonitor.start(InactivityMonitor.java:52)
	at org.apache.activemq.transport.TransportFilter.start(TransportFilter.java:64)
	at org.apache.activemq.transport.WireFormatNegotiator.start(WireFormatNegotiator.java:72)
	at org.apache.activemq.transport.TransportFilter.start(TransportFilter.java:64)
	at org.apache.activemq.transport.TransportFilter.start(TransportFilter.java:64)
	at org.apache.activemq.ActiveMQConnectionFactory.createActiveMQConnection(ActiveMQConnectionFactory.java:403)
	... 13 common frames omitted
11:47:14.328 [] ERROR o.s.j.l.DefaultMessageListenerContainer - Could not refresh JMS Connection for destination 'workload.to.core.queue' - retrying using FixedBackOff{interval=5000, currentAttempts=19, maxAttempts=unlimited}. Cause: Could not connect to broker URL: tcp://localhost:61616. Reason: java.net.ConnectException: Connection refused: no further information
jakarta.jms.JMSException: Could not connect to broker URL: tcp://localhost:61616. Reason: java.net.ConnectException: Connection refused: no further information
	at org.apache.activemq.util.JMSExceptionSupport.create(JMSExceptionSupport.java:49)
	at org.apache.activemq.ActiveMQConnectionFactory.createActiveMQConnection(ActiveMQConnectionFactory.java:423)
	at org.apache.activemq.ActiveMQConnectionFactory.createActiveMQConnection(ActiveMQConnectionFactory.java:353)
	at org.apache.activemq.ActiveMQConnectionFactory.createConnection(ActiveMQConnectionFactory.java:245)
	at org.springframework.jms.connection.SingleConnectionFactory.doCreateConnection(SingleConnectionFactory.java:475)
	at org.springframework.jms.connection.SingleConnectionFactory.initConnection(SingleConnectionFactory.java:434)
	at org.springframework.jms.connection.SingleConnectionFactory.getConnection(SingleConnectionFactory.java:340)
	at org.springframework.jms.connection.SingleConnectionFactory.createConnection(SingleConnectionFactory.java:245)
	at org.springframework.jms.support.JmsAccessor.createConnection(JmsAccessor.java:211)
	at org.springframework.jms.listener.AbstractJmsListeningContainer.createSharedConnection(AbstractJmsListeningContainer.java:439)
	at org.springframework.jms.listener.AbstractJmsListeningContainer.refreshSharedConnection(AbstractJmsListeningContainer.java:421)
	at org.springframework.jms.listener.DefaultMessageListenerContainer.refreshConnectionUntilSuccessful(DefaultMessageListenerContainer.java:1140)
	at org.springframework.jms.listener.DefaultMessageListenerContainer.recoverAfterListenerSetupFailure(DefaultMessageListenerContainer.java:1114)
	at org.springframework.jms.listener.DefaultMessageListenerContainer$AsyncMessageListenerInvoker.run(DefaultMessageListenerContainer.java:1314)
	at java.base/java.lang.Thread.run(Thread.java:842)
Caused by: java.net.ConnectException: Connection refused: no further information
	at java.base/sun.nio.ch.Net.pollConnect(Native Method)
	at java.base/sun.nio.ch.Net.pollConnectNow(Net.java:684)
	at java.base/sun.nio.ch.NioSocketImpl.timedFinishConnect(NioSocketImpl.java:547)
	at java.base/sun.nio.ch.NioSocketImpl.connect(NioSocketImpl.java:602)
	at java.base/java.net.SocksSocketImpl.connect(SocksSocketImpl.java:327)
	at java.base/java.net.Socket.connect(Socket.java:633)
	at org.apache.activemq.transport.tcp.TcpTransport.connect(TcpTransport.java:526)
	at org.apache.activemq.transport.tcp.TcpTransport.doStart(TcpTransport.java:489)
	at org.apache.activemq.util.ServiceSupport.start(ServiceSupport.java:55)
	at org.apache.activemq.transport.AbstractInactivityMonitor.start(AbstractInactivityMonitor.java:172)
	at org.apache.activemq.transport.InactivityMonitor.start(InactivityMonitor.java:52)
	at org.apache.activemq.transport.TransportFilter.start(TransportFilter.java:64)
	at org.apache.activemq.transport.WireFormatNegotiator.start(WireFormatNegotiator.java:72)
	at org.apache.activemq.transport.TransportFilter.start(TransportFilter.java:64)
	at org.apache.activemq.transport.TransportFilter.start(TransportFilter.java:64)
	at org.apache.activemq.ActiveMQConnectionFactory.createActiveMQConnection(ActiveMQConnectionFactory.java:403)
	... 13 common frames omitted
11:47:19.354 [] ERROR o.s.j.l.DefaultMessageListenerContainer - Could not refresh JMS Connection for destination 'workload.to.core.queue' - retrying using FixedBackOff{interval=5000, currentAttempts=20, maxAttempts=unlimited}. Cause: Could not connect to broker URL: tcp://localhost:61616. Reason: java.net.ConnectException: Connection refused: no further information
jakarta.jms.JMSException: Could not connect to broker URL: tcp://localhost:61616. Reason: java.net.ConnectException: Connection refused: no further information
	at org.apache.activemq.util.JMSExceptionSupport.create(JMSExceptionSupport.java:49)
	at org.apache.activemq.ActiveMQConnectionFactory.createActiveMQConnection(ActiveMQConnectionFactory.java:423)
	at org.apache.activemq.ActiveMQConnectionFactory.createActiveMQConnection(ActiveMQConnectionFactory.java:353)
	at org.apache.activemq.ActiveMQConnectionFactory.createConnection(ActiveMQConnectionFactory.java:245)
	at org.springframework.jms.connection.SingleConnectionFactory.doCreateConnection(SingleConnectionFactory.java:475)
	at org.springframework.jms.connection.SingleConnectionFactory.initConnection(SingleConnectionFactory.java:434)
	at org.springframework.jms.connection.SingleConnectionFactory.getConnection(SingleConnectionFactory.java:340)
	at org.springframework.jms.connection.SingleConnectionFactory.createConnection(SingleConnectionFactory.java:245)
	at org.springframework.jms.support.JmsAccessor.createConnection(JmsAccessor.java:211)
	at org.springframework.jms.listener.AbstractJmsListeningContainer.createSharedConnection(AbstractJmsListeningContainer.java:439)
	at org.springframework.jms.listener.AbstractJmsListeningContainer.refreshSharedConnection(AbstractJmsListeningContainer.java:421)
	at org.springframework.jms.listener.DefaultMessageListenerContainer.refreshConnectionUntilSuccessful(DefaultMessageListenerContainer.java:1140)
	at org.springframework.jms.listener.DefaultMessageListenerContainer.recoverAfterListenerSetupFailure(DefaultMessageListenerContainer.java:1114)
	at org.springframework.jms.listener.DefaultMessageListenerContainer$AsyncMessageListenerInvoker.run(DefaultMessageListenerContainer.java:1314)
	at java.base/java.lang.Thread.run(Thread.java:842)
Caused by: java.net.ConnectException: Connection refused: no further information
	at java.base/sun.nio.ch.Net.pollConnect(Native Method)
	at java.base/sun.nio.ch.Net.pollConnectNow(Net.java:684)
	at java.base/sun.nio.ch.NioSocketImpl.timedFinishConnect(NioSocketImpl.java:547)
	at java.base/sun.nio.ch.NioSocketImpl.connect(NioSocketImpl.java:602)
	at java.base/java.net.SocksSocketImpl.connect(SocksSocketImpl.java:327)
	at java.base/java.net.Socket.connect(Socket.java:633)
	at org.apache.activemq.transport.tcp.TcpTransport.connect(TcpTransport.java:526)
	at org.apache.activemq.transport.tcp.TcpTransport.doStart(TcpTransport.java:489)
	at org.apache.activemq.util.ServiceSupport.start(ServiceSupport.java:55)
	at org.apache.activemq.transport.AbstractInactivityMonitor.start(AbstractInactivityMonitor.java:172)
	at org.apache.activemq.transport.InactivityMonitor.start(InactivityMonitor.java:52)
	at org.apache.activemq.transport.TransportFilter.start(TransportFilter.java:64)
	at org.apache.activemq.transport.WireFormatNegotiator.start(WireFormatNegotiator.java:72)
	at org.apache.activemq.transport.TransportFilter.start(TransportFilter.java:64)
	at org.apache.activemq.transport.TransportFilter.start(TransportFilter.java:64)
	at org.apache.activemq.ActiveMQConnectionFactory.createActiveMQConnection(ActiveMQConnectionFactory.java:403)
	... 13 common frames omitted
11:47:24.375 [] ERROR o.s.j.l.DefaultMessageListenerContainer - Could not refresh JMS Connection for destination 'workload.to.core.queue' - retrying using FixedBackOff{interval=5000, currentAttempts=21, maxAttempts=unlimited}. Cause: Could not connect to broker URL: tcp://localhost:61616. Reason: java.net.ConnectException: Connection refused: no further information
jakarta.jms.JMSException: Could not connect to broker URL: tcp://localhost:61616. Reason: java.net.ConnectException: Connection refused: no further information
	at org.apache.activemq.util.JMSExceptionSupport.create(JMSExceptionSupport.java:49)
	at org.apache.activemq.ActiveMQConnectionFactory.createActiveMQConnection(ActiveMQConnectionFactory.java:423)
	at org.apache.activemq.ActiveMQConnectionFactory.createActiveMQConnection(ActiveMQConnectionFactory.java:353)
	at org.apache.activemq.ActiveMQConnectionFactory.createConnection(ActiveMQConnectionFactory.java:245)
	at org.springframework.jms.connection.SingleConnectionFactory.doCreateConnection(SingleConnectionFactory.java:475)
	at org.springframework.jms.connection.SingleConnectionFactory.initConnection(SingleConnectionFactory.java:434)
	at org.springframework.jms.connection.SingleConnectionFactory.getConnection(SingleConnectionFactory.java:340)
	at org.springframework.jms.connection.SingleConnectionFactory.createConnection(SingleConnectionFactory.java:245)
	at org.springframework.jms.support.JmsAccessor.createConnection(JmsAccessor.java:211)
	at org.springframework.jms.listener.AbstractJmsListeningContainer.createSharedConnection(AbstractJmsListeningContainer.java:439)
	at org.springframework.jms.listener.AbstractJmsListeningContainer.refreshSharedConnection(AbstractJmsListeningContainer.java:421)
	at org.springframework.jms.listener.DefaultMessageListenerContainer.refreshConnectionUntilSuccessful(DefaultMessageListenerContainer.java:1140)
	at org.springframework.jms.listener.DefaultMessageListenerContainer.recoverAfterListenerSetupFailure(DefaultMessageListenerContainer.java:1114)
	at org.springframework.jms.listener.DefaultMessageListenerContainer$AsyncMessageListenerInvoker.run(DefaultMessageListenerContainer.java:1314)
	at java.base/java.lang.Thread.run(Thread.java:842)
Caused by: java.net.ConnectException: Connection refused: no further information
	at java.base/sun.nio.ch.Net.pollConnect(Native Method)
	at java.base/sun.nio.ch.Net.pollConnectNow(Net.java:684)
	at java.base/sun.nio.ch.NioSocketImpl.timedFinishConnect(NioSocketImpl.java:547)
	at java.base/sun.nio.ch.NioSocketImpl.connect(NioSocketImpl.java:602)
	at java.base/java.net.SocksSocketImpl.connect(SocksSocketImpl.java:327)
	at java.base/java.net.Socket.connect(Socket.java:633)
	at org.apache.activemq.transport.tcp.TcpTransport.connect(TcpTransport.java:526)
	at org.apache.activemq.transport.tcp.TcpTransport.doStart(TcpTransport.java:489)
	at org.apache.activemq.util.ServiceSupport.start(ServiceSupport.java:55)
	at org.apache.activemq.transport.AbstractInactivityMonitor.start(AbstractInactivityMonitor.java:172)
	at org.apache.activemq.transport.InactivityMonitor.start(InactivityMonitor.java:52)
	at org.apache.activemq.transport.TransportFilter.start(TransportFilter.java:64)
	at org.apache.activemq.transport.WireFormatNegotiator.start(WireFormatNegotiator.java:72)
	at org.apache.activemq.transport.TransportFilter.start(TransportFilter.java:64)
	at org.apache.activemq.transport.TransportFilter.start(TransportFilter.java:64)
	at org.apache.activemq.ActiveMQConnectionFactory.createActiveMQConnection(ActiveMQConnectionFactory.java:403)
	... 13 common frames omitted
11:47:29.387 [] ERROR o.s.j.l.DefaultMessageListenerContainer - Could not refresh JMS Connection for destination 'workload.to.core.queue' - retrying using FixedBackOff{interval=5000, currentAttempts=22, maxAttempts=unlimited}. Cause: Could not connect to broker URL: tcp://localhost:61616. Reason: java.net.ConnectException: Connection refused: no further information
jakarta.jms.JMSException: Could not connect to broker URL: tcp://localhost:61616. Reason: java.net.ConnectException: Connection refused: no further information
	at org.apache.activemq.util.JMSExceptionSupport.create(JMSExceptionSupport.java:49)
	at org.apache.activemq.ActiveMQConnectionFactory.createActiveMQConnection(ActiveMQConnectionFactory.java:423)
	at org.apache.activemq.ActiveMQConnectionFactory.createActiveMQConnection(ActiveMQConnectionFactory.java:353)
	at org.apache.activemq.ActiveMQConnectionFactory.createConnection(ActiveMQConnectionFactory.java:245)
	at org.springframework.jms.connection.SingleConnectionFactory.doCreateConnection(SingleConnectionFactory.java:475)
	at org.springframework.jms.connection.SingleConnectionFactory.initConnection(SingleConnectionFactory.java:434)
	at org.springframework.jms.connection.SingleConnectionFactory.getConnection(SingleConnectionFactory.java:340)
	at org.springframework.jms.connection.SingleConnectionFactory.createConnection(SingleConnectionFactory.java:245)
	at org.springframework.jms.support.JmsAccessor.createConnection(JmsAccessor.java:211)
	at org.springframework.jms.listener.AbstractJmsListeningContainer.createSharedConnection(AbstractJmsListeningContainer.java:439)
	at org.springframework.jms.listener.AbstractJmsListeningContainer.refreshSharedConnection(AbstractJmsListeningContainer.java:421)
	at org.springframework.jms.listener.DefaultMessageListenerContainer.refreshConnectionUntilSuccessful(DefaultMessageListenerContainer.java:1140)
	at org.springframework.jms.listener.DefaultMessageListenerContainer.recoverAfterListenerSetupFailure(DefaultMessageListenerContainer.java:1114)
	at org.springframework.jms.listener.DefaultMessageListenerContainer$AsyncMessageListenerInvoker.run(DefaultMessageListenerContainer.java:1314)
	at java.base/java.lang.Thread.run(Thread.java:842)
Caused by: java.net.ConnectException: Connection refused: no further information
	at java.base/sun.nio.ch.Net.pollConnect(Native Method)
	at java.base/sun.nio.ch.Net.pollConnectNow(Net.java:684)
	at java.base/sun.nio.ch.NioSocketImpl.timedFinishConnect(NioSocketImpl.java:547)
	at java.base/sun.nio.ch.NioSocketImpl.connect(NioSocketImpl.java:602)
	at java.base/java.net.SocksSocketImpl.connect(SocksSocketImpl.java:327)
	at java.base/java.net.Socket.connect(Socket.java:633)
	at org.apache.activemq.transport.tcp.TcpTransport.connect(TcpTransport.java:526)
	at org.apache.activemq.transport.tcp.TcpTransport.doStart(TcpTransport.java:489)
	at org.apache.activemq.util.ServiceSupport.start(ServiceSupport.java:55)
	at org.apache.activemq.transport.AbstractInactivityMonitor.start(AbstractInactivityMonitor.java:172)
	at org.apache.activemq.transport.InactivityMonitor.start(InactivityMonitor.java:52)
	at org.apache.activemq.transport.TransportFilter.start(TransportFilter.java:64)
	at org.apache.activemq.transport.WireFormatNegotiator.start(WireFormatNegotiator.java:72)
	at org.apache.activemq.transport.TransportFilter.start(TransportFilter.java:64)
	at org.apache.activemq.transport.TransportFilter.start(TransportFilter.java:64)
	at org.apache.activemq.ActiveMQConnectionFactory.createActiveMQConnection(ActiveMQConnectionFactory.java:403)
	... 13 common frames omitted
11:47:34.391 [] ERROR o.s.j.l.DefaultMessageListenerContainer - Could not refresh JMS Connection for destination 'workload.to.core.queue' - retrying using FixedBackOff{interval=5000, currentAttempts=23, maxAttempts=unlimited}. Cause: Could not connect to broker URL: tcp://localhost:61616. Reason: java.net.ConnectException: Connection refused: no further information
jakarta.jms.JMSException: Could not connect to broker URL: tcp://localhost:61616. Reason: java.net.ConnectException: Connection refused: no further information
	at org.apache.activemq.util.JMSExceptionSupport.create(JMSExceptionSupport.java:49)
	at org.apache.activemq.ActiveMQConnectionFactory.createActiveMQConnection(ActiveMQConnectionFactory.java:423)
	at org.apache.activemq.ActiveMQConnectionFactory.createActiveMQConnection(ActiveMQConnectionFactory.java:353)
	at org.apache.activemq.ActiveMQConnectionFactory.createConnection(ActiveMQConnectionFactory.java:245)
	at org.springframework.jms.connection.SingleConnectionFactory.doCreateConnection(SingleConnectionFactory.java:475)
	at org.springframework.jms.connection.SingleConnectionFactory.initConnection(SingleConnectionFactory.java:434)
	at org.springframework.jms.connection.SingleConnectionFactory.getConnection(SingleConnectionFactory.java:340)
	at org.springframework.jms.connection.SingleConnectionFactory.createConnection(SingleConnectionFactory.java:245)
	at org.springframework.jms.support.JmsAccessor.createConnection(JmsAccessor.java:211)
	at org.springframework.jms.listener.AbstractJmsListeningContainer.createSharedConnection(AbstractJmsListeningContainer.java:439)
	at org.springframework.jms.listener.AbstractJmsListeningContainer.refreshSharedConnection(AbstractJmsListeningContainer.java:421)
	at org.springframework.jms.listener.DefaultMessageListenerContainer.refreshConnectionUntilSuccessful(DefaultMessageListenerContainer.java:1140)
	at org.springframework.jms.listener.DefaultMessageListenerContainer.recoverAfterListenerSetupFailure(DefaultMessageListenerContainer.java:1114)
	at org.springframework.jms.listener.DefaultMessageListenerContainer$AsyncMessageListenerInvoker.run(DefaultMessageListenerContainer.java:1314)
	at java.base/java.lang.Thread.run(Thread.java:842)
Caused by: java.net.ConnectException: Connection refused: no further information
	at java.base/sun.nio.ch.Net.pollConnect(Native Method)
	at java.base/sun.nio.ch.Net.pollConnectNow(Net.java:684)
	at java.base/sun.nio.ch.NioSocketImpl.timedFinishConnect(NioSocketImpl.java:547)
	at java.base/sun.nio.ch.NioSocketImpl.connect(NioSocketImpl.java:602)
	at java.base/java.net.SocksSocketImpl.connect(SocksSocketImpl.java:327)
	at java.base/java.net.Socket.connect(Socket.java:633)
	at org.apache.activemq.transport.tcp.TcpTransport.connect(TcpTransport.java:526)
	at org.apache.activemq.transport.tcp.TcpTransport.doStart(TcpTransport.java:489)
	at org.apache.activemq.util.ServiceSupport.start(ServiceSupport.java:55)
	at org.apache.activemq.transport.AbstractInactivityMonitor.start(AbstractInactivityMonitor.java:172)
	at org.apache.activemq.transport.InactivityMonitor.start(InactivityMonitor.java:52)
	at org.apache.activemq.transport.TransportFilter.start(TransportFilter.java:64)
	at org.apache.activemq.transport.WireFormatNegotiator.start(WireFormatNegotiator.java:72)
	at org.apache.activemq.transport.TransportFilter.start(TransportFilter.java:64)
	at org.apache.activemq.transport.TransportFilter.start(TransportFilter.java:64)
	at org.apache.activemq.ActiveMQConnectionFactory.createActiveMQConnection(ActiveMQConnectionFactory.java:403)
	... 13 common frames omitted
11:47:39.403 [] ERROR o.s.j.l.DefaultMessageListenerContainer - Could not refresh JMS Connection for destination 'workload.to.core.queue' - retrying using FixedBackOff{interval=5000, currentAttempts=24, maxAttempts=unlimited}. Cause: Could not connect to broker URL: tcp://localhost:61616. Reason: java.net.ConnectException: Connection refused: no further information
jakarta.jms.JMSException: Could not connect to broker URL: tcp://localhost:61616. Reason: java.net.ConnectException: Connection refused: no further information
	at org.apache.activemq.util.JMSExceptionSupport.create(JMSExceptionSupport.java:49)
	at org.apache.activemq.ActiveMQConnectionFactory.createActiveMQConnection(ActiveMQConnectionFactory.java:423)
	at org.apache.activemq.ActiveMQConnectionFactory.createActiveMQConnection(ActiveMQConnectionFactory.java:353)
	at org.apache.activemq.ActiveMQConnectionFactory.createConnection(ActiveMQConnectionFactory.java:245)
	at org.springframework.jms.connection.SingleConnectionFactory.doCreateConnection(SingleConnectionFactory.java:475)
	at org.springframework.jms.connection.SingleConnectionFactory.initConnection(SingleConnectionFactory.java:434)
	at org.springframework.jms.connection.SingleConnectionFactory.getConnection(SingleConnectionFactory.java:340)
	at org.springframework.jms.connection.SingleConnectionFactory.createConnection(SingleConnectionFactory.java:245)
	at org.springframework.jms.support.JmsAccessor.createConnection(JmsAccessor.java:211)
	at org.springframework.jms.listener.AbstractJmsListeningContainer.createSharedConnection(AbstractJmsListeningContainer.java:439)
	at org.springframework.jms.listener.AbstractJmsListeningContainer.refreshSharedConnection(AbstractJmsListeningContainer.java:421)
	at org.springframework.jms.listener.DefaultMessageListenerContainer.refreshConnectionUntilSuccessful(DefaultMessageListenerContainer.java:1140)
	at org.springframework.jms.listener.DefaultMessageListenerContainer.recoverAfterListenerSetupFailure(DefaultMessageListenerContainer.java:1114)
	at org.springframework.jms.listener.DefaultMessageListenerContainer$AsyncMessageListenerInvoker.run(DefaultMessageListenerContainer.java:1314)
	at java.base/java.lang.Thread.run(Thread.java:842)
Caused by: java.net.ConnectException: Connection refused: no further information
	at java.base/sun.nio.ch.Net.pollConnect(Native Method)
	at java.base/sun.nio.ch.Net.pollConnectNow(Net.java:684)
	at java.base/sun.nio.ch.NioSocketImpl.timedFinishConnect(NioSocketImpl.java:547)
	at java.base/sun.nio.ch.NioSocketImpl.connect(NioSocketImpl.java:602)
	at java.base/java.net.SocksSocketImpl.connect(SocksSocketImpl.java:327)
	at java.base/java.net.Socket.connect(Socket.java:633)
	at org.apache.activemq.transport.tcp.TcpTransport.connect(TcpTransport.java:526)
	at org.apache.activemq.transport.tcp.TcpTransport.doStart(TcpTransport.java:489)
	at org.apache.activemq.util.ServiceSupport.start(ServiceSupport.java:55)
	at org.apache.activemq.transport.AbstractInactivityMonitor.start(AbstractInactivityMonitor.java:172)
	at org.apache.activemq.transport.InactivityMonitor.start(InactivityMonitor.java:52)
	at org.apache.activemq.transport.TransportFilter.start(TransportFilter.java:64)
	at org.apache.activemq.transport.WireFormatNegotiator.start(WireFormatNegotiator.java:72)
	at org.apache.activemq.transport.TransportFilter.start(TransportFilter.java:64)
	at org.apache.activemq.transport.TransportFilter.start(TransportFilter.java:64)
	at org.apache.activemq.ActiveMQConnectionFactory.createActiveMQConnection(ActiveMQConnectionFactory.java:403)
	... 13 common frames omitted
11:47:44.411 [] ERROR o.s.j.l.DefaultMessageListenerContainer - Could not refresh JMS Connection for destination 'workload.to.core.queue' - retrying using FixedBackOff{interval=5000, currentAttempts=25, maxAttempts=unlimited}. Cause: Could not connect to broker URL: tcp://localhost:61616. Reason: java.net.ConnectException: Connection refused: no further information
jakarta.jms.JMSException: Could not connect to broker URL: tcp://localhost:61616. Reason: java.net.ConnectException: Connection refused: no further information
	at org.apache.activemq.util.JMSExceptionSupport.create(JMSExceptionSupport.java:49)
	at org.apache.activemq.ActiveMQConnectionFactory.createActiveMQConnection(ActiveMQConnectionFactory.java:423)
	at org.apache.activemq.ActiveMQConnectionFactory.createActiveMQConnection(ActiveMQConnectionFactory.java:353)
	at org.apache.activemq.ActiveMQConnectionFactory.createConnection(ActiveMQConnectionFactory.java:245)
	at org.springframework.jms.connection.SingleConnectionFactory.doCreateConnection(SingleConnectionFactory.java:475)
	at org.springframework.jms.connection.SingleConnectionFactory.initConnection(SingleConnectionFactory.java:434)
	at org.springframework.jms.connection.SingleConnectionFactory.getConnection(SingleConnectionFactory.java:340)
	at org.springframework.jms.connection.SingleConnectionFactory.createConnection(SingleConnectionFactory.java:245)
	at org.springframework.jms.support.JmsAccessor.createConnection(JmsAccessor.java:211)
	at org.springframework.jms.listener.AbstractJmsListeningContainer.createSharedConnection(AbstractJmsListeningContainer.java:439)
	at org.springframework.jms.listener.AbstractJmsListeningContainer.refreshSharedConnection(AbstractJmsListeningContainer.java:421)
	at org.springframework.jms.listener.DefaultMessageListenerContainer.refreshConnectionUntilSuccessful(DefaultMessageListenerContainer.java:1140)
	at org.springframework.jms.listener.DefaultMessageListenerContainer.recoverAfterListenerSetupFailure(DefaultMessageListenerContainer.java:1114)
	at org.springframework.jms.listener.DefaultMessageListenerContainer$AsyncMessageListenerInvoker.run(DefaultMessageListenerContainer.java:1314)
	at java.base/java.lang.Thread.run(Thread.java:842)
Caused by: java.net.ConnectException: Connection refused: no further information
	at java.base/sun.nio.ch.Net.pollConnect(Native Method)
	at java.base/sun.nio.ch.Net.pollConnectNow(Net.java:684)
	at java.base/sun.nio.ch.NioSocketImpl.timedFinishConnect(NioSocketImpl.java:547)
	at java.base/sun.nio.ch.NioSocketImpl.connect(NioSocketImpl.java:602)
	at java.base/java.net.SocksSocketImpl.connect(SocksSocketImpl.java:327)
	at java.base/java.net.Socket.connect(Socket.java:633)
	at org.apache.activemq.transport.tcp.TcpTransport.connect(TcpTransport.java:526)
	at org.apache.activemq.transport.tcp.TcpTransport.doStart(TcpTransport.java:489)
	at org.apache.activemq.util.ServiceSupport.start(ServiceSupport.java:55)
	at org.apache.activemq.transport.AbstractInactivityMonitor.start(AbstractInactivityMonitor.java:172)
	at org.apache.activemq.transport.InactivityMonitor.start(InactivityMonitor.java:52)
	at org.apache.activemq.transport.TransportFilter.start(TransportFilter.java:64)
	at org.apache.activemq.transport.WireFormatNegotiator.start(WireFormatNegotiator.java:72)
	at org.apache.activemq.transport.TransportFilter.start(TransportFilter.java:64)
	at org.apache.activemq.transport.TransportFilter.start(TransportFilter.java:64)
	at org.apache.activemq.ActiveMQConnectionFactory.createActiveMQConnection(ActiveMQConnectionFactory.java:403)
	... 13 common frames omitted
11:47:49.422 [] ERROR o.s.j.l.DefaultMessageListenerContainer - Could not refresh JMS Connection for destination 'workload.to.core.queue' - retrying using FixedBackOff{interval=5000, currentAttempts=26, maxAttempts=unlimited}. Cause: Could not connect to broker URL: tcp://localhost:61616. Reason: java.net.ConnectException: Connection refused: no further information
jakarta.jms.JMSException: Could not connect to broker URL: tcp://localhost:61616. Reason: java.net.ConnectException: Connection refused: no further information
	at org.apache.activemq.util.JMSExceptionSupport.create(JMSExceptionSupport.java:49)
	at org.apache.activemq.ActiveMQConnectionFactory.createActiveMQConnection(ActiveMQConnectionFactory.java:423)
	at org.apache.activemq.ActiveMQConnectionFactory.createActiveMQConnection(ActiveMQConnectionFactory.java:353)
	at org.apache.activemq.ActiveMQConnectionFactory.createConnection(ActiveMQConnectionFactory.java:245)
	at org.springframework.jms.connection.SingleConnectionFactory.doCreateConnection(SingleConnectionFactory.java:475)
	at org.springframework.jms.connection.SingleConnectionFactory.initConnection(SingleConnectionFactory.java:434)
	at org.springframework.jms.connection.SingleConnectionFactory.getConnection(SingleConnectionFactory.java:340)
	at org.springframework.jms.connection.SingleConnectionFactory.createConnection(SingleConnectionFactory.java:245)
	at org.springframework.jms.support.JmsAccessor.createConnection(JmsAccessor.java:211)
	at org.springframework.jms.listener.AbstractJmsListeningContainer.createSharedConnection(AbstractJmsListeningContainer.java:439)
	at org.springframework.jms.listener.AbstractJmsListeningContainer.refreshSharedConnection(AbstractJmsListeningContainer.java:421)
	at org.springframework.jms.listener.DefaultMessageListenerContainer.refreshConnectionUntilSuccessful(DefaultMessageListenerContainer.java:1140)
	at org.springframework.jms.listener.DefaultMessageListenerContainer.recoverAfterListenerSetupFailure(DefaultMessageListenerContainer.java:1114)
	at org.springframework.jms.listener.DefaultMessageListenerContainer$AsyncMessageListenerInvoker.run(DefaultMessageListenerContainer.java:1314)
	at java.base/java.lang.Thread.run(Thread.java:842)
Caused by: java.net.ConnectException: Connection refused: no further information
	at java.base/sun.nio.ch.Net.pollConnect(Native Method)
	at java.base/sun.nio.ch.Net.pollConnectNow(Net.java:684)
	at java.base/sun.nio.ch.NioSocketImpl.timedFinishConnect(NioSocketImpl.java:547)
	at java.base/sun.nio.ch.NioSocketImpl.connect(NioSocketImpl.java:602)
	at java.base/java.net.SocksSocketImpl.connect(SocksSocketImpl.java:327)
	at java.base/java.net.Socket.connect(Socket.java:633)
	at org.apache.activemq.transport.tcp.TcpTransport.connect(TcpTransport.java:526)
	at org.apache.activemq.transport.tcp.TcpTransport.doStart(TcpTransport.java:489)
	at org.apache.activemq.util.ServiceSupport.start(ServiceSupport.java:55)
	at org.apache.activemq.transport.AbstractInactivityMonitor.start(AbstractInactivityMonitor.java:172)
	at org.apache.activemq.transport.InactivityMonitor.start(InactivityMonitor.java:52)
	at org.apache.activemq.transport.TransportFilter.start(TransportFilter.java:64)
	at org.apache.activemq.transport.WireFormatNegotiator.start(WireFormatNegotiator.java:72)
	at org.apache.activemq.transport.TransportFilter.start(TransportFilter.java:64)
	at org.apache.activemq.transport.TransportFilter.start(TransportFilter.java:64)
	at org.apache.activemq.ActiveMQConnectionFactory.createActiveMQConnection(ActiveMQConnectionFactory.java:403)
	... 13 common frames omitted
11:47:54.430 [] ERROR o.s.j.l.DefaultMessageListenerContainer - Could not refresh JMS Connection for destination 'workload.to.core.queue' - retrying using FixedBackOff{interval=5000, currentAttempts=27, maxAttempts=unlimited}. Cause: Could not connect to broker URL: tcp://localhost:61616. Reason: java.net.ConnectException: Connection refused: no further information
jakarta.jms.JMSException: Could not connect to broker URL: tcp://localhost:61616. Reason: java.net.ConnectException: Connection refused: no further information
	at org.apache.activemq.util.JMSExceptionSupport.create(JMSExceptionSupport.java:49)
	at org.apache.activemq.ActiveMQConnectionFactory.createActiveMQConnection(ActiveMQConnectionFactory.java:423)
	at org.apache.activemq.ActiveMQConnectionFactory.createActiveMQConnection(ActiveMQConnectionFactory.java:353)
	at org.apache.activemq.ActiveMQConnectionFactory.createConnection(ActiveMQConnectionFactory.java:245)
	at org.springframework.jms.connection.SingleConnectionFactory.doCreateConnection(SingleConnectionFactory.java:475)
	at org.springframework.jms.connection.SingleConnectionFactory.initConnection(SingleConnectionFactory.java:434)
	at org.springframework.jms.connection.SingleConnectionFactory.getConnection(SingleConnectionFactory.java:340)
	at org.springframework.jms.connection.SingleConnectionFactory.createConnection(SingleConnectionFactory.java:245)
	at org.springframework.jms.support.JmsAccessor.createConnection(JmsAccessor.java:211)
	at org.springframework.jms.listener.AbstractJmsListeningContainer.createSharedConnection(AbstractJmsListeningContainer.java:439)
	at org.springframework.jms.listener.AbstractJmsListeningContainer.refreshSharedConnection(AbstractJmsListeningContainer.java:421)
	at org.springframework.jms.listener.DefaultMessageListenerContainer.refreshConnectionUntilSuccessful(DefaultMessageListenerContainer.java:1140)
	at org.springframework.jms.listener.DefaultMessageListenerContainer.recoverAfterListenerSetupFailure(DefaultMessageListenerContainer.java:1114)
	at org.springframework.jms.listener.DefaultMessageListenerContainer$AsyncMessageListenerInvoker.run(DefaultMessageListenerContainer.java:1314)
	at java.base/java.lang.Thread.run(Thread.java:842)
Caused by: java.net.ConnectException: Connection refused: no further information
	at java.base/sun.nio.ch.Net.pollConnect(Native Method)
	at java.base/sun.nio.ch.Net.pollConnectNow(Net.java:684)
	at java.base/sun.nio.ch.NioSocketImpl.timedFinishConnect(NioSocketImpl.java:547)
	at java.base/sun.nio.ch.NioSocketImpl.connect(NioSocketImpl.java:602)
	at java.base/java.net.SocksSocketImpl.connect(SocksSocketImpl.java:327)
	at java.base/java.net.Socket.connect(Socket.java:633)
	at org.apache.activemq.transport.tcp.TcpTransport.connect(TcpTransport.java:526)
	at org.apache.activemq.transport.tcp.TcpTransport.doStart(TcpTransport.java:489)
	at org.apache.activemq.util.ServiceSupport.start(ServiceSupport.java:55)
	at org.apache.activemq.transport.AbstractInactivityMonitor.start(AbstractInactivityMonitor.java:172)
	at org.apache.activemq.transport.InactivityMonitor.start(InactivityMonitor.java:52)
	at org.apache.activemq.transport.TransportFilter.start(TransportFilter.java:64)
	at org.apache.activemq.transport.WireFormatNegotiator.start(WireFormatNegotiator.java:72)
	at org.apache.activemq.transport.TransportFilter.start(TransportFilter.java:64)
	at org.apache.activemq.transport.TransportFilter.start(TransportFilter.java:64)
	at org.apache.activemq.ActiveMQConnectionFactory.createActiveMQConnection(ActiveMQConnectionFactory.java:403)
	... 13 common frames omitted
11:47:59.445 [] ERROR o.s.j.l.DefaultMessageListenerContainer - Could not refresh JMS Connection for destination 'workload.to.core.queue' - retrying using FixedBackOff{interval=5000, currentAttempts=28, maxAttempts=unlimited}. Cause: Could not connect to broker URL: tcp://localhost:61616. Reason: java.net.ConnectException: Connection refused: no further information
jakarta.jms.JMSException: Could not connect to broker URL: tcp://localhost:61616. Reason: java.net.ConnectException: Connection refused: no further information
	at org.apache.activemq.util.JMSExceptionSupport.create(JMSExceptionSupport.java:49)
	at org.apache.activemq.ActiveMQConnectionFactory.createActiveMQConnection(ActiveMQConnectionFactory.java:423)
	at org.apache.activemq.ActiveMQConnectionFactory.createActiveMQConnection(ActiveMQConnectionFactory.java:353)
	at org.apache.activemq.ActiveMQConnectionFactory.createConnection(ActiveMQConnectionFactory.java:245)
	at org.springframework.jms.connection.SingleConnectionFactory.doCreateConnection(SingleConnectionFactory.java:475)
	at org.springframework.jms.connection.SingleConnectionFactory.initConnection(SingleConnectionFactory.java:434)
	at org.springframework.jms.connection.SingleConnectionFactory.getConnection(SingleConnectionFactory.java:340)
	at org.springframework.jms.connection.SingleConnectionFactory.createConnection(SingleConnectionFactory.java:245)
	at org.springframework.jms.support.JmsAccessor.createConnection(JmsAccessor.java:211)
	at org.springframework.jms.listener.AbstractJmsListeningContainer.createSharedConnection(AbstractJmsListeningContainer.java:439)
	at org.springframework.jms.listener.AbstractJmsListeningContainer.refreshSharedConnection(AbstractJmsListeningContainer.java:421)
	at org.springframework.jms.listener.DefaultMessageListenerContainer.refreshConnectionUntilSuccessful(DefaultMessageListenerContainer.java:1140)
	at org.springframework.jms.listener.DefaultMessageListenerContainer.recoverAfterListenerSetupFailure(DefaultMessageListenerContainer.java:1114)
	at org.springframework.jms.listener.DefaultMessageListenerContainer$AsyncMessageListenerInvoker.run(DefaultMessageListenerContainer.java:1314)
	at java.base/java.lang.Thread.run(Thread.java:842)
Caused by: java.net.ConnectException: Connection refused: no further information
	at java.base/sun.nio.ch.Net.pollConnect(Native Method)
	at java.base/sun.nio.ch.Net.pollConnectNow(Net.java:684)
	at java.base/sun.nio.ch.NioSocketImpl.timedFinishConnect(NioSocketImpl.java:547)
	at java.base/sun.nio.ch.NioSocketImpl.connect(NioSocketImpl.java:602)
	at java.base/java.net.SocksSocketImpl.connect(SocksSocketImpl.java:327)
	at java.base/java.net.Socket.connect(Socket.java:633)
	at org.apache.activemq.transport.tcp.TcpTransport.connect(TcpTransport.java:526)
	at org.apache.activemq.transport.tcp.TcpTransport.doStart(TcpTransport.java:489)
	at org.apache.activemq.util.ServiceSupport.start(ServiceSupport.java:55)
	at org.apache.activemq.transport.AbstractInactivityMonitor.start(AbstractInactivityMonitor.java:172)
	at org.apache.activemq.transport.InactivityMonitor.start(InactivityMonitor.java:52)
	at org.apache.activemq.transport.TransportFilter.start(TransportFilter.java:64)
	at org.apache.activemq.transport.WireFormatNegotiator.start(WireFormatNegotiator.java:72)
	at org.apache.activemq.transport.TransportFilter.start(TransportFilter.java:64)
	at org.apache.activemq.transport.TransportFilter.start(TransportFilter.java:64)
	at org.apache.activemq.ActiveMQConnectionFactory.createActiveMQConnection(ActiveMQConnectionFactory.java:403)
	... 13 common frames omitted
11:48:04.475 [] ERROR o.s.j.l.DefaultMessageListenerContainer - Could not refresh JMS Connection for destination 'workload.to.core.queue' - retrying using FixedBackOff{interval=5000, currentAttempts=29, maxAttempts=unlimited}. Cause: Could not connect to broker URL: tcp://localhost:61616. Reason: java.net.ConnectException: Connection refused: no further information
jakarta.jms.JMSException: Could not connect to broker URL: tcp://localhost:61616. Reason: java.net.ConnectException: Connection refused: no further information
	at org.apache.activemq.util.JMSExceptionSupport.create(JMSExceptionSupport.java:49)
	at org.apache.activemq.ActiveMQConnectionFactory.createActiveMQConnection(ActiveMQConnectionFactory.java:423)
	at org.apache.activemq.ActiveMQConnectionFactory.createActiveMQConnection(ActiveMQConnectionFactory.java:353)
	at org.apache.activemq.ActiveMQConnectionFactory.createConnection(ActiveMQConnectionFactory.java:245)
	at org.springframework.jms.connection.SingleConnectionFactory.doCreateConnection(SingleConnectionFactory.java:475)
	at org.springframework.jms.connection.SingleConnectionFactory.initConnection(SingleConnectionFactory.java:434)
	at org.springframework.jms.connection.SingleConnectionFactory.getConnection(SingleConnectionFactory.java:340)
	at org.springframework.jms.connection.SingleConnectionFactory.createConnection(SingleConnectionFactory.java:245)
	at org.springframework.jms.support.JmsAccessor.createConnection(JmsAccessor.java:211)
	at org.springframework.jms.listener.AbstractJmsListeningContainer.createSharedConnection(AbstractJmsListeningContainer.java:439)
	at org.springframework.jms.listener.AbstractJmsListeningContainer.refreshSharedConnection(AbstractJmsListeningContainer.java:421)
	at org.springframework.jms.listener.DefaultMessageListenerContainer.refreshConnectionUntilSuccessful(DefaultMessageListenerContainer.java:1140)
	at org.springframework.jms.listener.DefaultMessageListenerContainer.recoverAfterListenerSetupFailure(DefaultMessageListenerContainer.java:1114)
	at org.springframework.jms.listener.DefaultMessageListenerContainer$AsyncMessageListenerInvoker.run(DefaultMessageListenerContainer.java:1314)
	at java.base/java.lang.Thread.run(Thread.java:842)
Caused by: java.net.ConnectException: Connection refused: no further information
	at java.base/sun.nio.ch.Net.pollConnect(Native Method)
	at java.base/sun.nio.ch.Net.pollConnectNow(Net.java:684)
	at java.base/sun.nio.ch.NioSocketImpl.timedFinishConnect(NioSocketImpl.java:547)
	at java.base/sun.nio.ch.NioSocketImpl.connect(NioSocketImpl.java:602)
	at java.base/java.net.SocksSocketImpl.connect(SocksSocketImpl.java:327)
	at java.base/java.net.Socket.connect(Socket.java:633)
	at org.apache.activemq.transport.tcp.TcpTransport.connect(TcpTransport.java:526)
	at org.apache.activemq.transport.tcp.TcpTransport.doStart(TcpTransport.java:489)
	at org.apache.activemq.util.ServiceSupport.start(ServiceSupport.java:55)
	at org.apache.activemq.transport.AbstractInactivityMonitor.start(AbstractInactivityMonitor.java:172)
	at org.apache.activemq.transport.InactivityMonitor.start(InactivityMonitor.java:52)
	at org.apache.activemq.transport.TransportFilter.start(TransportFilter.java:64)
	at org.apache.activemq.transport.WireFormatNegotiator.start(WireFormatNegotiator.java:72)
	at org.apache.activemq.transport.TransportFilter.start(TransportFilter.java:64)
	at org.apache.activemq.transport.TransportFilter.start(TransportFilter.java:64)
	at org.apache.activemq.ActiveMQConnectionFactory.createActiveMQConnection(ActiveMQConnectionFactory.java:403)
	... 13 common frames omitted
11:48:09.485 [] ERROR o.s.j.l.DefaultMessageListenerContainer - Could not refresh JMS Connection for destination 'workload.to.core.queue' - retrying using FixedBackOff{interval=5000, currentAttempts=30, maxAttempts=unlimited}. Cause: Could not connect to broker URL: tcp://localhost:61616. Reason: java.net.ConnectException: Connection refused: no further information
jakarta.jms.JMSException: Could not connect to broker URL: tcp://localhost:61616. Reason: java.net.ConnectException: Connection refused: no further information
	at org.apache.activemq.util.JMSExceptionSupport.create(JMSExceptionSupport.java:49)
	at org.apache.activemq.ActiveMQConnectionFactory.createActiveMQConnection(ActiveMQConnectionFactory.java:423)
	at org.apache.activemq.ActiveMQConnectionFactory.createActiveMQConnection(ActiveMQConnectionFactory.java:353)
	at org.apache.activemq.ActiveMQConnectionFactory.createConnection(ActiveMQConnectionFactory.java:245)
	at org.springframework.jms.connection.SingleConnectionFactory.doCreateConnection(SingleConnectionFactory.java:475)
	at org.springframework.jms.connection.SingleConnectionFactory.initConnection(SingleConnectionFactory.java:434)
	at org.springframework.jms.connection.SingleConnectionFactory.getConnection(SingleConnectionFactory.java:340)
	at org.springframework.jms.connection.SingleConnectionFactory.createConnection(SingleConnectionFactory.java:245)
	at org.springframework.jms.support.JmsAccessor.createConnection(JmsAccessor.java:211)
	at org.springframework.jms.listener.AbstractJmsListeningContainer.createSharedConnection(AbstractJmsListeningContainer.java:439)
	at org.springframework.jms.listener.AbstractJmsListeningContainer.refreshSharedConnection(AbstractJmsListeningContainer.java:421)
	at org.springframework.jms.listener.DefaultMessageListenerContainer.refreshConnectionUntilSuccessful(DefaultMessageListenerContainer.java:1140)
	at org.springframework.jms.listener.DefaultMessageListenerContainer.recoverAfterListenerSetupFailure(DefaultMessageListenerContainer.java:1114)
	at org.springframework.jms.listener.DefaultMessageListenerContainer$AsyncMessageListenerInvoker.run(DefaultMessageListenerContainer.java:1314)
	at java.base/java.lang.Thread.run(Thread.java:842)
Caused by: java.net.ConnectException: Connection refused: no further information
	at java.base/sun.nio.ch.Net.pollConnect(Native Method)
	at java.base/sun.nio.ch.Net.pollConnectNow(Net.java:684)
	at java.base/sun.nio.ch.NioSocketImpl.timedFinishConnect(NioSocketImpl.java:547)
	at java.base/sun.nio.ch.NioSocketImpl.connect(NioSocketImpl.java:602)
	at java.base/java.net.SocksSocketImpl.connect(SocksSocketImpl.java:327)
	at java.base/java.net.Socket.connect(Socket.java:633)
	at org.apache.activemq.transport.tcp.TcpTransport.connect(TcpTransport.java:526)
	at org.apache.activemq.transport.tcp.TcpTransport.doStart(TcpTransport.java:489)
	at org.apache.activemq.util.ServiceSupport.start(ServiceSupport.java:55)
	at org.apache.activemq.transport.AbstractInactivityMonitor.start(AbstractInactivityMonitor.java:172)
	at org.apache.activemq.transport.InactivityMonitor.start(InactivityMonitor.java:52)
	at org.apache.activemq.transport.TransportFilter.start(TransportFilter.java:64)
	at org.apache.activemq.transport.WireFormatNegotiator.start(WireFormatNegotiator.java:72)
	at org.apache.activemq.transport.TransportFilter.start(TransportFilter.java:64)
	at org.apache.activemq.transport.TransportFilter.start(TransportFilter.java:64)
	at org.apache.activemq.ActiveMQConnectionFactory.createActiveMQConnection(ActiveMQConnectionFactory.java:403)
	... 13 common frames omitted
11:48:14.494 [] ERROR o.s.j.l.DefaultMessageListenerContainer - Could not refresh JMS Connection for destination 'workload.to.core.queue' - retrying using FixedBackOff{interval=5000, currentAttempts=31, maxAttempts=unlimited}. Cause: Could not connect to broker URL: tcp://localhost:61616. Reason: java.net.ConnectException: Connection refused: no further information
jakarta.jms.JMSException: Could not connect to broker URL: tcp://localhost:61616. Reason: java.net.ConnectException: Connection refused: no further information
	at org.apache.activemq.util.JMSExceptionSupport.create(JMSExceptionSupport.java:49)
	at org.apache.activemq.ActiveMQConnectionFactory.createActiveMQConnection(ActiveMQConnectionFactory.java:423)
	at org.apache.activemq.ActiveMQConnectionFactory.createActiveMQConnection(ActiveMQConnectionFactory.java:353)
	at org.apache.activemq.ActiveMQConnectionFactory.createConnection(ActiveMQConnectionFactory.java:245)
	at org.springframework.jms.connection.SingleConnectionFactory.doCreateConnection(SingleConnectionFactory.java:475)
	at org.springframework.jms.connection.SingleConnectionFactory.initConnection(SingleConnectionFactory.java:434)
	at org.springframework.jms.connection.SingleConnectionFactory.getConnection(SingleConnectionFactory.java:340)
	at org.springframework.jms.connection.SingleConnectionFactory.createConnection(SingleConnectionFactory.java:245)
	at org.springframework.jms.support.JmsAccessor.createConnection(JmsAccessor.java:211)
	at org.springframework.jms.listener.AbstractJmsListeningContainer.createSharedConnection(AbstractJmsListeningContainer.java:439)
	at org.springframework.jms.listener.AbstractJmsListeningContainer.refreshSharedConnection(AbstractJmsListeningContainer.java:421)
	at org.springframework.jms.listener.DefaultMessageListenerContainer.refreshConnectionUntilSuccessful(DefaultMessageListenerContainer.java:1140)
	at org.springframework.jms.listener.DefaultMessageListenerContainer.recoverAfterListenerSetupFailure(DefaultMessageListenerContainer.java:1114)
	at org.springframework.jms.listener.DefaultMessageListenerContainer$AsyncMessageListenerInvoker.run(DefaultMessageListenerContainer.java:1314)
	at java.base/java.lang.Thread.run(Thread.java:842)
Caused by: java.net.ConnectException: Connection refused: no further information
	at java.base/sun.nio.ch.Net.pollConnect(Native Method)
	at java.base/sun.nio.ch.Net.pollConnectNow(Net.java:684)
	at java.base/sun.nio.ch.NioSocketImpl.timedFinishConnect(NioSocketImpl.java:547)
	at java.base/sun.nio.ch.NioSocketImpl.connect(NioSocketImpl.java:602)
	at java.base/java.net.SocksSocketImpl.connect(SocksSocketImpl.java:327)
	at java.base/java.net.Socket.connect(Socket.java:633)
	at org.apache.activemq.transport.tcp.TcpTransport.connect(TcpTransport.java:526)
	at org.apache.activemq.transport.tcp.TcpTransport.doStart(TcpTransport.java:489)
	at org.apache.activemq.util.ServiceSupport.start(ServiceSupport.java:55)
	at org.apache.activemq.transport.AbstractInactivityMonitor.start(AbstractInactivityMonitor.java:172)
	at org.apache.activemq.transport.InactivityMonitor.start(InactivityMonitor.java:52)
	at org.apache.activemq.transport.TransportFilter.start(TransportFilter.java:64)
	at org.apache.activemq.transport.WireFormatNegotiator.start(WireFormatNegotiator.java:72)
	at org.apache.activemq.transport.TransportFilter.start(TransportFilter.java:64)
	at org.apache.activemq.transport.TransportFilter.start(TransportFilter.java:64)
	at org.apache.activemq.ActiveMQConnectionFactory.createActiveMQConnection(ActiveMQConnectionFactory.java:403)
	... 13 common frames omitted
11:48:19.508 [] ERROR o.s.j.l.DefaultMessageListenerContainer - Could not refresh JMS Connection for destination 'workload.to.core.queue' - retrying using FixedBackOff{interval=5000, currentAttempts=32, maxAttempts=unlimited}. Cause: Could not connect to broker URL: tcp://localhost:61616. Reason: java.net.ConnectException: Connection refused: no further information
jakarta.jms.JMSException: Could not connect to broker URL: tcp://localhost:61616. Reason: java.net.ConnectException: Connection refused: no further information
	at org.apache.activemq.util.JMSExceptionSupport.create(JMSExceptionSupport.java:49)
	at org.apache.activemq.ActiveMQConnectionFactory.createActiveMQConnection(ActiveMQConnectionFactory.java:423)
	at org.apache.activemq.ActiveMQConnectionFactory.createActiveMQConnection(ActiveMQConnectionFactory.java:353)
	at org.apache.activemq.ActiveMQConnectionFactory.createConnection(ActiveMQConnectionFactory.java:245)
	at org.springframework.jms.connection.SingleConnectionFactory.doCreateConnection(SingleConnectionFactory.java:475)
	at org.springframework.jms.connection.SingleConnectionFactory.initConnection(SingleConnectionFactory.java:434)
	at org.springframework.jms.connection.SingleConnectionFactory.getConnection(SingleConnectionFactory.java:340)
	at org.springframework.jms.connection.SingleConnectionFactory.createConnection(SingleConnectionFactory.java:245)
	at org.springframework.jms.support.JmsAccessor.createConnection(JmsAccessor.java:211)
	at org.springframework.jms.listener.AbstractJmsListeningContainer.createSharedConnection(AbstractJmsListeningContainer.java:439)
	at org.springframework.jms.listener.AbstractJmsListeningContainer.refreshSharedConnection(AbstractJmsListeningContainer.java:421)
	at org.springframework.jms.listener.DefaultMessageListenerContainer.refreshConnectionUntilSuccessful(DefaultMessageListenerContainer.java:1140)
	at org.springframework.jms.listener.DefaultMessageListenerContainer.recoverAfterListenerSetupFailure(DefaultMessageListenerContainer.java:1114)
	at org.springframework.jms.listener.DefaultMessageListenerContainer$AsyncMessageListenerInvoker.run(DefaultMessageListenerContainer.java:1314)
	at java.base/java.lang.Thread.run(Thread.java:842)
Caused by: java.net.ConnectException: Connection refused: no further information
	at java.base/sun.nio.ch.Net.pollConnect(Native Method)
	at java.base/sun.nio.ch.Net.pollConnectNow(Net.java:684)
	at java.base/sun.nio.ch.NioSocketImpl.timedFinishConnect(NioSocketImpl.java:547)
	at java.base/sun.nio.ch.NioSocketImpl.connect(NioSocketImpl.java:602)
	at java.base/java.net.SocksSocketImpl.connect(SocksSocketImpl.java:327)
	at java.base/java.net.Socket.connect(Socket.java:633)
	at org.apache.activemq.transport.tcp.TcpTransport.connect(TcpTransport.java:526)
	at org.apache.activemq.transport.tcp.TcpTransport.doStart(TcpTransport.java:489)
	at org.apache.activemq.util.ServiceSupport.start(ServiceSupport.java:55)
	at org.apache.activemq.transport.AbstractInactivityMonitor.start(AbstractInactivityMonitor.java:172)
	at org.apache.activemq.transport.InactivityMonitor.start(InactivityMonitor.java:52)
	at org.apache.activemq.transport.TransportFilter.start(TransportFilter.java:64)
	at org.apache.activemq.transport.WireFormatNegotiator.start(WireFormatNegotiator.java:72)
	at org.apache.activemq.transport.TransportFilter.start(TransportFilter.java:64)
	at org.apache.activemq.transport.TransportFilter.start(TransportFilter.java:64)
	at org.apache.activemq.ActiveMQConnectionFactory.createActiveMQConnection(ActiveMQConnectionFactory.java:403)
	... 13 common frames omitted
11:48:24.529 [] ERROR o.s.j.l.DefaultMessageListenerContainer - Could not refresh JMS Connection for destination 'workload.to.core.queue' - retrying using FixedBackOff{interval=5000, currentAttempts=33, maxAttempts=unlimited}. Cause: Could not connect to broker URL: tcp://localhost:61616. Reason: java.net.ConnectException: Connection refused: no further information
jakarta.jms.JMSException: Could not connect to broker URL: tcp://localhost:61616. Reason: java.net.ConnectException: Connection refused: no further information
	at org.apache.activemq.util.JMSExceptionSupport.create(JMSExceptionSupport.java:49)
	at org.apache.activemq.ActiveMQConnectionFactory.createActiveMQConnection(ActiveMQConnectionFactory.java:423)
	at org.apache.activemq.ActiveMQConnectionFactory.createActiveMQConnection(ActiveMQConnectionFactory.java:353)
	at org.apache.activemq.ActiveMQConnectionFactory.createConnection(ActiveMQConnectionFactory.java:245)
	at org.springframework.jms.connection.SingleConnectionFactory.doCreateConnection(SingleConnectionFactory.java:475)
	at org.springframework.jms.connection.SingleConnectionFactory.initConnection(SingleConnectionFactory.java:434)
	at org.springframework.jms.connection.SingleConnectionFactory.getConnection(SingleConnectionFactory.java:340)
	at org.springframework.jms.connection.SingleConnectionFactory.createConnection(SingleConnectionFactory.java:245)
	at org.springframework.jms.support.JmsAccessor.createConnection(JmsAccessor.java:211)
	at org.springframework.jms.listener.AbstractJmsListeningContainer.createSharedConnection(AbstractJmsListeningContainer.java:439)
	at org.springframework.jms.listener.AbstractJmsListeningContainer.refreshSharedConnection(AbstractJmsListeningContainer.java:421)
	at org.springframework.jms.listener.DefaultMessageListenerContainer.refreshConnectionUntilSuccessful(DefaultMessageListenerContainer.java:1140)
	at org.springframework.jms.listener.DefaultMessageListenerContainer.recoverAfterListenerSetupFailure(DefaultMessageListenerContainer.java:1114)
	at org.springframework.jms.listener.DefaultMessageListenerContainer$AsyncMessageListenerInvoker.run(DefaultMessageListenerContainer.java:1314)
	at java.base/java.lang.Thread.run(Thread.java:842)
Caused by: java.net.ConnectException: Connection refused: no further information
	at java.base/sun.nio.ch.Net.pollConnect(Native Method)
	at java.base/sun.nio.ch.Net.pollConnectNow(Net.java:684)
	at java.base/sun.nio.ch.NioSocketImpl.timedFinishConnect(NioSocketImpl.java:547)
	at java.base/sun.nio.ch.NioSocketImpl.connect(NioSocketImpl.java:602)
	at java.base/java.net.SocksSocketImpl.connect(SocksSocketImpl.java:327)
	at java.base/java.net.Socket.connect(Socket.java:633)
	at org.apache.activemq.transport.tcp.TcpTransport.connect(TcpTransport.java:526)
	at org.apache.activemq.transport.tcp.TcpTransport.doStart(TcpTransport.java:489)
	at org.apache.activemq.util.ServiceSupport.start(ServiceSupport.java:55)
	at org.apache.activemq.transport.AbstractInactivityMonitor.start(AbstractInactivityMonitor.java:172)
	at org.apache.activemq.transport.InactivityMonitor.start(InactivityMonitor.java:52)
	at org.apache.activemq.transport.TransportFilter.start(TransportFilter.java:64)
	at org.apache.activemq.transport.WireFormatNegotiator.start(WireFormatNegotiator.java:72)
	at org.apache.activemq.transport.TransportFilter.start(TransportFilter.java:64)
	at org.apache.activemq.transport.TransportFilter.start(TransportFilter.java:64)
	at org.apache.activemq.ActiveMQConnectionFactory.createActiveMQConnection(ActiveMQConnectionFactory.java:403)
	... 13 common frames omitted
11:48:29.560 [] ERROR o.s.j.l.DefaultMessageListenerContainer - Could not refresh JMS Connection for destination 'workload.to.core.queue' - retrying using FixedBackOff{interval=5000, currentAttempts=34, maxAttempts=unlimited}. Cause: Could not connect to broker URL: tcp://localhost:61616. Reason: java.net.ConnectException: Connection refused: no further information
jakarta.jms.JMSException: Could not connect to broker URL: tcp://localhost:61616. Reason: java.net.ConnectException: Connection refused: no further information
	at org.apache.activemq.util.JMSExceptionSupport.create(JMSExceptionSupport.java:49)
	at org.apache.activemq.ActiveMQConnectionFactory.createActiveMQConnection(ActiveMQConnectionFactory.java:423)
	at org.apache.activemq.ActiveMQConnectionFactory.createActiveMQConnection(ActiveMQConnectionFactory.java:353)
	at org.apache.activemq.ActiveMQConnectionFactory.createConnection(ActiveMQConnectionFactory.java:245)
	at org.springframework.jms.connection.SingleConnectionFactory.doCreateConnection(SingleConnectionFactory.java:475)
	at org.springframework.jms.connection.SingleConnectionFactory.initConnection(SingleConnectionFactory.java:434)
	at org.springframework.jms.connection.SingleConnectionFactory.getConnection(SingleConnectionFactory.java:340)
	at org.springframework.jms.connection.SingleConnectionFactory.createConnection(SingleConnectionFactory.java:245)
	at org.springframework.jms.support.JmsAccessor.createConnection(JmsAccessor.java:211)
	at org.springframework.jms.listener.AbstractJmsListeningContainer.createSharedConnection(AbstractJmsListeningContainer.java:439)
	at org.springframework.jms.listener.AbstractJmsListeningContainer.refreshSharedConnection(AbstractJmsListeningContainer.java:421)
	at org.springframework.jms.listener.DefaultMessageListenerContainer.refreshConnectionUntilSuccessful(DefaultMessageListenerContainer.java:1140)
	at org.springframework.jms.listener.DefaultMessageListenerContainer.recoverAfterListenerSetupFailure(DefaultMessageListenerContainer.java:1114)
	at org.springframework.jms.listener.DefaultMessageListenerContainer$AsyncMessageListenerInvoker.run(DefaultMessageListenerContainer.java:1314)
	at java.base/java.lang.Thread.run(Thread.java:842)
Caused by: java.net.ConnectException: Connection refused: no further information
	at java.base/sun.nio.ch.Net.pollConnect(Native Method)
	at java.base/sun.nio.ch.Net.pollConnectNow(Net.java:684)
	at java.base/sun.nio.ch.NioSocketImpl.timedFinishConnect(NioSocketImpl.java:547)
	at java.base/sun.nio.ch.NioSocketImpl.connect(NioSocketImpl.java:602)
	at java.base/java.net.SocksSocketImpl.connect(SocksSocketImpl.java:327)
	at java.base/java.net.Socket.connect(Socket.java:633)
	at org.apache.activemq.transport.tcp.TcpTransport.connect(TcpTransport.java:526)
	at org.apache.activemq.transport.tcp.TcpTransport.doStart(TcpTransport.java:489)
	at org.apache.activemq.util.ServiceSupport.start(ServiceSupport.java:55)
	at org.apache.activemq.transport.AbstractInactivityMonitor.start(AbstractInactivityMonitor.java:172)
	at org.apache.activemq.transport.InactivityMonitor.start(InactivityMonitor.java:52)
	at org.apache.activemq.transport.TransportFilter.start(TransportFilter.java:64)
	at org.apache.activemq.transport.WireFormatNegotiator.start(WireFormatNegotiator.java:72)
	at org.apache.activemq.transport.TransportFilter.start(TransportFilter.java:64)
	at org.apache.activemq.transport.TransportFilter.start(TransportFilter.java:64)
	at org.apache.activemq.ActiveMQConnectionFactory.createActiveMQConnection(ActiveMQConnectionFactory.java:403)
	... 13 common frames omitted
11:48:34.561 [] ERROR o.s.j.l.DefaultMessageListenerContainer - Could not refresh JMS Connection for destination 'workload.to.core.queue' - retrying using FixedBackOff{interval=5000, currentAttempts=35, maxAttempts=unlimited}. Cause: Could not connect to broker URL: tcp://localhost:61616. Reason: java.net.ConnectException: Connection refused: no further information
jakarta.jms.JMSException: Could not connect to broker URL: tcp://localhost:61616. Reason: java.net.ConnectException: Connection refused: no further information
	at org.apache.activemq.util.JMSExceptionSupport.create(JMSExceptionSupport.java:49)
	at org.apache.activemq.ActiveMQConnectionFactory.createActiveMQConnection(ActiveMQConnectionFactory.java:423)
	at org.apache.activemq.ActiveMQConnectionFactory.createActiveMQConnection(ActiveMQConnectionFactory.java:353)
	at org.apache.activemq.ActiveMQConnectionFactory.createConnection(ActiveMQConnectionFactory.java:245)
	at org.springframework.jms.connection.SingleConnectionFactory.doCreateConnection(SingleConnectionFactory.java:475)
	at org.springframework.jms.connection.SingleConnectionFactory.initConnection(SingleConnectionFactory.java:434)
	at org.springframework.jms.connection.SingleConnectionFactory.getConnection(SingleConnectionFactory.java:340)
	at org.springframework.jms.connection.SingleConnectionFactory.createConnection(SingleConnectionFactory.java:245)
	at org.springframework.jms.support.JmsAccessor.createConnection(JmsAccessor.java:211)
	at org.springframework.jms.listener.AbstractJmsListeningContainer.createSharedConnection(AbstractJmsListeningContainer.java:439)
	at org.springframework.jms.listener.AbstractJmsListeningContainer.refreshSharedConnection(AbstractJmsListeningContainer.java:421)
	at org.springframework.jms.listener.DefaultMessageListenerContainer.refreshConnectionUntilSuccessful(DefaultMessageListenerContainer.java:1140)
	at org.springframework.jms.listener.DefaultMessageListenerContainer.recoverAfterListenerSetupFailure(DefaultMessageListenerContainer.java:1114)
	at org.springframework.jms.listener.DefaultMessageListenerContainer$AsyncMessageListenerInvoker.run(DefaultMessageListenerContainer.java:1314)
	at java.base/java.lang.Thread.run(Thread.java:842)
Caused by: java.net.ConnectException: Connection refused: no further information
	at java.base/sun.nio.ch.Net.pollConnect(Native Method)
	at java.base/sun.nio.ch.Net.pollConnectNow(Net.java:684)
	at java.base/sun.nio.ch.NioSocketImpl.timedFinishConnect(NioSocketImpl.java:547)
	at java.base/sun.nio.ch.NioSocketImpl.connect(NioSocketImpl.java:602)
	at java.base/java.net.SocksSocketImpl.connect(SocksSocketImpl.java:327)
	at java.base/java.net.Socket.connect(Socket.java:633)
	at org.apache.activemq.transport.tcp.TcpTransport.connect(TcpTransport.java:526)
	at org.apache.activemq.transport.tcp.TcpTransport.doStart(TcpTransport.java:489)
	at org.apache.activemq.util.ServiceSupport.start(ServiceSupport.java:55)
	at org.apache.activemq.transport.AbstractInactivityMonitor.start(AbstractInactivityMonitor.java:172)
	at org.apache.activemq.transport.InactivityMonitor.start(InactivityMonitor.java:52)
	at org.apache.activemq.transport.TransportFilter.start(TransportFilter.java:64)
	at org.apache.activemq.transport.WireFormatNegotiator.start(WireFormatNegotiator.java:72)
	at org.apache.activemq.transport.TransportFilter.start(TransportFilter.java:64)
	at org.apache.activemq.transport.TransportFilter.start(TransportFilter.java:64)
	at org.apache.activemq.ActiveMQConnectionFactory.createActiveMQConnection(ActiveMQConnectionFactory.java:403)
	... 13 common frames omitted
11:48:39.591 [] ERROR o.s.j.l.DefaultMessageListenerContainer - Could not refresh JMS Connection for destination 'workload.to.core.queue' - retrying using FixedBackOff{interval=5000, currentAttempts=36, maxAttempts=unlimited}. Cause: Could not connect to broker URL: tcp://localhost:61616. Reason: java.net.ConnectException: Connection refused: no further information
jakarta.jms.JMSException: Could not connect to broker URL: tcp://localhost:61616. Reason: java.net.ConnectException: Connection refused: no further information
	at org.apache.activemq.util.JMSExceptionSupport.create(JMSExceptionSupport.java:49)
	at org.apache.activemq.ActiveMQConnectionFactory.createActiveMQConnection(ActiveMQConnectionFactory.java:423)
	at org.apache.activemq.ActiveMQConnectionFactory.createActiveMQConnection(ActiveMQConnectionFactory.java:353)
	at org.apache.activemq.ActiveMQConnectionFactory.createConnection(ActiveMQConnectionFactory.java:245)
	at org.springframework.jms.connection.SingleConnectionFactory.doCreateConnection(SingleConnectionFactory.java:475)
	at org.springframework.jms.connection.SingleConnectionFactory.initConnection(SingleConnectionFactory.java:434)
	at org.springframework.jms.connection.SingleConnectionFactory.getConnection(SingleConnectionFactory.java:340)
	at org.springframework.jms.connection.SingleConnectionFactory.createConnection(SingleConnectionFactory.java:245)
	at org.springframework.jms.support.JmsAccessor.createConnection(JmsAccessor.java:211)
	at org.springframework.jms.listener.AbstractJmsListeningContainer.createSharedConnection(AbstractJmsListeningContainer.java:439)
	at org.springframework.jms.listener.AbstractJmsListeningContainer.refreshSharedConnection(AbstractJmsListeningContainer.java:421)
	at org.springframework.jms.listener.DefaultMessageListenerContainer.refreshConnectionUntilSuccessful(DefaultMessageListenerContainer.java:1140)
	at org.springframework.jms.listener.DefaultMessageListenerContainer.recoverAfterListenerSetupFailure(DefaultMessageListenerContainer.java:1114)
	at org.springframework.jms.listener.DefaultMessageListenerContainer$AsyncMessageListenerInvoker.run(DefaultMessageListenerContainer.java:1314)
	at java.base/java.lang.Thread.run(Thread.java:842)
Caused by: java.net.ConnectException: Connection refused: no further information
	at java.base/sun.nio.ch.Net.pollConnect(Native Method)
	at java.base/sun.nio.ch.Net.pollConnectNow(Net.java:684)
	at java.base/sun.nio.ch.NioSocketImpl.timedFinishConnect(NioSocketImpl.java:547)
	at java.base/sun.nio.ch.NioSocketImpl.connect(NioSocketImpl.java:602)
	at java.base/java.net.SocksSocketImpl.connect(SocksSocketImpl.java:327)
	at java.base/java.net.Socket.connect(Socket.java:633)
	at org.apache.activemq.transport.tcp.TcpTransport.connect(TcpTransport.java:526)
	at org.apache.activemq.transport.tcp.TcpTransport.doStart(TcpTransport.java:489)
	at org.apache.activemq.util.ServiceSupport.start(ServiceSupport.java:55)
	at org.apache.activemq.transport.AbstractInactivityMonitor.start(AbstractInactivityMonitor.java:172)
	at org.apache.activemq.transport.InactivityMonitor.start(InactivityMonitor.java:52)
	at org.apache.activemq.transport.TransportFilter.start(TransportFilter.java:64)
	at org.apache.activemq.transport.WireFormatNegotiator.start(WireFormatNegotiator.java:72)
	at org.apache.activemq.transport.TransportFilter.start(TransportFilter.java:64)
	at org.apache.activemq.transport.TransportFilter.start(TransportFilter.java:64)
	at org.apache.activemq.ActiveMQConnectionFactory.createActiveMQConnection(ActiveMQConnectionFactory.java:403)
	... 13 common frames omitted
11:48:44.601 [] ERROR o.s.j.l.DefaultMessageListenerContainer - Could not refresh JMS Connection for destination 'workload.to.core.queue' - retrying using FixedBackOff{interval=5000, currentAttempts=37, maxAttempts=unlimited}. Cause: Could not connect to broker URL: tcp://localhost:61616. Reason: java.net.ConnectException: Connection refused: no further information
jakarta.jms.JMSException: Could not connect to broker URL: tcp://localhost:61616. Reason: java.net.ConnectException: Connection refused: no further information
	at org.apache.activemq.util.JMSExceptionSupport.create(JMSExceptionSupport.java:49)
	at org.apache.activemq.ActiveMQConnectionFactory.createActiveMQConnection(ActiveMQConnectionFactory.java:423)
	at org.apache.activemq.ActiveMQConnectionFactory.createActiveMQConnection(ActiveMQConnectionFactory.java:353)
	at org.apache.activemq.ActiveMQConnectionFactory.createConnection(ActiveMQConnectionFactory.java:245)
	at org.springframework.jms.connection.SingleConnectionFactory.doCreateConnection(SingleConnectionFactory.java:475)
	at org.springframework.jms.connection.SingleConnectionFactory.initConnection(SingleConnectionFactory.java:434)
	at org.springframework.jms.connection.SingleConnectionFactory.getConnection(SingleConnectionFactory.java:340)
	at org.springframework.jms.connection.SingleConnectionFactory.createConnection(SingleConnectionFactory.java:245)
	at org.springframework.jms.support.JmsAccessor.createConnection(JmsAccessor.java:211)
	at org.springframework.jms.listener.AbstractJmsListeningContainer.createSharedConnection(AbstractJmsListeningContainer.java:439)
	at org.springframework.jms.listener.AbstractJmsListeningContainer.refreshSharedConnection(AbstractJmsListeningContainer.java:421)
	at org.springframework.jms.listener.DefaultMessageListenerContainer.refreshConnectionUntilSuccessful(DefaultMessageListenerContainer.java:1140)
	at org.springframework.jms.listener.DefaultMessageListenerContainer.recoverAfterListenerSetupFailure(DefaultMessageListenerContainer.java:1114)
	at org.springframework.jms.listener.DefaultMessageListenerContainer$AsyncMessageListenerInvoker.run(DefaultMessageListenerContainer.java:1314)
	at java.base/java.lang.Thread.run(Thread.java:842)
Caused by: java.net.ConnectException: Connection refused: no further information
	at java.base/sun.nio.ch.Net.pollConnect(Native Method)
	at java.base/sun.nio.ch.Net.pollConnectNow(Net.java:684)
	at java.base/sun.nio.ch.NioSocketImpl.timedFinishConnect(NioSocketImpl.java:547)
	at java.base/sun.nio.ch.NioSocketImpl.connect(NioSocketImpl.java:602)
	at java.base/java.net.SocksSocketImpl.connect(SocksSocketImpl.java:327)
	at java.base/java.net.Socket.connect(Socket.java:633)
	at org.apache.activemq.transport.tcp.TcpTransport.connect(TcpTransport.java:526)
	at org.apache.activemq.transport.tcp.TcpTransport.doStart(TcpTransport.java:489)
	at org.apache.activemq.util.ServiceSupport.start(ServiceSupport.java:55)
	at org.apache.activemq.transport.AbstractInactivityMonitor.start(AbstractInactivityMonitor.java:172)
	at org.apache.activemq.transport.InactivityMonitor.start(InactivityMonitor.java:52)
	at org.apache.activemq.transport.TransportFilter.start(TransportFilter.java:64)
	at org.apache.activemq.transport.WireFormatNegotiator.start(WireFormatNegotiator.java:72)
	at org.apache.activemq.transport.TransportFilter.start(TransportFilter.java:64)
	at org.apache.activemq.transport.TransportFilter.start(TransportFilter.java:64)
	at org.apache.activemq.ActiveMQConnectionFactory.createActiveMQConnection(ActiveMQConnectionFactory.java:403)
	... 13 common frames omitted
11:48:49.613 [] ERROR o.s.j.l.DefaultMessageListenerContainer - Could not refresh JMS Connection for destination 'workload.to.core.queue' - retrying using FixedBackOff{interval=5000, currentAttempts=38, maxAttempts=unlimited}. Cause: Could not connect to broker URL: tcp://localhost:61616. Reason: java.net.ConnectException: Connection refused: no further information
jakarta.jms.JMSException: Could not connect to broker URL: tcp://localhost:61616. Reason: java.net.ConnectException: Connection refused: no further information
	at org.apache.activemq.util.JMSExceptionSupport.create(JMSExceptionSupport.java:49)
	at org.apache.activemq.ActiveMQConnectionFactory.createActiveMQConnection(ActiveMQConnectionFactory.java:423)
	at org.apache.activemq.ActiveMQConnectionFactory.createActiveMQConnection(ActiveMQConnectionFactory.java:353)
	at org.apache.activemq.ActiveMQConnectionFactory.createConnection(ActiveMQConnectionFactory.java:245)
	at org.springframework.jms.connection.SingleConnectionFactory.doCreateConnection(SingleConnectionFactory.java:475)
	at org.springframework.jms.connection.SingleConnectionFactory.initConnection(SingleConnectionFactory.java:434)
	at org.springframework.jms.connection.SingleConnectionFactory.getConnection(SingleConnectionFactory.java:340)
	at org.springframework.jms.connection.SingleConnectionFactory.createConnection(SingleConnectionFactory.java:245)
	at org.springframework.jms.support.JmsAccessor.createConnection(JmsAccessor.java:211)
	at org.springframework.jms.listener.AbstractJmsListeningContainer.createSharedConnection(AbstractJmsListeningContainer.java:439)
	at org.springframework.jms.listener.AbstractJmsListeningContainer.refreshSharedConnection(AbstractJmsListeningContainer.java:421)
	at org.springframework.jms.listener.DefaultMessageListenerContainer.refreshConnectionUntilSuccessful(DefaultMessageListenerContainer.java:1140)
	at org.springframework.jms.listener.DefaultMessageListenerContainer.recoverAfterListenerSetupFailure(DefaultMessageListenerContainer.java:1114)
	at org.springframework.jms.listener.DefaultMessageListenerContainer$AsyncMessageListenerInvoker.run(DefaultMessageListenerContainer.java:1314)
	at java.base/java.lang.Thread.run(Thread.java:842)
Caused by: java.net.ConnectException: Connection refused: no further information
	at java.base/sun.nio.ch.Net.pollConnect(Native Method)
	at java.base/sun.nio.ch.Net.pollConnectNow(Net.java:684)
	at java.base/sun.nio.ch.NioSocketImpl.timedFinishConnect(NioSocketImpl.java:547)
	at java.base/sun.nio.ch.NioSocketImpl.connect(NioSocketImpl.java:602)
	at java.base/java.net.SocksSocketImpl.connect(SocksSocketImpl.java:327)
	at java.base/java.net.Socket.connect(Socket.java:633)
	at org.apache.activemq.transport.tcp.TcpTransport.connect(TcpTransport.java:526)
	at org.apache.activemq.transport.tcp.TcpTransport.doStart(TcpTransport.java:489)
	at org.apache.activemq.util.ServiceSupport.start(ServiceSupport.java:55)
	at org.apache.activemq.transport.AbstractInactivityMonitor.start(AbstractInactivityMonitor.java:172)
	at org.apache.activemq.transport.InactivityMonitor.start(InactivityMonitor.java:52)
	at org.apache.activemq.transport.TransportFilter.start(TransportFilter.java:64)
	at org.apache.activemq.transport.WireFormatNegotiator.start(WireFormatNegotiator.java:72)
	at org.apache.activemq.transport.TransportFilter.start(TransportFilter.java:64)
	at org.apache.activemq.transport.TransportFilter.start(TransportFilter.java:64)
	at org.apache.activemq.ActiveMQConnectionFactory.createActiveMQConnection(ActiveMQConnectionFactory.java:403)
	... 13 common frames omitted
11:48:54.636 [] ERROR o.s.j.l.DefaultMessageListenerContainer - Could not refresh JMS Connection for destination 'workload.to.core.queue' - retrying using FixedBackOff{interval=5000, currentAttempts=39, maxAttempts=unlimited}. Cause: Could not connect to broker URL: tcp://localhost:61616. Reason: java.net.ConnectException: Connection refused: no further information
jakarta.jms.JMSException: Could not connect to broker URL: tcp://localhost:61616. Reason: java.net.ConnectException: Connection refused: no further information
	at org.apache.activemq.util.JMSExceptionSupport.create(JMSExceptionSupport.java:49)
	at org.apache.activemq.ActiveMQConnectionFactory.createActiveMQConnection(ActiveMQConnectionFactory.java:423)
	at org.apache.activemq.ActiveMQConnectionFactory.createActiveMQConnection(ActiveMQConnectionFactory.java:353)
	at org.apache.activemq.ActiveMQConnectionFactory.createConnection(ActiveMQConnectionFactory.java:245)
	at org.springframework.jms.connection.SingleConnectionFactory.doCreateConnection(SingleConnectionFactory.java:475)
	at org.springframework.jms.connection.SingleConnectionFactory.initConnection(SingleConnectionFactory.java:434)
	at org.springframework.jms.connection.SingleConnectionFactory.getConnection(SingleConnectionFactory.java:340)
	at org.springframework.jms.connection.SingleConnectionFactory.createConnection(SingleConnectionFactory.java:245)
	at org.springframework.jms.support.JmsAccessor.createConnection(JmsAccessor.java:211)
	at org.springframework.jms.listener.AbstractJmsListeningContainer.createSharedConnection(AbstractJmsListeningContainer.java:439)
	at org.springframework.jms.listener.AbstractJmsListeningContainer.refreshSharedConnection(AbstractJmsListeningContainer.java:421)
	at org.springframework.jms.listener.DefaultMessageListenerContainer.refreshConnectionUntilSuccessful(DefaultMessageListenerContainer.java:1140)
	at org.springframework.jms.listener.DefaultMessageListenerContainer.recoverAfterListenerSetupFailure(DefaultMessageListenerContainer.java:1114)
	at org.springframework.jms.listener.DefaultMessageListenerContainer$AsyncMessageListenerInvoker.run(DefaultMessageListenerContainer.java:1314)
	at java.base/java.lang.Thread.run(Thread.java:842)
Caused by: java.net.ConnectException: Connection refused: no further information
	at java.base/sun.nio.ch.Net.pollConnect(Native Method)
	at java.base/sun.nio.ch.Net.pollConnectNow(Net.java:684)
	at java.base/sun.nio.ch.NioSocketImpl.timedFinishConnect(NioSocketImpl.java:547)
	at java.base/sun.nio.ch.NioSocketImpl.connect(NioSocketImpl.java:602)
	at java.base/java.net.SocksSocketImpl.connect(SocksSocketImpl.java:327)
	at java.base/java.net.Socket.connect(Socket.java:633)
	at org.apache.activemq.transport.tcp.TcpTransport.connect(TcpTransport.java:526)
	at org.apache.activemq.transport.tcp.TcpTransport.doStart(TcpTransport.java:489)
	at org.apache.activemq.util.ServiceSupport.start(ServiceSupport.java:55)
	at org.apache.activemq.transport.AbstractInactivityMonitor.start(AbstractInactivityMonitor.java:172)
	at org.apache.activemq.transport.InactivityMonitor.start(InactivityMonitor.java:52)
	at org.apache.activemq.transport.TransportFilter.start(TransportFilter.java:64)
	at org.apache.activemq.transport.WireFormatNegotiator.start(WireFormatNegotiator.java:72)
	at org.apache.activemq.transport.TransportFilter.start(TransportFilter.java:64)
	at org.apache.activemq.transport.TransportFilter.start(TransportFilter.java:64)
	at org.apache.activemq.ActiveMQConnectionFactory.createActiveMQConnection(ActiveMQConnectionFactory.java:403)
	... 13 common frames omitted
11:48:59.645 [] ERROR o.s.j.l.DefaultMessageListenerContainer - Could not refresh JMS Connection for destination 'workload.to.core.queue' - retrying using FixedBackOff{interval=5000, currentAttempts=40, maxAttempts=unlimited}. Cause: Could not connect to broker URL: tcp://localhost:61616. Reason: java.net.ConnectException: Connection refused: no further information
jakarta.jms.JMSException: Could not connect to broker URL: tcp://localhost:61616. Reason: java.net.ConnectException: Connection refused: no further information
	at org.apache.activemq.util.JMSExceptionSupport.create(JMSExceptionSupport.java:49)
	at org.apache.activemq.ActiveMQConnectionFactory.createActiveMQConnection(ActiveMQConnectionFactory.java:423)
	at org.apache.activemq.ActiveMQConnectionFactory.createActiveMQConnection(ActiveMQConnectionFactory.java:353)
	at org.apache.activemq.ActiveMQConnectionFactory.createConnection(ActiveMQConnectionFactory.java:245)
	at org.springframework.jms.connection.SingleConnectionFactory.doCreateConnection(SingleConnectionFactory.java:475)
	at org.springframework.jms.connection.SingleConnectionFactory.initConnection(SingleConnectionFactory.java:434)
	at org.springframework.jms.connection.SingleConnectionFactory.getConnection(SingleConnectionFactory.java:340)
	at org.springframework.jms.connection.SingleConnectionFactory.createConnection(SingleConnectionFactory.java:245)
	at org.springframework.jms.support.JmsAccessor.createConnection(JmsAccessor.java:211)
	at org.springframework.jms.listener.AbstractJmsListeningContainer.createSharedConnection(AbstractJmsListeningContainer.java:439)
	at org.springframework.jms.listener.AbstractJmsListeningContainer.refreshSharedConnection(AbstractJmsListeningContainer.java:421)
	at org.springframework.jms.listener.DefaultMessageListenerContainer.refreshConnectionUntilSuccessful(DefaultMessageListenerContainer.java:1140)
	at org.springframework.jms.listener.DefaultMessageListenerContainer.recoverAfterListenerSetupFailure(DefaultMessageListenerContainer.java:1114)
	at org.springframework.jms.listener.DefaultMessageListenerContainer$AsyncMessageListenerInvoker.run(DefaultMessageListenerContainer.java:1314)
	at java.base/java.lang.Thread.run(Thread.java:842)
Caused by: java.net.ConnectException: Connection refused: no further information
	at java.base/sun.nio.ch.Net.pollConnect(Native Method)
	at java.base/sun.nio.ch.Net.pollConnectNow(Net.java:684)
	at java.base/sun.nio.ch.NioSocketImpl.timedFinishConnect(NioSocketImpl.java:547)
	at java.base/sun.nio.ch.NioSocketImpl.connect(NioSocketImpl.java:602)
	at java.base/java.net.SocksSocketImpl.connect(SocksSocketImpl.java:327)
	at java.base/java.net.Socket.connect(Socket.java:633)
	at org.apache.activemq.transport.tcp.TcpTransport.connect(TcpTransport.java:526)
	at org.apache.activemq.transport.tcp.TcpTransport.doStart(TcpTransport.java:489)
	at org.apache.activemq.util.ServiceSupport.start(ServiceSupport.java:55)
	at org.apache.activemq.transport.AbstractInactivityMonitor.start(AbstractInactivityMonitor.java:172)
	at org.apache.activemq.transport.InactivityMonitor.start(InactivityMonitor.java:52)
	at org.apache.activemq.transport.TransportFilter.start(TransportFilter.java:64)
	at org.apache.activemq.transport.WireFormatNegotiator.start(WireFormatNegotiator.java:72)
	at org.apache.activemq.transport.TransportFilter.start(TransportFilter.java:64)
	at org.apache.activemq.transport.TransportFilter.start(TransportFilter.java:64)
	at org.apache.activemq.ActiveMQConnectionFactory.createActiveMQConnection(ActiveMQConnectionFactory.java:403)
	... 13 common frames omitted
11:49:04.648 [] ERROR o.s.j.l.DefaultMessageListenerContainer - Could not refresh JMS Connection for destination 'workload.to.core.queue' - retrying using FixedBackOff{interval=5000, currentAttempts=41, maxAttempts=unlimited}. Cause: Could not connect to broker URL: tcp://localhost:61616. Reason: java.net.ConnectException: Connection refused: no further information
jakarta.jms.JMSException: Could not connect to broker URL: tcp://localhost:61616. Reason: java.net.ConnectException: Connection refused: no further information
	at org.apache.activemq.util.JMSExceptionSupport.create(JMSExceptionSupport.java:49)
	at org.apache.activemq.ActiveMQConnectionFactory.createActiveMQConnection(ActiveMQConnectionFactory.java:423)
	at org.apache.activemq.ActiveMQConnectionFactory.createActiveMQConnection(ActiveMQConnectionFactory.java:353)
	at org.apache.activemq.ActiveMQConnectionFactory.createConnection(ActiveMQConnectionFactory.java:245)
	at org.springframework.jms.connection.SingleConnectionFactory.doCreateConnection(SingleConnectionFactory.java:475)
	at org.springframework.jms.connection.SingleConnectionFactory.initConnection(SingleConnectionFactory.java:434)
	at org.springframework.jms.connection.SingleConnectionFactory.getConnection(SingleConnectionFactory.java:340)
	at org.springframework.jms.connection.SingleConnectionFactory.createConnection(SingleConnectionFactory.java:245)
	at org.springframework.jms.support.JmsAccessor.createConnection(JmsAccessor.java:211)
	at org.springframework.jms.listener.AbstractJmsListeningContainer.createSharedConnection(AbstractJmsListeningContainer.java:439)
	at org.springframework.jms.listener.AbstractJmsListeningContainer.refreshSharedConnection(AbstractJmsListeningContainer.java:421)
	at org.springframework.jms.listener.DefaultMessageListenerContainer.refreshConnectionUntilSuccessful(DefaultMessageListenerContainer.java:1140)
	at org.springframework.jms.listener.DefaultMessageListenerContainer.recoverAfterListenerSetupFailure(DefaultMessageListenerContainer.java:1114)
	at org.springframework.jms.listener.DefaultMessageListenerContainer$AsyncMessageListenerInvoker.run(DefaultMessageListenerContainer.java:1314)
	at java.base/java.lang.Thread.run(Thread.java:842)
Caused by: java.net.ConnectException: Connection refused: no further information
	at java.base/sun.nio.ch.Net.pollConnect(Native Method)
	at java.base/sun.nio.ch.Net.pollConnectNow(Net.java:684)
	at java.base/sun.nio.ch.NioSocketImpl.timedFinishConnect(NioSocketImpl.java:547)
	at java.base/sun.nio.ch.NioSocketImpl.connect(NioSocketImpl.java:602)
	at java.base/java.net.SocksSocketImpl.connect(SocksSocketImpl.java:327)
	at java.base/java.net.Socket.connect(Socket.java:633)
	at org.apache.activemq.transport.tcp.TcpTransport.connect(TcpTransport.java:526)
	at org.apache.activemq.transport.tcp.TcpTransport.doStart(TcpTransport.java:489)
	at org.apache.activemq.util.ServiceSupport.start(ServiceSupport.java:55)
	at org.apache.activemq.transport.AbstractInactivityMonitor.start(AbstractInactivityMonitor.java:172)
	at org.apache.activemq.transport.InactivityMonitor.start(InactivityMonitor.java:52)
	at org.apache.activemq.transport.TransportFilter.start(TransportFilter.java:64)
	at org.apache.activemq.transport.WireFormatNegotiator.start(WireFormatNegotiator.java:72)
	at org.apache.activemq.transport.TransportFilter.start(TransportFilter.java:64)
	at org.apache.activemq.transport.TransportFilter.start(TransportFilter.java:64)
	at org.apache.activemq.ActiveMQConnectionFactory.createActiveMQConnection(ActiveMQConnectionFactory.java:403)
	... 13 common frames omitted
11:49:09.664 [] ERROR o.s.j.l.DefaultMessageListenerContainer - Could not refresh JMS Connection for destination 'workload.to.core.queue' - retrying using FixedBackOff{interval=5000, currentAttempts=42, maxAttempts=unlimited}. Cause: Could not connect to broker URL: tcp://localhost:61616. Reason: java.net.ConnectException: Connection refused: no further information
jakarta.jms.JMSException: Could not connect to broker URL: tcp://localhost:61616. Reason: java.net.ConnectException: Connection refused: no further information
	at org.apache.activemq.util.JMSExceptionSupport.create(JMSExceptionSupport.java:49)
	at org.apache.activemq.ActiveMQConnectionFactory.createActiveMQConnection(ActiveMQConnectionFactory.java:423)
	at org.apache.activemq.ActiveMQConnectionFactory.createActiveMQConnection(ActiveMQConnectionFactory.java:353)
	at org.apache.activemq.ActiveMQConnectionFactory.createConnection(ActiveMQConnectionFactory.java:245)
	at org.springframework.jms.connection.SingleConnectionFactory.doCreateConnection(SingleConnectionFactory.java:475)
	at org.springframework.jms.connection.SingleConnectionFactory.initConnection(SingleConnectionFactory.java:434)
	at org.springframework.jms.connection.SingleConnectionFactory.getConnection(SingleConnectionFactory.java:340)
	at org.springframework.jms.connection.SingleConnectionFactory.createConnection(SingleConnectionFactory.java:245)
	at org.springframework.jms.support.JmsAccessor.createConnection(JmsAccessor.java:211)
	at org.springframework.jms.listener.AbstractJmsListeningContainer.createSharedConnection(AbstractJmsListeningContainer.java:439)
	at org.springframework.jms.listener.AbstractJmsListeningContainer.refreshSharedConnection(AbstractJmsListeningContainer.java:421)
	at org.springframework.jms.listener.DefaultMessageListenerContainer.refreshConnectionUntilSuccessful(DefaultMessageListenerContainer.java:1140)
	at org.springframework.jms.listener.DefaultMessageListenerContainer.recoverAfterListenerSetupFailure(DefaultMessageListenerContainer.java:1114)
	at org.springframework.jms.listener.DefaultMessageListenerContainer$AsyncMessageListenerInvoker.run(DefaultMessageListenerContainer.java:1314)
	at java.base/java.lang.Thread.run(Thread.java:842)
Caused by: java.net.ConnectException: Connection refused: no further information
	at java.base/sun.nio.ch.Net.pollConnect(Native Method)
	at java.base/sun.nio.ch.Net.pollConnectNow(Net.java:684)
	at java.base/sun.nio.ch.NioSocketImpl.timedFinishConnect(NioSocketImpl.java:547)
	at java.base/sun.nio.ch.NioSocketImpl.connect(NioSocketImpl.java:602)
	at java.base/java.net.SocksSocketImpl.connect(SocksSocketImpl.java:327)
	at java.base/java.net.Socket.connect(Socket.java:633)
	at org.apache.activemq.transport.tcp.TcpTransport.connect(TcpTransport.java:526)
	at org.apache.activemq.transport.tcp.TcpTransport.doStart(TcpTransport.java:489)
	at org.apache.activemq.util.ServiceSupport.start(ServiceSupport.java:55)
	at org.apache.activemq.transport.AbstractInactivityMonitor.start(AbstractInactivityMonitor.java:172)
	at org.apache.activemq.transport.InactivityMonitor.start(InactivityMonitor.java:52)
	at org.apache.activemq.transport.TransportFilter.start(TransportFilter.java:64)
	at org.apache.activemq.transport.WireFormatNegotiator.start(WireFormatNegotiator.java:72)
	at org.apache.activemq.transport.TransportFilter.start(TransportFilter.java:64)
	at org.apache.activemq.transport.TransportFilter.start(TransportFilter.java:64)
	at org.apache.activemq.ActiveMQConnectionFactory.createActiveMQConnection(ActiveMQConnectionFactory.java:403)
	... 13 common frames omitted
11:49:14.676 [] ERROR o.s.j.l.DefaultMessageListenerContainer - Could not refresh JMS Connection for destination 'workload.to.core.queue' - retrying using FixedBackOff{interval=5000, currentAttempts=43, maxAttempts=unlimited}. Cause: Could not connect to broker URL: tcp://localhost:61616. Reason: java.net.ConnectException: Connection refused: no further information
jakarta.jms.JMSException: Could not connect to broker URL: tcp://localhost:61616. Reason: java.net.ConnectException: Connection refused: no further information
	at org.apache.activemq.util.JMSExceptionSupport.create(JMSExceptionSupport.java:49)
	at org.apache.activemq.ActiveMQConnectionFactory.createActiveMQConnection(ActiveMQConnectionFactory.java:423)
	at org.apache.activemq.ActiveMQConnectionFactory.createActiveMQConnection(ActiveMQConnectionFactory.java:353)
	at org.apache.activemq.ActiveMQConnectionFactory.createConnection(ActiveMQConnectionFactory.java:245)
	at org.springframework.jms.connection.SingleConnectionFactory.doCreateConnection(SingleConnectionFactory.java:475)
	at org.springframework.jms.connection.SingleConnectionFactory.initConnection(SingleConnectionFactory.java:434)
	at org.springframework.jms.connection.SingleConnectionFactory.getConnection(SingleConnectionFactory.java:340)
	at org.springframework.jms.connection.SingleConnectionFactory.createConnection(SingleConnectionFactory.java:245)
	at org.springframework.jms.support.JmsAccessor.createConnection(JmsAccessor.java:211)
	at org.springframework.jms.listener.AbstractJmsListeningContainer.createSharedConnection(AbstractJmsListeningContainer.java:439)
	at org.springframework.jms.listener.AbstractJmsListeningContainer.refreshSharedConnection(AbstractJmsListeningContainer.java:421)
	at org.springframework.jms.listener.DefaultMessageListenerContainer.refreshConnectionUntilSuccessful(DefaultMessageListenerContainer.java:1140)
	at org.springframework.jms.listener.DefaultMessageListenerContainer.recoverAfterListenerSetupFailure(DefaultMessageListenerContainer.java:1114)
	at org.springframework.jms.listener.DefaultMessageListenerContainer$AsyncMessageListenerInvoker.run(DefaultMessageListenerContainer.java:1314)
	at java.base/java.lang.Thread.run(Thread.java:842)
Caused by: java.net.ConnectException: Connection refused: no further information
	at java.base/sun.nio.ch.Net.pollConnect(Native Method)
	at java.base/sun.nio.ch.Net.pollConnectNow(Net.java:684)
	at java.base/sun.nio.ch.NioSocketImpl.timedFinishConnect(NioSocketImpl.java:547)
	at java.base/sun.nio.ch.NioSocketImpl.connect(NioSocketImpl.java:602)
	at java.base/java.net.SocksSocketImpl.connect(SocksSocketImpl.java:327)
	at java.base/java.net.Socket.connect(Socket.java:633)
	at org.apache.activemq.transport.tcp.TcpTransport.connect(TcpTransport.java:526)
	at org.apache.activemq.transport.tcp.TcpTransport.doStart(TcpTransport.java:489)
	at org.apache.activemq.util.ServiceSupport.start(ServiceSupport.java:55)
	at org.apache.activemq.transport.AbstractInactivityMonitor.start(AbstractInactivityMonitor.java:172)
	at org.apache.activemq.transport.InactivityMonitor.start(InactivityMonitor.java:52)
	at org.apache.activemq.transport.TransportFilter.start(TransportFilter.java:64)
	at org.apache.activemq.transport.WireFormatNegotiator.start(WireFormatNegotiator.java:72)
	at org.apache.activemq.transport.TransportFilter.start(TransportFilter.java:64)
	at org.apache.activemq.transport.TransportFilter.start(TransportFilter.java:64)
	at org.apache.activemq.ActiveMQConnectionFactory.createActiveMQConnection(ActiveMQConnectionFactory.java:403)
	... 13 common frames omitted
11:49:19.686 [] ERROR o.s.j.l.DefaultMessageListenerContainer - Could not refresh JMS Connection for destination 'workload.to.core.queue' - retrying using FixedBackOff{interval=5000, currentAttempts=44, maxAttempts=unlimited}. Cause: Could not connect to broker URL: tcp://localhost:61616. Reason: java.net.ConnectException: Connection refused: no further information
jakarta.jms.JMSException: Could not connect to broker URL: tcp://localhost:61616. Reason: java.net.ConnectException: Connection refused: no further information
	at org.apache.activemq.util.JMSExceptionSupport.create(JMSExceptionSupport.java:49)
	at org.apache.activemq.ActiveMQConnectionFactory.createActiveMQConnection(ActiveMQConnectionFactory.java:423)
	at org.apache.activemq.ActiveMQConnectionFactory.createActiveMQConnection(ActiveMQConnectionFactory.java:353)
	at org.apache.activemq.ActiveMQConnectionFactory.createConnection(ActiveMQConnectionFactory.java:245)
	at org.springframework.jms.connection.SingleConnectionFactory.doCreateConnection(SingleConnectionFactory.java:475)
	at org.springframework.jms.connection.SingleConnectionFactory.initConnection(SingleConnectionFactory.java:434)
	at org.springframework.jms.connection.SingleConnectionFactory.getConnection(SingleConnectionFactory.java:340)
	at org.springframework.jms.connection.SingleConnectionFactory.createConnection(SingleConnectionFactory.java:245)
	at org.springframework.jms.support.JmsAccessor.createConnection(JmsAccessor.java:211)
	at org.springframework.jms.listener.AbstractJmsListeningContainer.createSharedConnection(AbstractJmsListeningContainer.java:439)
	at org.springframework.jms.listener.AbstractJmsListeningContainer.refreshSharedConnection(AbstractJmsListeningContainer.java:421)
	at org.springframework.jms.listener.DefaultMessageListenerContainer.refreshConnectionUntilSuccessful(DefaultMessageListenerContainer.java:1140)
	at org.springframework.jms.listener.DefaultMessageListenerContainer.recoverAfterListenerSetupFailure(DefaultMessageListenerContainer.java:1114)
	at org.springframework.jms.listener.DefaultMessageListenerContainer$AsyncMessageListenerInvoker.run(DefaultMessageListenerContainer.java:1314)
	at java.base/java.lang.Thread.run(Thread.java:842)
Caused by: java.net.ConnectException: Connection refused: no further information
	at java.base/sun.nio.ch.Net.pollConnect(Native Method)
	at java.base/sun.nio.ch.Net.pollConnectNow(Net.java:684)
	at java.base/sun.nio.ch.NioSocketImpl.timedFinishConnect(NioSocketImpl.java:547)
	at java.base/sun.nio.ch.NioSocketImpl.connect(NioSocketImpl.java:602)
	at java.base/java.net.SocksSocketImpl.connect(SocksSocketImpl.java:327)
	at java.base/java.net.Socket.connect(Socket.java:633)
	at org.apache.activemq.transport.tcp.TcpTransport.connect(TcpTransport.java:526)
	at org.apache.activemq.transport.tcp.TcpTransport.doStart(TcpTransport.java:489)
	at org.apache.activemq.util.ServiceSupport.start(ServiceSupport.java:55)
	at org.apache.activemq.transport.AbstractInactivityMonitor.start(AbstractInactivityMonitor.java:172)
	at org.apache.activemq.transport.InactivityMonitor.start(InactivityMonitor.java:52)
	at org.apache.activemq.transport.TransportFilter.start(TransportFilter.java:64)
	at org.apache.activemq.transport.WireFormatNegotiator.start(WireFormatNegotiator.java:72)
	at org.apache.activemq.transport.TransportFilter.start(TransportFilter.java:64)
	at org.apache.activemq.transport.TransportFilter.start(TransportFilter.java:64)
	at org.apache.activemq.ActiveMQConnectionFactory.createActiveMQConnection(ActiveMQConnectionFactory.java:403)
	... 13 common frames omitted
11:49:24.701 [] ERROR o.s.j.l.DefaultMessageListenerContainer - Could not refresh JMS Connection for destination 'workload.to.core.queue' - retrying using FixedBackOff{interval=5000, currentAttempts=45, maxAttempts=unlimited}. Cause: Could not connect to broker URL: tcp://localhost:61616. Reason: java.net.ConnectException: Connection refused: no further information
jakarta.jms.JMSException: Could not connect to broker URL: tcp://localhost:61616. Reason: java.net.ConnectException: Connection refused: no further information
	at org.apache.activemq.util.JMSExceptionSupport.create(JMSExceptionSupport.java:49)
	at org.apache.activemq.ActiveMQConnectionFactory.createActiveMQConnection(ActiveMQConnectionFactory.java:423)
	at org.apache.activemq.ActiveMQConnectionFactory.createActiveMQConnection(ActiveMQConnectionFactory.java:353)
	at org.apache.activemq.ActiveMQConnectionFactory.createConnection(ActiveMQConnectionFactory.java:245)
	at org.springframework.jms.connection.SingleConnectionFactory.doCreateConnection(SingleConnectionFactory.java:475)
	at org.springframework.jms.connection.SingleConnectionFactory.initConnection(SingleConnectionFactory.java:434)
	at org.springframework.jms.connection.SingleConnectionFactory.getConnection(SingleConnectionFactory.java:340)
	at org.springframework.jms.connection.SingleConnectionFactory.createConnection(SingleConnectionFactory.java:245)
	at org.springframework.jms.support.JmsAccessor.createConnection(JmsAccessor.java:211)
	at org.springframework.jms.listener.AbstractJmsListeningContainer.createSharedConnection(AbstractJmsListeningContainer.java:439)
	at org.springframework.jms.listener.AbstractJmsListeningContainer.refreshSharedConnection(AbstractJmsListeningContainer.java:421)
	at org.springframework.jms.listener.DefaultMessageListenerContainer.refreshConnectionUntilSuccessful(DefaultMessageListenerContainer.java:1140)
	at org.springframework.jms.listener.DefaultMessageListenerContainer.recoverAfterListenerSetupFailure(DefaultMessageListenerContainer.java:1114)
	at org.springframework.jms.listener.DefaultMessageListenerContainer$AsyncMessageListenerInvoker.run(DefaultMessageListenerContainer.java:1314)
	at java.base/java.lang.Thread.run(Thread.java:842)
Caused by: java.net.ConnectException: Connection refused: no further information
	at java.base/sun.nio.ch.Net.pollConnect(Native Method)
	at java.base/sun.nio.ch.Net.pollConnectNow(Net.java:684)
	at java.base/sun.nio.ch.NioSocketImpl.timedFinishConnect(NioSocketImpl.java:547)
	at java.base/sun.nio.ch.NioSocketImpl.connect(NioSocketImpl.java:602)
	at java.base/java.net.SocksSocketImpl.connect(SocksSocketImpl.java:327)
	at java.base/java.net.Socket.connect(Socket.java:633)
	at org.apache.activemq.transport.tcp.TcpTransport.connect(TcpTransport.java:526)
	at org.apache.activemq.transport.tcp.TcpTransport.doStart(TcpTransport.java:489)
	at org.apache.activemq.util.ServiceSupport.start(ServiceSupport.java:55)
	at org.apache.activemq.transport.AbstractInactivityMonitor.start(AbstractInactivityMonitor.java:172)
	at org.apache.activemq.transport.InactivityMonitor.start(InactivityMonitor.java:52)
	at org.apache.activemq.transport.TransportFilter.start(TransportFilter.java:64)
	at org.apache.activemq.transport.WireFormatNegotiator.start(WireFormatNegotiator.java:72)
	at org.apache.activemq.transport.TransportFilter.start(TransportFilter.java:64)
	at org.apache.activemq.transport.TransportFilter.start(TransportFilter.java:64)
	at org.apache.activemq.ActiveMQConnectionFactory.createActiveMQConnection(ActiveMQConnectionFactory.java:403)
	... 13 common frames omitted
11:49:29.726 [] ERROR o.s.j.l.DefaultMessageListenerContainer - Could not refresh JMS Connection for destination 'workload.to.core.queue' - retrying using FixedBackOff{interval=5000, currentAttempts=46, maxAttempts=unlimited}. Cause: Could not connect to broker URL: tcp://localhost:61616. Reason: java.net.ConnectException: Connection refused: no further information
jakarta.jms.JMSException: Could not connect to broker URL: tcp://localhost:61616. Reason: java.net.ConnectException: Connection refused: no further information
	at org.apache.activemq.util.JMSExceptionSupport.create(JMSExceptionSupport.java:49)
	at org.apache.activemq.ActiveMQConnectionFactory.createActiveMQConnection(ActiveMQConnectionFactory.java:423)
	at org.apache.activemq.ActiveMQConnectionFactory.createActiveMQConnection(ActiveMQConnectionFactory.java:353)
	at org.apache.activemq.ActiveMQConnectionFactory.createConnection(ActiveMQConnectionFactory.java:245)
	at org.springframework.jms.connection.SingleConnectionFactory.doCreateConnection(SingleConnectionFactory.java:475)
	at org.springframework.jms.connection.SingleConnectionFactory.initConnection(SingleConnectionFactory.java:434)
	at org.springframework.jms.connection.SingleConnectionFactory.getConnection(SingleConnectionFactory.java:340)
	at org.springframework.jms.connection.SingleConnectionFactory.createConnection(SingleConnectionFactory.java:245)
	at org.springframework.jms.support.JmsAccessor.createConnection(JmsAccessor.java:211)
	at org.springframework.jms.listener.AbstractJmsListeningContainer.createSharedConnection(AbstractJmsListeningContainer.java:439)
	at org.springframework.jms.listener.AbstractJmsListeningContainer.refreshSharedConnection(AbstractJmsListeningContainer.java:421)
	at org.springframework.jms.listener.DefaultMessageListenerContainer.refreshConnectionUntilSuccessful(DefaultMessageListenerContainer.java:1140)
	at org.springframework.jms.listener.DefaultMessageListenerContainer.recoverAfterListenerSetupFailure(DefaultMessageListenerContainer.java:1114)
	at org.springframework.jms.listener.DefaultMessageListenerContainer$AsyncMessageListenerInvoker.run(DefaultMessageListenerContainer.java:1314)
	at java.base/java.lang.Thread.run(Thread.java:842)
Caused by: java.net.ConnectException: Connection refused: no further information
	at java.base/sun.nio.ch.Net.pollConnect(Native Method)
	at java.base/sun.nio.ch.Net.pollConnectNow(Net.java:684)
	at java.base/sun.nio.ch.NioSocketImpl.timedFinishConnect(NioSocketImpl.java:547)
	at java.base/sun.nio.ch.NioSocketImpl.connect(NioSocketImpl.java:602)
	at java.base/java.net.SocksSocketImpl.connect(SocksSocketImpl.java:327)
	at java.base/java.net.Socket.connect(Socket.java:633)
	at org.apache.activemq.transport.tcp.TcpTransport.connect(TcpTransport.java:526)
	at org.apache.activemq.transport.tcp.TcpTransport.doStart(TcpTransport.java:489)
	at org.apache.activemq.util.ServiceSupport.start(ServiceSupport.java:55)
	at org.apache.activemq.transport.AbstractInactivityMonitor.start(AbstractInactivityMonitor.java:172)
	at org.apache.activemq.transport.InactivityMonitor.start(InactivityMonitor.java:52)
	at org.apache.activemq.transport.TransportFilter.start(TransportFilter.java:64)
	at org.apache.activemq.transport.WireFormatNegotiator.start(WireFormatNegotiator.java:72)
	at org.apache.activemq.transport.TransportFilter.start(TransportFilter.java:64)
	at org.apache.activemq.transport.TransportFilter.start(TransportFilter.java:64)
	at org.apache.activemq.ActiveMQConnectionFactory.createActiveMQConnection(ActiveMQConnectionFactory.java:403)
	... 13 common frames omitted
11:49:34.737 [] ERROR o.s.j.l.DefaultMessageListenerContainer - Could not refresh JMS Connection for destination 'workload.to.core.queue' - retrying using FixedBackOff{interval=5000, currentAttempts=47, maxAttempts=unlimited}. Cause: Could not connect to broker URL: tcp://localhost:61616. Reason: java.net.ConnectException: Connection refused: no further information
jakarta.jms.JMSException: Could not connect to broker URL: tcp://localhost:61616. Reason: java.net.ConnectException: Connection refused: no further information
	at org.apache.activemq.util.JMSExceptionSupport.create(JMSExceptionSupport.java:49)
	at org.apache.activemq.ActiveMQConnectionFactory.createActiveMQConnection(ActiveMQConnectionFactory.java:423)
	at org.apache.activemq.ActiveMQConnectionFactory.createActiveMQConnection(ActiveMQConnectionFactory.java:353)
	at org.apache.activemq.ActiveMQConnectionFactory.createConnection(ActiveMQConnectionFactory.java:245)
	at org.springframework.jms.connection.SingleConnectionFactory.doCreateConnection(SingleConnectionFactory.java:475)
	at org.springframework.jms.connection.SingleConnectionFactory.initConnection(SingleConnectionFactory.java:434)
	at org.springframework.jms.connection.SingleConnectionFactory.getConnection(SingleConnectionFactory.java:340)
	at org.springframework.jms.connection.SingleConnectionFactory.createConnection(SingleConnectionFactory.java:245)
	at org.springframework.jms.support.JmsAccessor.createConnection(JmsAccessor.java:211)
	at org.springframework.jms.listener.AbstractJmsListeningContainer.createSharedConnection(AbstractJmsListeningContainer.java:439)
	at org.springframework.jms.listener.AbstractJmsListeningContainer.refreshSharedConnection(AbstractJmsListeningContainer.java:421)
	at org.springframework.jms.listener.DefaultMessageListenerContainer.refreshConnectionUntilSuccessful(DefaultMessageListenerContainer.java:1140)
	at org.springframework.jms.listener.DefaultMessageListenerContainer.recoverAfterListenerSetupFailure(DefaultMessageListenerContainer.java:1114)
	at org.springframework.jms.listener.DefaultMessageListenerContainer$AsyncMessageListenerInvoker.run(DefaultMessageListenerContainer.java:1314)
	at java.base/java.lang.Thread.run(Thread.java:842)
Caused by: java.net.ConnectException: Connection refused: no further information
	at java.base/sun.nio.ch.Net.pollConnect(Native Method)
	at java.base/sun.nio.ch.Net.pollConnectNow(Net.java:684)
	at java.base/sun.nio.ch.NioSocketImpl.timedFinishConnect(NioSocketImpl.java:547)
	at java.base/sun.nio.ch.NioSocketImpl.connect(NioSocketImpl.java:602)
	at java.base/java.net.SocksSocketImpl.connect(SocksSocketImpl.java:327)
	at java.base/java.net.Socket.connect(Socket.java:633)
	at org.apache.activemq.transport.tcp.TcpTransport.connect(TcpTransport.java:526)
	at org.apache.activemq.transport.tcp.TcpTransport.doStart(TcpTransport.java:489)
	at org.apache.activemq.util.ServiceSupport.start(ServiceSupport.java:55)
	at org.apache.activemq.transport.AbstractInactivityMonitor.start(AbstractInactivityMonitor.java:172)
	at org.apache.activemq.transport.InactivityMonitor.start(InactivityMonitor.java:52)
	at org.apache.activemq.transport.TransportFilter.start(TransportFilter.java:64)
	at org.apache.activemq.transport.WireFormatNegotiator.start(WireFormatNegotiator.java:72)
	at org.apache.activemq.transport.TransportFilter.start(TransportFilter.java:64)
	at org.apache.activemq.transport.TransportFilter.start(TransportFilter.java:64)
	at org.apache.activemq.ActiveMQConnectionFactory.createActiveMQConnection(ActiveMQConnectionFactory.java:403)
	... 13 common frames omitted
11:49:39.755 [] ERROR o.s.j.l.DefaultMessageListenerContainer - Could not refresh JMS Connection for destination 'workload.to.core.queue' - retrying using FixedBackOff{interval=5000, currentAttempts=48, maxAttempts=unlimited}. Cause: Could not connect to broker URL: tcp://localhost:61616. Reason: java.net.ConnectException: Connection refused: no further information
jakarta.jms.JMSException: Could not connect to broker URL: tcp://localhost:61616. Reason: java.net.ConnectException: Connection refused: no further information
	at org.apache.activemq.util.JMSExceptionSupport.create(JMSExceptionSupport.java:49)
	at org.apache.activemq.ActiveMQConnectionFactory.createActiveMQConnection(ActiveMQConnectionFactory.java:423)
	at org.apache.activemq.ActiveMQConnectionFactory.createActiveMQConnection(ActiveMQConnectionFactory.java:353)
	at org.apache.activemq.ActiveMQConnectionFactory.createConnection(ActiveMQConnectionFactory.java:245)
	at org.springframework.jms.connection.SingleConnectionFactory.doCreateConnection(SingleConnectionFactory.java:475)
	at org.springframework.jms.connection.SingleConnectionFactory.initConnection(SingleConnectionFactory.java:434)
	at org.springframework.jms.connection.SingleConnectionFactory.getConnection(SingleConnectionFactory.java:340)
	at org.springframework.jms.connection.SingleConnectionFactory.createConnection(SingleConnectionFactory.java:245)
	at org.springframework.jms.support.JmsAccessor.createConnection(JmsAccessor.java:211)
	at org.springframework.jms.listener.AbstractJmsListeningContainer.createSharedConnection(AbstractJmsListeningContainer.java:439)
	at org.springframework.jms.listener.AbstractJmsListeningContainer.refreshSharedConnection(AbstractJmsListeningContainer.java:421)
	at org.springframework.jms.listener.DefaultMessageListenerContainer.refreshConnectionUntilSuccessful(DefaultMessageListenerContainer.java:1140)
	at org.springframework.jms.listener.DefaultMessageListenerContainer.recoverAfterListenerSetupFailure(DefaultMessageListenerContainer.java:1114)
	at org.springframework.jms.listener.DefaultMessageListenerContainer$AsyncMessageListenerInvoker.run(DefaultMessageListenerContainer.java:1314)
	at java.base/java.lang.Thread.run(Thread.java:842)
Caused by: java.net.ConnectException: Connection refused: no further information
	at java.base/sun.nio.ch.Net.pollConnect(Native Method)
	at java.base/sun.nio.ch.Net.pollConnectNow(Net.java:684)
	at java.base/sun.nio.ch.NioSocketImpl.timedFinishConnect(NioSocketImpl.java:547)
	at java.base/sun.nio.ch.NioSocketImpl.connect(NioSocketImpl.java:602)
	at java.base/java.net.SocksSocketImpl.connect(SocksSocketImpl.java:327)
	at java.base/java.net.Socket.connect(Socket.java:633)
	at org.apache.activemq.transport.tcp.TcpTransport.connect(TcpTransport.java:526)
	at org.apache.activemq.transport.tcp.TcpTransport.doStart(TcpTransport.java:489)
	at org.apache.activemq.util.ServiceSupport.start(ServiceSupport.java:55)
	at org.apache.activemq.transport.AbstractInactivityMonitor.start(AbstractInactivityMonitor.java:172)
	at org.apache.activemq.transport.InactivityMonitor.start(InactivityMonitor.java:52)
	at org.apache.activemq.transport.TransportFilter.start(TransportFilter.java:64)
	at org.apache.activemq.transport.WireFormatNegotiator.start(WireFormatNegotiator.java:72)
	at org.apache.activemq.transport.TransportFilter.start(TransportFilter.java:64)
	at org.apache.activemq.transport.TransportFilter.start(TransportFilter.java:64)
	at org.apache.activemq.ActiveMQConnectionFactory.createActiveMQConnection(ActiveMQConnectionFactory.java:403)
	... 13 common frames omitted
11:49:44.770 [] ERROR o.s.j.l.DefaultMessageListenerContainer - Could not refresh JMS Connection for destination 'workload.to.core.queue' - retrying using FixedBackOff{interval=5000, currentAttempts=49, maxAttempts=unlimited}. Cause: Could not connect to broker URL: tcp://localhost:61616. Reason: java.net.ConnectException: Connection refused: no further information
jakarta.jms.JMSException: Could not connect to broker URL: tcp://localhost:61616. Reason: java.net.ConnectException: Connection refused: no further information
	at org.apache.activemq.util.JMSExceptionSupport.create(JMSExceptionSupport.java:49)
	at org.apache.activemq.ActiveMQConnectionFactory.createActiveMQConnection(ActiveMQConnectionFactory.java:423)
	at org.apache.activemq.ActiveMQConnectionFactory.createActiveMQConnection(ActiveMQConnectionFactory.java:353)
	at org.apache.activemq.ActiveMQConnectionFactory.createConnection(ActiveMQConnectionFactory.java:245)
	at org.springframework.jms.connection.SingleConnectionFactory.doCreateConnection(SingleConnectionFactory.java:475)
	at org.springframework.jms.connection.SingleConnectionFactory.initConnection(SingleConnectionFactory.java:434)
	at org.springframework.jms.connection.SingleConnectionFactory.getConnection(SingleConnectionFactory.java:340)
	at org.springframework.jms.connection.SingleConnectionFactory.createConnection(SingleConnectionFactory.java:245)
	at org.springframework.jms.support.JmsAccessor.createConnection(JmsAccessor.java:211)
	at org.springframework.jms.listener.AbstractJmsListeningContainer.createSharedConnection(AbstractJmsListeningContainer.java:439)
	at org.springframework.jms.listener.AbstractJmsListeningContainer.refreshSharedConnection(AbstractJmsListeningContainer.java:421)
	at org.springframework.jms.listener.DefaultMessageListenerContainer.refreshConnectionUntilSuccessful(DefaultMessageListenerContainer.java:1140)
	at org.springframework.jms.listener.DefaultMessageListenerContainer.recoverAfterListenerSetupFailure(DefaultMessageListenerContainer.java:1114)
	at org.springframework.jms.listener.DefaultMessageListenerContainer$AsyncMessageListenerInvoker.run(DefaultMessageListenerContainer.java:1314)
	at java.base/java.lang.Thread.run(Thread.java:842)
Caused by: java.net.ConnectException: Connection refused: no further information
	at java.base/sun.nio.ch.Net.pollConnect(Native Method)
	at java.base/sun.nio.ch.Net.pollConnectNow(Net.java:684)
	at java.base/sun.nio.ch.NioSocketImpl.timedFinishConnect(NioSocketImpl.java:547)
	at java.base/sun.nio.ch.NioSocketImpl.connect(NioSocketImpl.java:602)
	at java.base/java.net.SocksSocketImpl.connect(SocksSocketImpl.java:327)
	at java.base/java.net.Socket.connect(Socket.java:633)
	at org.apache.activemq.transport.tcp.TcpTransport.connect(TcpTransport.java:526)
	at org.apache.activemq.transport.tcp.TcpTransport.doStart(TcpTransport.java:489)
	at org.apache.activemq.util.ServiceSupport.start(ServiceSupport.java:55)
	at org.apache.activemq.transport.AbstractInactivityMonitor.start(AbstractInactivityMonitor.java:172)
	at org.apache.activemq.transport.InactivityMonitor.start(InactivityMonitor.java:52)
	at org.apache.activemq.transport.TransportFilter.start(TransportFilter.java:64)
	at org.apache.activemq.transport.WireFormatNegotiator.start(WireFormatNegotiator.java:72)
	at org.apache.activemq.transport.TransportFilter.start(TransportFilter.java:64)
	at org.apache.activemq.transport.TransportFilter.start(TransportFilter.java:64)
	at org.apache.activemq.ActiveMQConnectionFactory.createActiveMQConnection(ActiveMQConnectionFactory.java:403)
	... 13 common frames omitted
11:49:49.778 [] ERROR o.s.j.l.DefaultMessageListenerContainer - Could not refresh JMS Connection for destination 'workload.to.core.queue' - retrying using FixedBackOff{interval=5000, currentAttempts=50, maxAttempts=unlimited}. Cause: Could not connect to broker URL: tcp://localhost:61616. Reason: java.net.ConnectException: Connection refused: no further information
jakarta.jms.JMSException: Could not connect to broker URL: tcp://localhost:61616. Reason: java.net.ConnectException: Connection refused: no further information
	at org.apache.activemq.util.JMSExceptionSupport.create(JMSExceptionSupport.java:49)
	at org.apache.activemq.ActiveMQConnectionFactory.createActiveMQConnection(ActiveMQConnectionFactory.java:423)
	at org.apache.activemq.ActiveMQConnectionFactory.createActiveMQConnection(ActiveMQConnectionFactory.java:353)
	at org.apache.activemq.ActiveMQConnectionFactory.createConnection(ActiveMQConnectionFactory.java:245)
	at org.springframework.jms.connection.SingleConnectionFactory.doCreateConnection(SingleConnectionFactory.java:475)
	at org.springframework.jms.connection.SingleConnectionFactory.initConnection(SingleConnectionFactory.java:434)
	at org.springframework.jms.connection.SingleConnectionFactory.getConnection(SingleConnectionFactory.java:340)
	at org.springframework.jms.connection.SingleConnectionFactory.createConnection(SingleConnectionFactory.java:245)
	at org.springframework.jms.support.JmsAccessor.createConnection(JmsAccessor.java:211)
	at org.springframework.jms.listener.AbstractJmsListeningContainer.createSharedConnection(AbstractJmsListeningContainer.java:439)
	at org.springframework.jms.listener.AbstractJmsListeningContainer.refreshSharedConnection(AbstractJmsListeningContainer.java:421)
	at org.springframework.jms.listener.DefaultMessageListenerContainer.refreshConnectionUntilSuccessful(DefaultMessageListenerContainer.java:1140)
	at org.springframework.jms.listener.DefaultMessageListenerContainer.recoverAfterListenerSetupFailure(DefaultMessageListenerContainer.java:1114)
	at org.springframework.jms.listener.DefaultMessageListenerContainer$AsyncMessageListenerInvoker.run(DefaultMessageListenerContainer.java:1314)
	at java.base/java.lang.Thread.run(Thread.java:842)
Caused by: java.net.ConnectException: Connection refused: no further information
	at java.base/sun.nio.ch.Net.pollConnect(Native Method)
	at java.base/sun.nio.ch.Net.pollConnectNow(Net.java:684)
	at java.base/sun.nio.ch.NioSocketImpl.timedFinishConnect(NioSocketImpl.java:547)
	at java.base/sun.nio.ch.NioSocketImpl.connect(NioSocketImpl.java:602)
	at java.base/java.net.SocksSocketImpl.connect(SocksSocketImpl.java:327)
	at java.base/java.net.Socket.connect(Socket.java:633)
	at org.apache.activemq.transport.tcp.TcpTransport.connect(TcpTransport.java:526)
	at org.apache.activemq.transport.tcp.TcpTransport.doStart(TcpTransport.java:489)
	at org.apache.activemq.util.ServiceSupport.start(ServiceSupport.java:55)
	at org.apache.activemq.transport.AbstractInactivityMonitor.start(AbstractInactivityMonitor.java:172)
	at org.apache.activemq.transport.InactivityMonitor.start(InactivityMonitor.java:52)
	at org.apache.activemq.transport.TransportFilter.start(TransportFilter.java:64)
	at org.apache.activemq.transport.WireFormatNegotiator.start(WireFormatNegotiator.java:72)
	at org.apache.activemq.transport.TransportFilter.start(TransportFilter.java:64)
	at org.apache.activemq.transport.TransportFilter.start(TransportFilter.java:64)
	at org.apache.activemq.ActiveMQConnectionFactory.createActiveMQConnection(ActiveMQConnectionFactory.java:403)
	... 13 common frames omitted
11:49:54.798 [] ERROR o.s.j.l.DefaultMessageListenerContainer - Could not refresh JMS Connection for destination 'workload.to.core.queue' - retrying using FixedBackOff{interval=5000, currentAttempts=51, maxAttempts=unlimited}. Cause: Could not connect to broker URL: tcp://localhost:61616. Reason: java.net.ConnectException: Connection refused: no further information
jakarta.jms.JMSException: Could not connect to broker URL: tcp://localhost:61616. Reason: java.net.ConnectException: Connection refused: no further information
	at org.apache.activemq.util.JMSExceptionSupport.create(JMSExceptionSupport.java:49)
	at org.apache.activemq.ActiveMQConnectionFactory.createActiveMQConnection(ActiveMQConnectionFactory.java:423)
	at org.apache.activemq.ActiveMQConnectionFactory.createActiveMQConnection(ActiveMQConnectionFactory.java:353)
	at org.apache.activemq.ActiveMQConnectionFactory.createConnection(ActiveMQConnectionFactory.java:245)
	at org.springframework.jms.connection.SingleConnectionFactory.doCreateConnection(SingleConnectionFactory.java:475)
	at org.springframework.jms.connection.SingleConnectionFactory.initConnection(SingleConnectionFactory.java:434)
	at org.springframework.jms.connection.SingleConnectionFactory.getConnection(SingleConnectionFactory.java:340)
	at org.springframework.jms.connection.SingleConnectionFactory.createConnection(SingleConnectionFactory.java:245)
	at org.springframework.jms.support.JmsAccessor.createConnection(JmsAccessor.java:211)
	at org.springframework.jms.listener.AbstractJmsListeningContainer.createSharedConnection(AbstractJmsListeningContainer.java:439)
	at org.springframework.jms.listener.AbstractJmsListeningContainer.refreshSharedConnection(AbstractJmsListeningContainer.java:421)
	at org.springframework.jms.listener.DefaultMessageListenerContainer.refreshConnectionUntilSuccessful(DefaultMessageListenerContainer.java:1140)
	at org.springframework.jms.listener.DefaultMessageListenerContainer.recoverAfterListenerSetupFailure(DefaultMessageListenerContainer.java:1114)
	at org.springframework.jms.listener.DefaultMessageListenerContainer$AsyncMessageListenerInvoker.run(DefaultMessageListenerContainer.java:1314)
	at java.base/java.lang.Thread.run(Thread.java:842)
Caused by: java.net.ConnectException: Connection refused: no further information
	at java.base/sun.nio.ch.Net.pollConnect(Native Method)
	at java.base/sun.nio.ch.Net.pollConnectNow(Net.java:684)
	at java.base/sun.nio.ch.NioSocketImpl.timedFinishConnect(NioSocketImpl.java:547)
	at java.base/sun.nio.ch.NioSocketImpl.connect(NioSocketImpl.java:602)
	at java.base/java.net.SocksSocketImpl.connect(SocksSocketImpl.java:327)
	at java.base/java.net.Socket.connect(Socket.java:633)
	at org.apache.activemq.transport.tcp.TcpTransport.connect(TcpTransport.java:526)
	at org.apache.activemq.transport.tcp.TcpTransport.doStart(TcpTransport.java:489)
	at org.apache.activemq.util.ServiceSupport.start(ServiceSupport.java:55)
	at org.apache.activemq.transport.AbstractInactivityMonitor.start(AbstractInactivityMonitor.java:172)
	at org.apache.activemq.transport.InactivityMonitor.start(InactivityMonitor.java:52)
	at org.apache.activemq.transport.TransportFilter.start(TransportFilter.java:64)
	at org.apache.activemq.transport.WireFormatNegotiator.start(WireFormatNegotiator.java:72)
	at org.apache.activemq.transport.TransportFilter.start(TransportFilter.java:64)
	at org.apache.activemq.transport.TransportFilter.start(TransportFilter.java:64)
	at org.apache.activemq.ActiveMQConnectionFactory.createActiveMQConnection(ActiveMQConnectionFactory.java:403)
	... 13 common frames omitted
11:49:59.807 [] ERROR o.s.j.l.DefaultMessageListenerContainer - Could not refresh JMS Connection for destination 'workload.to.core.queue' - retrying using FixedBackOff{interval=5000, currentAttempts=52, maxAttempts=unlimited}. Cause: The JMS connection has failed: java.io.EOFException
org.apache.activemq.ConnectionFailedException: The JMS connection has failed: java.io.EOFException
	at org.apache.activemq.ActiveMQConnection.checkClosedOrFailed(ActiveMQConnection.java:1518)
	at org.apache.activemq.ActiveMQConnection.setExceptionListener(ActiveMQConnection.java:528)
	at org.springframework.jms.connection.SingleConnectionFactory.prepareConnection(SingleConnectionFactory.java:505)
	at org.springframework.jms.connection.SingleConnectionFactory.initConnection(SingleConnectionFactory.java:436)
	at org.springframework.jms.connection.SingleConnectionFactory.getConnection(SingleConnectionFactory.java:340)
	at org.springframework.jms.connection.SingleConnectionFactory.createConnection(SingleConnectionFactory.java:245)
	at org.springframework.jms.support.JmsAccessor.createConnection(JmsAccessor.java:211)
	at org.springframework.jms.listener.AbstractJmsListeningContainer.createSharedConnection(AbstractJmsListeningContainer.java:439)
	at org.springframework.jms.listener.AbstractJmsListeningContainer.refreshSharedConnection(AbstractJmsListeningContainer.java:421)
	at org.springframework.jms.listener.DefaultMessageListenerContainer.refreshConnectionUntilSuccessful(DefaultMessageListenerContainer.java:1140)
	at org.springframework.jms.listener.DefaultMessageListenerContainer.recoverAfterListenerSetupFailure(DefaultMessageListenerContainer.java:1114)
	at org.springframework.jms.listener.DefaultMessageListenerContainer$AsyncMessageListenerInvoker.run(DefaultMessageListenerContainer.java:1314)
	at java.base/java.lang.Thread.run(Thread.java:842)
Caused by: java.io.EOFException: null
	at java.base/java.io.DataInputStream.readInt(DataInputStream.java:398)
	at org.apache.activemq.openwire.OpenWireFormat.unmarshal(OpenWireFormat.java:289)
	at org.apache.activemq.transport.tcp.TcpTransport.readCommand(TcpTransport.java:241)
	at org.apache.activemq.transport.tcp.TcpTransport.doRun(TcpTransport.java:233)
	at org.apache.activemq.transport.tcp.TcpTransport.run(TcpTransport.java:216)
	... 1 common frames omitted
11:50:33.343 [] ERROR c.n.d.DiscoveryClient - DiscoveryClient_GYM-CRM-CORE/gym-crm-core - de-registration failedCannot execute request on any known server
com.netflix.discovery.shared.transport.TransportException: Cannot execute request on any known server
	at com.netflix.discovery.shared.transport.decorator.RetryableEurekaHttpClient.execute(RetryableEurekaHttpClient.java:112)
	at com.netflix.discovery.shared.transport.decorator.EurekaHttpClientDecorator.cancel(EurekaHttpClientDecorator.java:71)
	at com.netflix.discovery.shared.transport.decorator.EurekaHttpClientDecorator$2.execute(EurekaHttpClientDecorator.java:74)
	at com.netflix.discovery.shared.transport.decorator.SessionedEurekaHttpClient.execute(SessionedEurekaHttpClient.java:76)
	at com.netflix.discovery.shared.transport.decorator.EurekaHttpClientDecorator.cancel(EurekaHttpClientDecorator.java:71)
	at com.netflix.discovery.DiscoveryClient.unregister(DiscoveryClient.java:919)
	at com.netflix.discovery.DiscoveryClient.shutdown(DiscoveryClient.java:900)
	at java.base/jdk.internal.reflect.NativeMethodAccessorImpl.invoke0(Native Method)
	at java.base/jdk.internal.reflect.NativeMethodAccessorImpl.invoke(NativeMethodAccessorImpl.java:77)
	at java.base/jdk.internal.reflect.DelegatingMethodAccessorImpl.invoke(DelegatingMethodAccessorImpl.java:43)
	at java.base/java.lang.reflect.Method.invoke(Method.java:568)
	at org.springframework.beans.factory.annotation.InitDestroyAnnotationBeanPostProcessor$LifecycleMethod.invoke(InitDestroyAnnotationBeanPostProcessor.java:457)
	at org.springframework.beans.factory.annotation.InitDestroyAnnotationBeanPostProcessor$LifecycleMetadata.invokeDestroyMethods(InitDestroyAnnotationBeanPostProcessor.java:415)
	at org.springframework.beans.factory.annotation.InitDestroyAnnotationBeanPostProcessor.postProcessBeforeDestruction(InitDestroyAnnotationBeanPostProcessor.java:239)
	at org.springframework.beans.factory.support.DisposableBeanAdapter.destroy(DisposableBeanAdapter.java:202)
	at org.springframework.beans.factory.support.DisposableBeanAdapter.run(DisposableBeanAdapter.java:195)
	at org.springframework.cloud.context.scope.GenericScope$BeanLifecycleWrapper.destroy(GenericScope.java:387)
	at org.springframework.cloud.context.scope.GenericScope.destroy(GenericScope.java:134)
	at org.springframework.beans.factory.support.DisposableBeanAdapter.destroy(DisposableBeanAdapter.java:211)
	at org.springframework.beans.factory.support.DefaultSingletonBeanRegistry.destroyBean(DefaultSingletonBeanRegistry.java:796)
	at org.springframework.beans.factory.support.DefaultSingletonBeanRegistry.destroySingleton(DefaultSingletonBeanRegistry.java:746)
	at org.springframework.beans.factory.support.DefaultListableBeanFactory.destroySingleton(DefaultListableBeanFactory.java:1473)
	at org.springframework.beans.factory.support.DefaultSingletonBeanRegistry.destroySingletons(DefaultSingletonBeanRegistry.java:705)
	at org.springframework.beans.factory.support.DefaultListableBeanFactory.destroySingletons(DefaultListableBeanFactory.java:1466)
	at org.springframework.context.support.AbstractApplicationContext.destroyBeans(AbstractApplicationContext.java:1219)
	at org.springframework.context.support.AbstractApplicationContext.doClose(AbstractApplicationContext.java:1180)
	at org.springframework.boot.web.servlet.context.ServletWebServerApplicationContext.doClose(ServletWebServerApplicationContext.java:179)
	at org.springframework.context.support.AbstractApplicationContext.close(AbstractApplicationContext.java:1126)
	at org.springframework.boot.SpringApplicationShutdownHook.closeAndWait(SpringApplicationShutdownHook.java:147)
	at java.base/java.lang.Iterable.forEach(Iterable.java:75)
	at org.springframework.boot.SpringApplicationShutdownHook.run(SpringApplicationShutdownHook.java:116)
	at java.base/java.lang.Thread.run(Thread.java:842)
11:51:44.922 [c782d69a-32a1-42bb-a4a2-2de8cf31ed3d] ERROR c.g.c.c.l.TransactionLoggingFilter - Exception during filter chain: Handler dispatch failed: java.lang.NoSuchMethodError: 'io.swagger.v3.oas.annotations.media.Schema$SchemaResolution io.swagger.v3.oas.annotations.media.Schema.schemaResolution()'
jakarta.servlet.ServletException: Handler dispatch failed: java.lang.NoSuchMethodError: 'io.swagger.v3.oas.annotations.media.Schema$SchemaResolution io.swagger.v3.oas.annotations.media.Schema.schemaResolution()'
	at org.springframework.web.servlet.DispatcherServlet.doDispatch(DispatcherServlet.java:1104)
	at org.springframework.web.servlet.DispatcherServlet.doService(DispatcherServlet.java:979)
	at org.springframework.web.servlet.FrameworkServlet.processRequest(FrameworkServlet.java:1014)
	at org.springframework.web.servlet.FrameworkServlet.doGet(FrameworkServlet.java:903)
	at jakarta.servlet.http.HttpServlet.service(HttpServlet.java:564)
	at org.springframework.web.servlet.FrameworkServlet.service(FrameworkServlet.java:885)
	at jakarta.servlet.http.HttpServlet.service(HttpServlet.java:658)
	at org.apache.catalina.core.ApplicationFilterChain.internalDoFilter(ApplicationFilterChain.java:195)
	at org.apache.catalina.core.ApplicationFilterChain.doFilter(ApplicationFilterChain.java:140)
	at org.apache.tomcat.websocket.server.WsFilter.doFilter(WsFilter.java:51)
	at org.apache.catalina.core.ApplicationFilterChain.internalDoFilter(ApplicationFilterChain.java:164)
	at org.apache.catalina.core.ApplicationFilterChain.doFilter(ApplicationFilterChain.java:140)
	at org.springframework.web.filter.OncePerRequestFilter.doFilter(OncePerRequestFilter.java:110)
	at org.apache.catalina.core.ApplicationFilterChain.internalDoFilter(ApplicationFilterChain.java:164)
	at org.apache.catalina.core.ApplicationFilterChain.doFilter(ApplicationFilterChain.java:140)
	at com.gym.crm.core.logging.TransactionLoggingFilter.doFilterInternal(TransactionLoggingFilter.java:41)
	at org.springframework.web.filter.OncePerRequestFilter.doFilter(OncePerRequestFilter.java:116)
	at org.apache.catalina.core.ApplicationFilterChain.internalDoFilter(ApplicationFilterChain.java:164)
	at org.apache.catalina.core.ApplicationFilterChain.doFilter(ApplicationFilterChain.java:140)
	at org.springframework.web.filter.CompositeFilter$VirtualFilterChain.doFilter(CompositeFilter.java:108)
	at org.springframework.security.web.FilterChainProxy.lambda$doFilterInternal$3(FilterChainProxy.java:231)
	at org.springframework.security.web.ObservationFilterChainDecorator$FilterObservation$SimpleFilterObservation.lambda$wrap$1(ObservationFilterChainDecorator.java:479)
	at org.springframework.security.web.ObservationFilterChainDecorator$AroundFilterObservation$SimpleAroundFilterObservation.lambda$wrap$1(ObservationFilterChainDecorator.java:340)
	at org.springframework.security.web.ObservationFilterChainDecorator.lambda$wrapSecured$0(ObservationFilterChainDecorator.java:82)
	at org.springframework.security.web.ObservationFilterChainDecorator$VirtualFilterChain.doFilter(ObservationFilterChainDecorator.java:128)
	at org.springframework.security.web.access.intercept.AuthorizationFilter.doFilter(AuthorizationFilter.java:101)
	at org.springframework.security.web.ObservationFilterChainDecorator$ObservationFilter.wrapFilter(ObservationFilterChainDecorator.java:240)
	at org.springframework.security.web.ObservationFilterChainDecorator$ObservationFilter.doFilter(ObservationFilterChainDecorator.java:227)
	at org.springframework.security.web.ObservationFilterChainDecorator$VirtualFilterChain.doFilter(ObservationFilterChainDecorator.java:137)
	at org.springframework.security.web.access.ExceptionTranslationFilter.doFilter(ExceptionTranslationFilter.java:126)
	at org.springframework.security.web.access.ExceptionTranslationFilter.doFilter(ExceptionTranslationFilter.java:120)
	at org.springframework.security.web.ObservationFilterChainDecorator$ObservationFilter.wrapFilter(ObservationFilterChainDecorator.java:240)
	at org.springframework.security.web.ObservationFilterChainDecorator$ObservationFilter.doFilter(ObservationFilterChainDecorator.java:227)
	at org.springframework.security.web.ObservationFilterChainDecorator$VirtualFilterChain.doFilter(ObservationFilterChainDecorator.java:137)
	at org.springframework.security.web.session.SessionManagementFilter.doFilter(SessionManagementFilter.java:131)
	at org.springframework.security.web.session.SessionManagementFilter.doFilter(SessionManagementFilter.java:85)
	at org.springframework.security.web.ObservationFilterChainDecorator$ObservationFilter.wrapFilter(ObservationFilterChainDecorator.java:240)
	at org.springframework.security.web.ObservationFilterChainDecorator$ObservationFilter.doFilter(ObservationFilterChainDecorator.java:227)
	at org.springframework.security.web.ObservationFilterChainDecorator$VirtualFilterChain.doFilter(ObservationFilterChainDecorator.java:137)
	at org.springframework.security.web.authentication.AnonymousAuthenticationFilter.doFilter(AnonymousAuthenticationFilter.java:100)
	at org.springframework.security.web.ObservationFilterChainDecorator$ObservationFilter.wrapFilter(ObservationFilterChainDecorator.java:240)
	at org.springframework.security.web.ObservationFilterChainDecorator$ObservationFilter.doFilter(ObservationFilterChainDecorator.java:227)
	at org.springframework.security.web.ObservationFilterChainDecorator$VirtualFilterChain.doFilter(ObservationFilterChainDecorator.java:137)
	at org.springframework.security.web.servletapi.SecurityContextHolderAwareRequestFilter.doFilter(SecurityContextHolderAwareRequestFilter.java:179)
	at org.springframework.security.web.ObservationFilterChainDecorator$ObservationFilter.wrapFilter(ObservationFilterChainDecorator.java:240)
	at org.springframework.security.web.ObservationFilterChainDecorator$ObservationFilter.doFilter(ObservationFilterChainDecorator.java:227)
	at org.springframework.security.web.ObservationFilterChainDecorator$VirtualFilterChain.doFilter(ObservationFilterChainDecorator.java:137)
	at org.springframework.security.web.savedrequest.RequestCacheAwareFilter.doFilter(RequestCacheAwareFilter.java:63)
	at org.springframework.security.web.ObservationFilterChainDecorator$ObservationFilter.wrapFilter(ObservationFilterChainDecorator.java:240)
	at org.springframework.security.web.ObservationFilterChainDecorator$ObservationFilter.doFilter(ObservationFilterChainDecorator.java:227)
	at org.springframework.security.web.ObservationFilterChainDecorator$VirtualFilterChain.doFilter(ObservationFilterChainDecorator.java:137)
	at com.gym.crm.core.security.jwt.JwtAuthenticationFilter.doFilterInternal(JwtAuthenticationFilter.java:36)
	at org.springframework.web.filter.OncePerRequestFilter.doFilter(OncePerRequestFilter.java:116)
	at org.springframework.security.web.ObservationFilterChainDecorator$ObservationFilter.wrapFilter(ObservationFilterChainDecorator.java:240)
	at org.springframework.security.web.ObservationFilterChainDecorator$ObservationFilter.doFilter(ObservationFilterChainDecorator.java:227)
	at org.springframework.security.web.ObservationFilterChainDecorator$VirtualFilterChain.doFilter(ObservationFilterChainDecorator.java:137)
	at org.springframework.security.web.authentication.logout.LogoutFilter.doFilter(LogoutFilter.java:107)
	at org.springframework.security.web.authentication.logout.LogoutFilter.doFilter(LogoutFilter.java:93)
	at org.springframework.security.web.ObservationFilterChainDecorator$ObservationFilter.wrapFilter(ObservationFilterChainDecorator.java:240)
	at org.springframework.security.web.ObservationFilterChainDecorator$ObservationFilter.doFilter(ObservationFilterChainDecorator.java:227)
	at org.springframework.security.web.ObservationFilterChainDecorator$VirtualFilterChain.doFilter(ObservationFilterChainDecorator.java:137)
	at org.springframework.web.filter.CorsFilter.doFilterInternal(CorsFilter.java:91)
	at org.springframework.web.filter.OncePerRequestFilter.doFilter(OncePerRequestFilter.java:116)
	at org.springframework.security.web.ObservationFilterChainDecorator$ObservationFilter.wrapFilter(ObservationFilterChainDecorator.java:240)
	at org.springframework.security.web.ObservationFilterChainDecorator$ObservationFilter.doFilter(ObservationFilterChainDecorator.java:227)
	at org.springframework.security.web.ObservationFilterChainDecorator$VirtualFilterChain.doFilter(ObservationFilterChainDecorator.java:137)
	at org.springframework.security.web.header.HeaderWriterFilter.doHeadersAfter(HeaderWriterFilter.java:90)
	at org.springframework.security.web.header.HeaderWriterFilter.doFilterInternal(HeaderWriterFilter.java:75)
	at org.springframework.web.filter.OncePerRequestFilter.doFilter(OncePerRequestFilter.java:116)
	at org.springframework.security.web.ObservationFilterChainDecorator$ObservationFilter.wrapFilter(ObservationFilterChainDecorator.java:240)
	at org.springframework.security.web.ObservationFilterChainDecorator$ObservationFilter.doFilter(ObservationFilterChainDecorator.java:227)
	at org.springframework.security.web.ObservationFilterChainDecorator$VirtualFilterChain.doFilter(ObservationFilterChainDecorator.java:137)
	at org.springframework.security.web.context.SecurityContextHolderFilter.doFilter(SecurityContextHolderFilter.java:82)
	at org.springframework.security.web.context.SecurityContextHolderFilter.doFilter(SecurityContextHolderFilter.java:69)
	at org.springframework.security.web.ObservationFilterChainDecorator$ObservationFilter.wrapFilter(ObservationFilterChainDecorator.java:240)
	at org.springframework.security.web.ObservationFilterChainDecorator$ObservationFilter.doFilter(ObservationFilterChainDecorator.java:227)
	at org.springframework.security.web.ObservationFilterChainDecorator$VirtualFilterChain.doFilter(ObservationFilterChainDecorator.java:137)
	at org.springframework.security.web.context.request.async.WebAsyncManagerIntegrationFilter.doFilterInternal(WebAsyncManagerIntegrationFilter.java:62)
	at org.springframework.web.filter.OncePerRequestFilter.doFilter(OncePerRequestFilter.java:116)
	at org.springframework.security.web.ObservationFilterChainDecorator$ObservationFilter.wrapFilter(ObservationFilterChainDecorator.java:240)
	at org.springframework.security.web.ObservationFilterChainDecorator$ObservationFilter.doFilter(ObservationFilterChainDecorator.java:227)
	at org.springframework.security.web.ObservationFilterChainDecorator$VirtualFilterChain.doFilter(ObservationFilterChainDecorator.java:137)
	at org.springframework.security.web.session.DisableEncodeUrlFilter.doFilterInternal(DisableEncodeUrlFilter.java:42)
	at org.springframework.web.filter.OncePerRequestFilter.doFilter(OncePerRequestFilter.java:116)
	at org.springframework.security.web.ObservationFilterChainDecorator$ObservationFilter.wrapFilter(ObservationFilterChainDecorator.java:240)
	at org.springframework.security.web.ObservationFilterChainDecorator$AroundFilterObservation$SimpleAroundFilterObservation.lambda$wrap$0(ObservationFilterChainDecorator.java:323)
	at org.springframework.security.web.ObservationFilterChainDecorator$ObservationFilter.doFilter(ObservationFilterChainDecorator.java:224)
	at org.springframework.security.web.ObservationFilterChainDecorator$VirtualFilterChain.doFilter(ObservationFilterChainDecorator.java:137)
	at org.springframework.security.web.FilterChainProxy.doFilterInternal(FilterChainProxy.java:233)
	at org.springframework.security.web.FilterChainProxy.doFilter(FilterChainProxy.java:191)
	at org.springframework.web.filter.CompositeFilter$VirtualFilterChain.doFilter(CompositeFilter.java:113)
	at org.springframework.web.servlet.handler.HandlerMappingIntrospector.lambda$createCacheFilter$3(HandlerMappingIntrospector.java:243)
	at org.springframework.web.filter.CompositeFilter$VirtualFilterChain.doFilter(CompositeFilter.java:113)
	at org.springframework.web.filter.CompositeFilter.doFilter(CompositeFilter.java:74)
	at org.springframework.security.config.annotation.web.configuration.WebMvcSecurityConfiguration$CompositeFilterChainProxy.doFilter(WebMvcSecurityConfiguration.java:238)
	at org.springframework.web.filter.DelegatingFilterProxy.invokeDelegate(DelegatingFilterProxy.java:362)
	at org.springframework.web.filter.DelegatingFilterProxy.doFilter(DelegatingFilterProxy.java:278)
	at org.apache.catalina.core.ApplicationFilterChain.internalDoFilter(ApplicationFilterChain.java:164)
	at org.apache.catalina.core.ApplicationFilterChain.doFilter(ApplicationFilterChain.java:140)
	at org.springframework.web.filter.RequestContextFilter.doFilterInternal(RequestContextFilter.java:100)
	at org.springframework.web.filter.OncePerRequestFilter.doFilter(OncePerRequestFilter.java:116)
	at org.apache.catalina.core.ApplicationFilterChain.internalDoFilter(ApplicationFilterChain.java:164)
	at org.apache.catalina.core.ApplicationFilterChain.doFilter(ApplicationFilterChain.java:140)
	at org.springframework.web.filter.FormContentFilter.doFilterInternal(FormContentFilter.java:93)
	at org.springframework.web.filter.OncePerRequestFilter.doFilter(OncePerRequestFilter.java:116)
	at org.apache.catalina.core.ApplicationFilterChain.internalDoFilter(ApplicationFilterChain.java:164)
	at org.apache.catalina.core.ApplicationFilterChain.doFilter(ApplicationFilterChain.java:140)
	at org.springframework.web.filter.ServerHttpObservationFilter.doFilterInternal(ServerHttpObservationFilter.java:114)
	at org.springframework.web.filter.OncePerRequestFilter.doFilter(OncePerRequestFilter.java:116)
	at org.apache.catalina.core.ApplicationFilterChain.internalDoFilter(ApplicationFilterChain.java:164)
	at org.apache.catalina.core.ApplicationFilterChain.doFilter(ApplicationFilterChain.java:140)
	at org.springframework.web.filter.CharacterEncodingFilter.doFilterInternal(CharacterEncodingFilter.java:201)
	at org.springframework.web.filter.OncePerRequestFilter.doFilter(OncePerRequestFilter.java:116)
	at org.apache.catalina.core.ApplicationFilterChain.internalDoFilter(ApplicationFilterChain.java:164)
	at org.apache.catalina.core.ApplicationFilterChain.doFilter(ApplicationFilterChain.java:140)
	at org.apache.catalina.core.StandardWrapperValve.invoke(StandardWrapperValve.java:167)
	at org.apache.catalina.core.StandardContextValve.invoke(StandardContextValve.java:90)
	at org.apache.catalina.authenticator.AuthenticatorBase.invoke(AuthenticatorBase.java:483)
	at org.apache.catalina.core.StandardHostValve.invoke(StandardHostValve.java:116)
	at org.apache.catalina.valves.ErrorReportValve.invoke(ErrorReportValve.java:93)
	at org.apache.catalina.core.StandardEngineValve.invoke(StandardEngineValve.java:74)
	at org.apache.catalina.connector.CoyoteAdapter.service(CoyoteAdapter.java:344)
	at org.apache.coyote.http11.Http11Processor.service(Http11Processor.java:398)
	at org.apache.coyote.AbstractProcessorLight.process(AbstractProcessorLight.java:63)
	at org.apache.coyote.AbstractProtocol$ConnectionHandler.process(AbstractProtocol.java:903)
	at org.apache.tomcat.util.net.NioEndpoint$SocketProcessor.doRun(NioEndpoint.java:1740)
	at org.apache.tomcat.util.net.SocketProcessorBase.run(SocketProcessorBase.java:52)
	at org.apache.tomcat.util.threads.ThreadPoolExecutor.runWorker(ThreadPoolExecutor.java:1189)
	at org.apache.tomcat.util.threads.ThreadPoolExecutor$Worker.run(ThreadPoolExecutor.java:658)
	at org.apache.tomcat.util.threads.TaskThread$WrappingRunnable.run(TaskThread.java:63)
	at java.base/java.lang.Thread.run(Thread.java:842)
Caused by: java.lang.NoSuchMethodError: 'io.swagger.v3.oas.annotations.media.Schema$SchemaResolution io.swagger.v3.oas.annotations.media.Schema.schemaResolution()'
	at io.swagger.v3.core.util.AnnotationsUtils.resolveSchemaResolution(AnnotationsUtils.java:2905)
	at io.swagger.v3.core.jackson.ModelResolver.resolve(ModelResolver.java:752)
	at org.springdoc.core.converters.WebFluxSupportConverter.resolve(WebFluxSupportConverter.java:89)
	at org.springdoc.core.converters.AdditionalModelsConverter.resolve(AdditionalModelsConverter.java:176)
	at org.springdoc.core.converters.FileSupportConverter.resolve(FileSupportConverter.java:72)
	at org.springdoc.core.converters.ResponseSupportConverter.resolve(ResponseSupportConverter.java:87)
	at org.springdoc.core.converters.SchemaPropertyDeprecatingConverter.resolve(SchemaPropertyDeprecatingConverter.java:95)
	at org.springdoc.core.converters.PolymorphicModelConverter.resolve(PolymorphicModelConverter.java:148)
	at org.springdoc.core.converters.PageableOpenAPIConverter.resolve(PageableOpenAPIConverter.java:97)
	at org.springdoc.core.converters.PageOpenAPIConverter.resolve(PageOpenAPIConverter.java:102)
	at org.springdoc.core.converters.SortOpenAPIConverter.resolve(SortOpenAPIConverter.java:92)
	at io.swagger.v3.core.converter.ModelConverterContextImpl.resolve(ModelConverterContextImpl.java:97)
	at org.springdoc.core.converters.ResponseSupportConverter.resolve(ResponseSupportConverter.java:79)
	at org.springdoc.core.converters.SchemaPropertyDeprecatingConverter.resolve(SchemaPropertyDeprecatingConverter.java:95)
	at org.springdoc.core.converters.PolymorphicModelConverter.resolve(PolymorphicModelConverter.java:148)
	at org.springdoc.core.converters.PageableOpenAPIConverter.resolve(PageableOpenAPIConverter.java:97)
	at org.springdoc.core.converters.PageOpenAPIConverter.resolve(PageOpenAPIConverter.java:102)
	at org.springdoc.core.converters.SortOpenAPIConverter.resolve(SortOpenAPIConverter.java:92)
	at io.swagger.v3.core.converter.ModelConverterContextImpl.resolve(ModelConverterContextImpl.java:97)
	at org.springdoc.core.utils.SpringDocAnnotationsUtils.resolveAsResolvedSchema(SpringDocAnnotationsUtils.java:538)
	at org.springdoc.core.utils.SpringDocAnnotationsUtils.extractSchema(SpringDocAnnotationsUtils.java:151)
	at org.springdoc.core.service.GenericResponseService.calculateSchema(GenericResponseService.java:579)
	at org.springdoc.core.service.GenericResponseService.buildContent(GenericResponseService.java:557)
	at org.springdoc.core.service.GenericResponseService.buildContent(GenericResponseService.java:538)
	at org.springdoc.core.service.GenericResponseService.buildApiResponses(GenericResponseService.java:611)
	at org.springdoc.core.service.GenericResponseService.buildApiResponses(GenericResponseService.java:492)
	at org.springdoc.core.service.GenericResponseService.build(GenericResponseService.java:268)
	at org.springdoc.api.AbstractOpenApiResource.calculatePath(AbstractOpenApiResource.java:627)
	at org.springdoc.api.AbstractOpenApiResource.calculatePath(AbstractOpenApiResource.java:816)
	at org.springdoc.webmvc.api.OpenApiResource.lambda$calculatePath$13(OpenApiResource.java:227)
	at java.base/java.util.Optional.ifPresent(Optional.java:178)
	at org.springdoc.webmvc.api.OpenApiResource.calculatePath(OpenApiResource.java:208)
	at org.springdoc.webmvc.api.OpenApiResource.lambda$getPaths$4(OpenApiResource.java:178)
	at java.base/java.util.Optional.ifPresent(Optional.java:178)
	at org.springdoc.webmvc.api.OpenApiResource.getPaths(OpenApiResource.java:152)
	at org.springdoc.api.AbstractOpenApiResource.getOpenApi(AbstractOpenApiResource.java:374)
	at org.springdoc.webmvc.api.OpenApiResource.openapiJson(OpenApiResource.java:127)
	at org.springdoc.webmvc.api.OpenApiWebMvcResource.openapiJson(OpenApiWebMvcResource.java:117)
	at java.base/jdk.internal.reflect.NativeMethodAccessorImpl.invoke0(Native Method)
	at java.base/jdk.internal.reflect.NativeMethodAccessorImpl.invoke(NativeMethodAccessorImpl.java:77)
	at java.base/jdk.internal.reflect.DelegatingMethodAccessorImpl.invoke(DelegatingMethodAccessorImpl.java:43)
	at java.base/java.lang.reflect.Method.invoke(Method.java:568)
	at org.springframework.web.method.support.InvocableHandlerMethod.doInvoke(InvocableHandlerMethod.java:258)
	at org.springframework.web.method.support.InvocableHandlerMethod.invokeForRequest(InvocableHandlerMethod.java:191)
	at org.springframework.web.servlet.mvc.method.annotation.ServletInvocableHandlerMethod.invokeAndHandle(ServletInvocableHandlerMethod.java:118)
	at org.springframework.web.servlet.mvc.method.annotation.RequestMappingHandlerAdapter.invokeHandlerMethod(RequestMappingHandlerAdapter.java:986)
	at org.springframework.web.servlet.mvc.method.annotation.RequestMappingHandlerAdapter.handleInternal(RequestMappingHandlerAdapter.java:891)
	at org.springframework.web.servlet.mvc.method.AbstractHandlerMethodAdapter.handle(AbstractHandlerMethodAdapter.java:87)
	at org.springframework.web.servlet.DispatcherServlet.doDispatch(DispatcherServlet.java:1089)
	... 130 common frames omitted
11:51:44.923 [] ERROR o.a.c.c.C.[.[.[.[dispatcherServlet] - Servlet.service() for servlet [dispatcherServlet] in context with path [] threw exception [Handler dispatch failed: java.lang.NoSuchMethodError: 'io.swagger.v3.oas.annotations.media.Schema$SchemaResolution io.swagger.v3.oas.annotations.media.Schema.schemaResolution()'] with root cause
java.lang.NoSuchMethodError: 'io.swagger.v3.oas.annotations.media.Schema$SchemaResolution io.swagger.v3.oas.annotations.media.Schema.schemaResolution()'
	at io.swagger.v3.core.util.AnnotationsUtils.resolveSchemaResolution(AnnotationsUtils.java:2905)
	at io.swagger.v3.core.jackson.ModelResolver.resolve(ModelResolver.java:752)
	at org.springdoc.core.converters.WebFluxSupportConverter.resolve(WebFluxSupportConverter.java:89)
	at org.springdoc.core.converters.AdditionalModelsConverter.resolve(AdditionalModelsConverter.java:176)
	at org.springdoc.core.converters.FileSupportConverter.resolve(FileSupportConverter.java:72)
	at org.springdoc.core.converters.ResponseSupportConverter.resolve(ResponseSupportConverter.java:87)
	at org.springdoc.core.converters.SchemaPropertyDeprecatingConverter.resolve(SchemaPropertyDeprecatingConverter.java:95)
	at org.springdoc.core.converters.PolymorphicModelConverter.resolve(PolymorphicModelConverter.java:148)
	at org.springdoc.core.converters.PageableOpenAPIConverter.resolve(PageableOpenAPIConverter.java:97)
	at org.springdoc.core.converters.PageOpenAPIConverter.resolve(PageOpenAPIConverter.java:102)
	at org.springdoc.core.converters.SortOpenAPIConverter.resolve(SortOpenAPIConverter.java:92)
	at io.swagger.v3.core.converter.ModelConverterContextImpl.resolve(ModelConverterContextImpl.java:97)
	at org.springdoc.core.converters.ResponseSupportConverter.resolve(ResponseSupportConverter.java:79)
	at org.springdoc.core.converters.SchemaPropertyDeprecatingConverter.resolve(SchemaPropertyDeprecatingConverter.java:95)
	at org.springdoc.core.converters.PolymorphicModelConverter.resolve(PolymorphicModelConverter.java:148)
	at org.springdoc.core.converters.PageableOpenAPIConverter.resolve(PageableOpenAPIConverter.java:97)
	at org.springdoc.core.converters.PageOpenAPIConverter.resolve(PageOpenAPIConverter.java:102)
	at org.springdoc.core.converters.SortOpenAPIConverter.resolve(SortOpenAPIConverter.java:92)
	at io.swagger.v3.core.converter.ModelConverterContextImpl.resolve(ModelConverterContextImpl.java:97)
	at org.springdoc.core.utils.SpringDocAnnotationsUtils.resolveAsResolvedSchema(SpringDocAnnotationsUtils.java:538)
	at org.springdoc.core.utils.SpringDocAnnotationsUtils.extractSchema(SpringDocAnnotationsUtils.java:151)
	at org.springdoc.core.service.GenericResponseService.calculateSchema(GenericResponseService.java:579)
	at org.springdoc.core.service.GenericResponseService.buildContent(GenericResponseService.java:557)
	at org.springdoc.core.service.GenericResponseService.buildContent(GenericResponseService.java:538)
	at org.springdoc.core.service.GenericResponseService.buildApiResponses(GenericResponseService.java:611)
	at org.springdoc.core.service.GenericResponseService.buildApiResponses(GenericResponseService.java:492)
	at org.springdoc.core.service.GenericResponseService.build(GenericResponseService.java:268)
	at org.springdoc.api.AbstractOpenApiResource.calculatePath(AbstractOpenApiResource.java:627)
	at org.springdoc.api.AbstractOpenApiResource.calculatePath(AbstractOpenApiResource.java:816)
	at org.springdoc.webmvc.api.OpenApiResource.lambda$calculatePath$13(OpenApiResource.java:227)
	at java.base/java.util.Optional.ifPresent(Optional.java:178)
	at org.springdoc.webmvc.api.OpenApiResource.calculatePath(OpenApiResource.java:208)
	at org.springdoc.webmvc.api.OpenApiResource.lambda$getPaths$4(OpenApiResource.java:178)
	at java.base/java.util.Optional.ifPresent(Optional.java:178)
	at org.springdoc.webmvc.api.OpenApiResource.getPaths(OpenApiResource.java:152)
	at org.springdoc.api.AbstractOpenApiResource.getOpenApi(AbstractOpenApiResource.java:374)
	at org.springdoc.webmvc.api.OpenApiResource.openapiJson(OpenApiResource.java:127)
	at org.springdoc.webmvc.api.OpenApiWebMvcResource.openapiJson(OpenApiWebMvcResource.java:117)
	at java.base/jdk.internal.reflect.NativeMethodAccessorImpl.invoke0(Native Method)
	at java.base/jdk.internal.reflect.NativeMethodAccessorImpl.invoke(NativeMethodAccessorImpl.java:77)
	at java.base/jdk.internal.reflect.DelegatingMethodAccessorImpl.invoke(DelegatingMethodAccessorImpl.java:43)
	at java.base/java.lang.reflect.Method.invoke(Method.java:568)
	at org.springframework.web.method.support.InvocableHandlerMethod.doInvoke(InvocableHandlerMethod.java:258)
	at org.springframework.web.method.support.InvocableHandlerMethod.invokeForRequest(InvocableHandlerMethod.java:191)
	at org.springframework.web.servlet.mvc.method.annotation.ServletInvocableHandlerMethod.invokeAndHandle(ServletInvocableHandlerMethod.java:118)
	at org.springframework.web.servlet.mvc.method.annotation.RequestMappingHandlerAdapter.invokeHandlerMethod(RequestMappingHandlerAdapter.java:986)
	at org.springframework.web.servlet.mvc.method.annotation.RequestMappingHandlerAdapter.handleInternal(RequestMappingHandlerAdapter.java:891)
	at org.springframework.web.servlet.mvc.method.AbstractHandlerMethodAdapter.handle(AbstractHandlerMethodAdapter.java:87)
	at org.springframework.web.servlet.DispatcherServlet.doDispatch(DispatcherServlet.java:1089)
	at org.springframework.web.servlet.DispatcherServlet.doService(DispatcherServlet.java:979)
	at org.springframework.web.servlet.FrameworkServlet.processRequest(FrameworkServlet.java:1014)
	at org.springframework.web.servlet.FrameworkServlet.doGet(FrameworkServlet.java:903)
	at jakarta.servlet.http.HttpServlet.service(HttpServlet.java:564)
	at org.springframework.web.servlet.FrameworkServlet.service(FrameworkServlet.java:885)
	at jakarta.servlet.http.HttpServlet.service(HttpServlet.java:658)
	at org.apache.catalina.core.ApplicationFilterChain.internalDoFilter(ApplicationFilterChain.java:195)
	at org.apache.catalina.core.ApplicationFilterChain.doFilter(ApplicationFilterChain.java:140)
	at org.apache.tomcat.websocket.server.WsFilter.doFilter(WsFilter.java:51)
	at org.apache.catalina.core.ApplicationFilterChain.internalDoFilter(ApplicationFilterChain.java:164)
	at org.apache.catalina.core.ApplicationFilterChain.doFilter(ApplicationFilterChain.java:140)
	at org.springframework.web.filter.OncePerRequestFilter.doFilter(OncePerRequestFilter.java:110)
	at org.apache.catalina.core.ApplicationFilterChain.internalDoFilter(ApplicationFilterChain.java:164)
	at org.apache.catalina.core.ApplicationFilterChain.doFilter(ApplicationFilterChain.java:140)
	at com.gym.crm.core.logging.TransactionLoggingFilter.doFilterInternal(TransactionLoggingFilter.java:41)
	at org.springframework.web.filter.OncePerRequestFilter.doFilter(OncePerRequestFilter.java:116)
	at org.apache.catalina.core.ApplicationFilterChain.internalDoFilter(ApplicationFilterChain.java:164)
	at org.apache.catalina.core.ApplicationFilterChain.doFilter(ApplicationFilterChain.java:140)
	at org.springframework.web.filter.CompositeFilter$VirtualFilterChain.doFilter(CompositeFilter.java:108)
	at org.springframework.security.web.FilterChainProxy.lambda$doFilterInternal$3(FilterChainProxy.java:231)
	at org.springframework.security.web.ObservationFilterChainDecorator$FilterObservation$SimpleFilterObservation.lambda$wrap$1(ObservationFilterChainDecorator.java:479)
	at org.springframework.security.web.ObservationFilterChainDecorator$AroundFilterObservation$SimpleAroundFilterObservation.lambda$wrap$1(ObservationFilterChainDecorator.java:340)
	at org.springframework.security.web.ObservationFilterChainDecorator.lambda$wrapSecured$0(ObservationFilterChainDecorator.java:82)
	at org.springframework.security.web.ObservationFilterChainDecorator$VirtualFilterChain.doFilter(ObservationFilterChainDecorator.java:128)
	at org.springframework.security.web.access.intercept.AuthorizationFilter.doFilter(AuthorizationFilter.java:101)
	at org.springframework.security.web.ObservationFilterChainDecorator$ObservationFilter.wrapFilter(ObservationFilterChainDecorator.java:240)
	at org.springframework.security.web.ObservationFilterChainDecorator$ObservationFilter.doFilter(ObservationFilterChainDecorator.java:227)
	at org.springframework.security.web.ObservationFilterChainDecorator$VirtualFilterChain.doFilter(ObservationFilterChainDecorator.java:137)
	at org.springframework.security.web.access.ExceptionTranslationFilter.doFilter(ExceptionTranslationFilter.java:126)
	at org.springframework.security.web.access.ExceptionTranslationFilter.doFilter(ExceptionTranslationFilter.java:120)
	at org.springframework.security.web.ObservationFilterChainDecorator$ObservationFilter.wrapFilter(ObservationFilterChainDecorator.java:240)
	at org.springframework.security.web.ObservationFilterChainDecorator$ObservationFilter.doFilter(ObservationFilterChainDecorator.java:227)
	at org.springframework.security.web.ObservationFilterChainDecorator$VirtualFilterChain.doFilter(ObservationFilterChainDecorator.java:137)
	at org.springframework.security.web.session.SessionManagementFilter.doFilter(SessionManagementFilter.java:131)
	at org.springframework.security.web.session.SessionManagementFilter.doFilter(SessionManagementFilter.java:85)
	at org.springframework.security.web.ObservationFilterChainDecorator$ObservationFilter.wrapFilter(ObservationFilterChainDecorator.java:240)
	at org.springframework.security.web.ObservationFilterChainDecorator$ObservationFilter.doFilter(ObservationFilterChainDecorator.java:227)
	at org.springframework.security.web.ObservationFilterChainDecorator$VirtualFilterChain.doFilter(ObservationFilterChainDecorator.java:137)
	at org.springframework.security.web.authentication.AnonymousAuthenticationFilter.doFilter(AnonymousAuthenticationFilter.java:100)
	at org.springframework.security.web.ObservationFilterChainDecorator$ObservationFilter.wrapFilter(ObservationFilterChainDecorator.java:240)
	at org.springframework.security.web.ObservationFilterChainDecorator$ObservationFilter.doFilter(ObservationFilterChainDecorator.java:227)
	at org.springframework.security.web.ObservationFilterChainDecorator$VirtualFilterChain.doFilter(ObservationFilterChainDecorator.java:137)
	at org.springframework.security.web.servletapi.SecurityContextHolderAwareRequestFilter.doFilter(SecurityContextHolderAwareRequestFilter.java:179)
	at org.springframework.security.web.ObservationFilterChainDecorator$ObservationFilter.wrapFilter(ObservationFilterChainDecorator.java:240)
	at org.springframework.security.web.ObservationFilterChainDecorator$ObservationFilter.doFilter(ObservationFilterChainDecorator.java:227)
	at org.springframework.security.web.ObservationFilterChainDecorator$VirtualFilterChain.doFilter(ObservationFilterChainDecorator.java:137)
	at org.springframework.security.web.savedrequest.RequestCacheAwareFilter.doFilter(RequestCacheAwareFilter.java:63)
	at org.springframework.security.web.ObservationFilterChainDecorator$ObservationFilter.wrapFilter(ObservationFilterChainDecorator.java:240)
	at org.springframework.security.web.ObservationFilterChainDecorator$ObservationFilter.doFilter(ObservationFilterChainDecorator.java:227)
	at org.springframework.security.web.ObservationFilterChainDecorator$VirtualFilterChain.doFilter(ObservationFilterChainDecorator.java:137)
	at com.gym.crm.core.security.jwt.JwtAuthenticationFilter.doFilterInternal(JwtAuthenticationFilter.java:36)
	at org.springframework.web.filter.OncePerRequestFilter.doFilter(OncePerRequestFilter.java:116)
	at org.springframework.security.web.ObservationFilterChainDecorator$ObservationFilter.wrapFilter(ObservationFilterChainDecorator.java:240)
	at org.springframework.security.web.ObservationFilterChainDecorator$ObservationFilter.doFilter(ObservationFilterChainDecorator.java:227)
	at org.springframework.security.web.ObservationFilterChainDecorator$VirtualFilterChain.doFilter(ObservationFilterChainDecorator.java:137)
	at org.springframework.security.web.authentication.logout.LogoutFilter.doFilter(LogoutFilter.java:107)
	at org.springframework.security.web.authentication.logout.LogoutFilter.doFilter(LogoutFilter.java:93)
	at org.springframework.security.web.ObservationFilterChainDecorator$ObservationFilter.wrapFilter(ObservationFilterChainDecorator.java:240)
	at org.springframework.security.web.ObservationFilterChainDecorator$ObservationFilter.doFilter(ObservationFilterChainDecorator.java:227)
	at org.springframework.security.web.ObservationFilterChainDecorator$VirtualFilterChain.doFilter(ObservationFilterChainDecorator.java:137)
	at org.springframework.web.filter.CorsFilter.doFilterInternal(CorsFilter.java:91)
	at org.springframework.web.filter.OncePerRequestFilter.doFilter(OncePerRequestFilter.java:116)
	at org.springframework.security.web.ObservationFilterChainDecorator$ObservationFilter.wrapFilter(ObservationFilterChainDecorator.java:240)
	at org.springframework.security.web.ObservationFilterChainDecorator$ObservationFilter.doFilter(ObservationFilterChainDecorator.java:227)
	at org.springframework.security.web.ObservationFilterChainDecorator$VirtualFilterChain.doFilter(ObservationFilterChainDecorator.java:137)
	at org.springframework.security.web.header.HeaderWriterFilter.doHeadersAfter(HeaderWriterFilter.java:90)
	at org.springframework.security.web.header.HeaderWriterFilter.doFilterInternal(HeaderWriterFilter.java:75)
	at org.springframework.web.filter.OncePerRequestFilter.doFilter(OncePerRequestFilter.java:116)
	at org.springframework.security.web.ObservationFilterChainDecorator$ObservationFilter.wrapFilter(ObservationFilterChainDecorator.java:240)
	at org.springframework.security.web.ObservationFilterChainDecorator$ObservationFilter.doFilter(ObservationFilterChainDecorator.java:227)
	at org.springframework.security.web.ObservationFilterChainDecorator$VirtualFilterChain.doFilter(ObservationFilterChainDecorator.java:137)
	at org.springframework.security.web.context.SecurityContextHolderFilter.doFilter(SecurityContextHolderFilter.java:82)
	at org.springframework.security.web.context.SecurityContextHolderFilter.doFilter(SecurityContextHolderFilter.java:69)
	at org.springframework.security.web.ObservationFilterChainDecorator$ObservationFilter.wrapFilter(ObservationFilterChainDecorator.java:240)
	at org.springframework.security.web.ObservationFilterChainDecorator$ObservationFilter.doFilter(ObservationFilterChainDecorator.java:227)
	at org.springframework.security.web.ObservationFilterChainDecorator$VirtualFilterChain.doFilter(ObservationFilterChainDecorator.java:137)
	at org.springframework.security.web.context.request.async.WebAsyncManagerIntegrationFilter.doFilterInternal(WebAsyncManagerIntegrationFilter.java:62)
	at org.springframework.web.filter.OncePerRequestFilter.doFilter(OncePerRequestFilter.java:116)
	at org.springframework.security.web.ObservationFilterChainDecorator$ObservationFilter.wrapFilter(ObservationFilterChainDecorator.java:240)
	at org.springframework.security.web.ObservationFilterChainDecorator$ObservationFilter.doFilter(ObservationFilterChainDecorator.java:227)
	at org.springframework.security.web.ObservationFilterChainDecorator$VirtualFilterChain.doFilter(ObservationFilterChainDecorator.java:137)
	at org.springframework.security.web.session.DisableEncodeUrlFilter.doFilterInternal(DisableEncodeUrlFilter.java:42)
	at org.springframework.web.filter.OncePerRequestFilter.doFilter(OncePerRequestFilter.java:116)
	at org.springframework.security.web.ObservationFilterChainDecorator$ObservationFilter.wrapFilter(ObservationFilterChainDecorator.java:240)
	at org.springframework.security.web.ObservationFilterChainDecorator$AroundFilterObservation$SimpleAroundFilterObservation.lambda$wrap$0(ObservationFilterChainDecorator.java:323)
	at org.springframework.security.web.ObservationFilterChainDecorator$ObservationFilter.doFilter(ObservationFilterChainDecorator.java:224)
	at org.springframework.security.web.ObservationFilterChainDecorator$VirtualFilterChain.doFilter(ObservationFilterChainDecorator.java:137)
	at org.springframework.security.web.FilterChainProxy.doFilterInternal(FilterChainProxy.java:233)
	at org.springframework.security.web.FilterChainProxy.doFilter(FilterChainProxy.java:191)
	at org.springframework.web.filter.CompositeFilter$VirtualFilterChain.doFilter(CompositeFilter.java:113)
	at org.springframework.web.servlet.handler.HandlerMappingIntrospector.lambda$createCacheFilter$3(HandlerMappingIntrospector.java:243)
	at org.springframework.web.filter.CompositeFilter$VirtualFilterChain.doFilter(CompositeFilter.java:113)
	at org.springframework.web.filter.CompositeFilter.doFilter(CompositeFilter.java:74)
	at org.springframework.security.config.annotation.web.configuration.WebMvcSecurityConfiguration$CompositeFilterChainProxy.doFilter(WebMvcSecurityConfiguration.java:238)
	at org.springframework.web.filter.DelegatingFilterProxy.invokeDelegate(DelegatingFilterProxy.java:362)
	at org.springframework.web.filter.DelegatingFilterProxy.doFilter(DelegatingFilterProxy.java:278)
	at org.apache.catalina.core.ApplicationFilterChain.internalDoFilter(ApplicationFilterChain.java:164)
	at org.apache.catalina.core.ApplicationFilterChain.doFilter(ApplicationFilterChain.java:140)
	at org.springframework.web.filter.RequestContextFilter.doFilterInternal(RequestContextFilter.java:100)
	at org.springframework.web.filter.OncePerRequestFilter.doFilter(OncePerRequestFilter.java:116)
	at org.apache.catalina.core.ApplicationFilterChain.internalDoFilter(ApplicationFilterChain.java:164)
	at org.apache.catalina.core.ApplicationFilterChain.doFilter(ApplicationFilterChain.java:140)
	at org.springframework.web.filter.FormContentFilter.doFilterInternal(FormContentFilter.java:93)
	at org.springframework.web.filter.OncePerRequestFilter.doFilter(OncePerRequestFilter.java:116)
	at org.apache.catalina.core.ApplicationFilterChain.internalDoFilter(ApplicationFilterChain.java:164)
	at org.apache.catalina.core.ApplicationFilterChain.doFilter(ApplicationFilterChain.java:140)
	at org.springframework.web.filter.ServerHttpObservationFilter.doFilterInternal(ServerHttpObservationFilter.java:114)
	at org.springframework.web.filter.OncePerRequestFilter.doFilter(OncePerRequestFilter.java:116)
	at org.apache.catalina.core.ApplicationFilterChain.internalDoFilter(ApplicationFilterChain.java:164)
	at org.apache.catalina.core.ApplicationFilterChain.doFilter(ApplicationFilterChain.java:140)
	at org.springframework.web.filter.CharacterEncodingFilter.doFilterInternal(CharacterEncodingFilter.java:201)
	at org.springframework.web.filter.OncePerRequestFilter.doFilter(OncePerRequestFilter.java:116)
	at org.apache.catalina.core.ApplicationFilterChain.internalDoFilter(ApplicationFilterChain.java:164)
	at org.apache.catalina.core.ApplicationFilterChain.doFilter(ApplicationFilterChain.java:140)
	at org.apache.catalina.core.StandardWrapperValve.invoke(StandardWrapperValve.java:167)
	at org.apache.catalina.core.StandardContextValve.invoke(StandardContextValve.java:90)
	at org.apache.catalina.authenticator.AuthenticatorBase.invoke(AuthenticatorBase.java:483)
	at org.apache.catalina.core.StandardHostValve.invoke(StandardHostValve.java:116)
	at org.apache.catalina.valves.ErrorReportValve.invoke(ErrorReportValve.java:93)
	at org.apache.catalina.core.StandardEngineValve.invoke(StandardEngineValve.java:74)
	at org.apache.catalina.connector.CoyoteAdapter.service(CoyoteAdapter.java:344)
	at org.apache.coyote.http11.Http11Processor.service(Http11Processor.java:398)
	at org.apache.coyote.AbstractProcessorLight.process(AbstractProcessorLight.java:63)
	at org.apache.coyote.AbstractProtocol$ConnectionHandler.process(AbstractProtocol.java:903)
	at org.apache.tomcat.util.net.NioEndpoint$SocketProcessor.doRun(NioEndpoint.java:1740)
	at org.apache.tomcat.util.net.SocketProcessorBase.run(SocketProcessorBase.java:52)
	at org.apache.tomcat.util.threads.ThreadPoolExecutor.runWorker(ThreadPoolExecutor.java:1189)
	at org.apache.tomcat.util.threads.ThreadPoolExecutor$Worker.run(ThreadPoolExecutor.java:658)
	at org.apache.tomcat.util.threads.TaskThread$WrappingRunnable.run(TaskThread.java:63)
	at java.base/java.lang.Thread.run(Thread.java:842)
12:36:37.808 [] ERROR o.a.c.c.C.[.[.[.[dispatcherServlet] - Servlet.service() for servlet [dispatcherServlet] in context with path [] threw exception
com.gym.crm.core.exception.UnacceptableOperationException: Invalid or expired JWT token
	at com.gym.crm.core.security.jwt.JwtTokenProvider.parseToken(JwtTokenProvider.java:83)
	at com.gym.crm.core.security.jwt.JwtAuthenticationFilter.doFilterInternal(JwtAuthenticationFilter.java:40)
	at org.springframework.web.filter.OncePerRequestFilter.doFilter(OncePerRequestFilter.java:116)
	at org.springframework.security.web.ObservationFilterChainDecorator$ObservationFilter.wrapFilter(ObservationFilterChainDecorator.java:240)
	at org.springframework.security.web.ObservationFilterChainDecorator$ObservationFilter.doFilter(ObservationFilterChainDecorator.java:227)
	at org.springframework.security.web.ObservationFilterChainDecorator$VirtualFilterChain.doFilter(ObservationFilterChainDecorator.java:137)
	at org.springframework.security.web.authentication.logout.LogoutFilter.doFilter(LogoutFilter.java:107)
	at org.springframework.security.web.authentication.logout.LogoutFilter.doFilter(LogoutFilter.java:93)
	at org.springframework.security.web.ObservationFilterChainDecorator$ObservationFilter.wrapFilter(ObservationFilterChainDecorator.java:240)
	at org.springframework.security.web.ObservationFilterChainDecorator$ObservationFilter.doFilter(ObservationFilterChainDecorator.java:227)
	at org.springframework.security.web.ObservationFilterChainDecorator$VirtualFilterChain.doFilter(ObservationFilterChainDecorator.java:137)
	at org.springframework.web.filter.CorsFilter.doFilterInternal(CorsFilter.java:91)
	at org.springframework.web.filter.OncePerRequestFilter.doFilter(OncePerRequestFilter.java:116)
	at org.springframework.security.web.ObservationFilterChainDecorator$ObservationFilter.wrapFilter(ObservationFilterChainDecorator.java:240)
	at org.springframework.security.web.ObservationFilterChainDecorator$ObservationFilter.doFilter(ObservationFilterChainDecorator.java:227)
	at org.springframework.security.web.ObservationFilterChainDecorator$VirtualFilterChain.doFilter(ObservationFilterChainDecorator.java:137)
	at org.springframework.security.web.header.HeaderWriterFilter.doHeadersAfter(HeaderWriterFilter.java:90)
	at org.springframework.security.web.header.HeaderWriterFilter.doFilterInternal(HeaderWriterFilter.java:75)
	at org.springframework.web.filter.OncePerRequestFilter.doFilter(OncePerRequestFilter.java:116)
	at org.springframework.security.web.ObservationFilterChainDecorator$ObservationFilter.wrapFilter(ObservationFilterChainDecorator.java:240)
	at org.springframework.security.web.ObservationFilterChainDecorator$ObservationFilter.doFilter(ObservationFilterChainDecorator.java:227)
	at org.springframework.security.web.ObservationFilterChainDecorator$VirtualFilterChain.doFilter(ObservationFilterChainDecorator.java:137)
	at org.springframework.security.web.context.SecurityContextHolderFilter.doFilter(SecurityContextHolderFilter.java:82)
	at org.springframework.security.web.context.SecurityContextHolderFilter.doFilter(SecurityContextHolderFilter.java:69)
	at org.springframework.security.web.ObservationFilterChainDecorator$ObservationFilter.wrapFilter(ObservationFilterChainDecorator.java:240)
	at org.springframework.security.web.ObservationFilterChainDecorator$ObservationFilter.doFilter(ObservationFilterChainDecorator.java:227)
	at org.springframework.security.web.ObservationFilterChainDecorator$VirtualFilterChain.doFilter(ObservationFilterChainDecorator.java:137)
	at org.springframework.security.web.context.request.async.WebAsyncManagerIntegrationFilter.doFilterInternal(WebAsyncManagerIntegrationFilter.java:62)
	at org.springframework.web.filter.OncePerRequestFilter.doFilter(OncePerRequestFilter.java:116)
	at org.springframework.security.web.ObservationFilterChainDecorator$ObservationFilter.wrapFilter(ObservationFilterChainDecorator.java:240)
	at org.springframework.security.web.ObservationFilterChainDecorator$ObservationFilter.doFilter(ObservationFilterChainDecorator.java:227)
	at org.springframework.security.web.ObservationFilterChainDecorator$VirtualFilterChain.doFilter(ObservationFilterChainDecorator.java:137)
	at org.springframework.security.web.session.DisableEncodeUrlFilter.doFilterInternal(DisableEncodeUrlFilter.java:42)
	at org.springframework.web.filter.OncePerRequestFilter.doFilter(OncePerRequestFilter.java:116)
	at org.springframework.security.web.ObservationFilterChainDecorator$ObservationFilter.wrapFilter(ObservationFilterChainDecorator.java:240)
	at org.springframework.security.web.ObservationFilterChainDecorator$AroundFilterObservation$SimpleAroundFilterObservation.lambda$wrap$0(ObservationFilterChainDecorator.java:323)
	at org.springframework.security.web.ObservationFilterChainDecorator$ObservationFilter.doFilter(ObservationFilterChainDecorator.java:224)
	at org.springframework.security.web.ObservationFilterChainDecorator$VirtualFilterChain.doFilter(ObservationFilterChainDecorator.java:137)
	at org.springframework.security.web.FilterChainProxy.doFilterInternal(FilterChainProxy.java:233)
	at org.springframework.security.web.FilterChainProxy.doFilter(FilterChainProxy.java:191)
	at org.springframework.web.filter.CompositeFilter$VirtualFilterChain.doFilter(CompositeFilter.java:113)
	at org.springframework.web.servlet.handler.HandlerMappingIntrospector.lambda$createCacheFilter$3(HandlerMappingIntrospector.java:243)
	at org.springframework.web.filter.CompositeFilter$VirtualFilterChain.doFilter(CompositeFilter.java:113)
	at org.springframework.web.filter.CompositeFilter.doFilter(CompositeFilter.java:74)
	at org.springframework.security.config.annotation.web.configuration.WebMvcSecurityConfiguration$CompositeFilterChainProxy.doFilter(WebMvcSecurityConfiguration.java:238)
	at org.springframework.web.filter.DelegatingFilterProxy.invokeDelegate(DelegatingFilterProxy.java:362)
	at org.springframework.web.filter.DelegatingFilterProxy.doFilter(DelegatingFilterProxy.java:278)
	at org.apache.catalina.core.ApplicationFilterChain.internalDoFilter(ApplicationFilterChain.java:164)
	at org.apache.catalina.core.ApplicationFilterChain.doFilter(ApplicationFilterChain.java:140)
	at org.springframework.web.filter.RequestContextFilter.doFilterInternal(RequestContextFilter.java:100)
	at org.springframework.web.filter.OncePerRequestFilter.doFilter(OncePerRequestFilter.java:116)
	at org.apache.catalina.core.ApplicationFilterChain.internalDoFilter(ApplicationFilterChain.java:164)
	at org.apache.catalina.core.ApplicationFilterChain.doFilter(ApplicationFilterChain.java:140)
	at org.springframework.web.filter.FormContentFilter.doFilterInternal(FormContentFilter.java:93)
	at org.springframework.web.filter.OncePerRequestFilter.doFilter(OncePerRequestFilter.java:116)
	at org.apache.catalina.core.ApplicationFilterChain.internalDoFilter(ApplicationFilterChain.java:164)
	at org.apache.catalina.core.ApplicationFilterChain.doFilter(ApplicationFilterChain.java:140)
	at org.springframework.web.filter.ServerHttpObservationFilter.doFilterInternal(ServerHttpObservationFilter.java:114)
	at org.springframework.web.filter.OncePerRequestFilter.doFilter(OncePerRequestFilter.java:116)
	at org.apache.catalina.core.ApplicationFilterChain.internalDoFilter(ApplicationFilterChain.java:164)
	at org.apache.catalina.core.ApplicationFilterChain.doFilter(ApplicationFilterChain.java:140)
	at org.springframework.web.filter.CharacterEncodingFilter.doFilterInternal(CharacterEncodingFilter.java:201)
	at org.springframework.web.filter.OncePerRequestFilter.doFilter(OncePerRequestFilter.java:116)
	at org.apache.catalina.core.ApplicationFilterChain.internalDoFilter(ApplicationFilterChain.java:164)
	at org.apache.catalina.core.ApplicationFilterChain.doFilter(ApplicationFilterChain.java:140)
	at org.apache.catalina.core.StandardWrapperValve.invoke(StandardWrapperValve.java:167)
	at org.apache.catalina.core.StandardContextValve.invoke(StandardContextValve.java:90)
	at org.apache.catalina.authenticator.AuthenticatorBase.invoke(AuthenticatorBase.java:483)
	at org.apache.catalina.core.StandardHostValve.invoke(StandardHostValve.java:116)
	at org.apache.catalina.valves.ErrorReportValve.invoke(ErrorReportValve.java:93)
	at org.apache.catalina.core.StandardEngineValve.invoke(StandardEngineValve.java:74)
	at org.apache.catalina.connector.CoyoteAdapter.service(CoyoteAdapter.java:344)
	at org.apache.coyote.http11.Http11Processor.service(Http11Processor.java:398)
	at org.apache.coyote.AbstractProcessorLight.process(AbstractProcessorLight.java:63)
	at org.apache.coyote.AbstractProtocol$ConnectionHandler.process(AbstractProtocol.java:903)
	at org.apache.tomcat.util.net.NioEndpoint$SocketProcessor.doRun(NioEndpoint.java:1740)
	at org.apache.tomcat.util.net.SocketProcessorBase.run(SocketProcessorBase.java:52)
	at org.apache.tomcat.util.threads.ThreadPoolExecutor.runWorker(ThreadPoolExecutor.java:1189)
	at org.apache.tomcat.util.threads.ThreadPoolExecutor$Worker.run(ThreadPoolExecutor.java:658)
	at org.apache.tomcat.util.threads.TaskThread$WrappingRunnable.run(TaskThread.java:63)
	at java.base/java.lang.Thread.run(Thread.java:842)
12:36:59.377 [] ERROR o.a.c.c.C.[.[.[.[dispatcherServlet] - Servlet.service() for servlet [dispatcherServlet] in context with path [] threw exception
com.gym.crm.core.exception.UnacceptableOperationException: Invalid or expired JWT token
	at com.gym.crm.core.security.jwt.JwtTokenProvider.parseToken(JwtTokenProvider.java:83)
	at com.gym.crm.core.security.jwt.JwtAuthenticationFilter.doFilterInternal(JwtAuthenticationFilter.java:40)
	at org.springframework.web.filter.OncePerRequestFilter.doFilter(OncePerRequestFilter.java:116)
	at org.springframework.security.web.ObservationFilterChainDecorator$ObservationFilter.wrapFilter(ObservationFilterChainDecorator.java:240)
	at org.springframework.security.web.ObservationFilterChainDecorator$ObservationFilter.doFilter(ObservationFilterChainDecorator.java:227)
	at org.springframework.security.web.ObservationFilterChainDecorator$VirtualFilterChain.doFilter(ObservationFilterChainDecorator.java:137)
	at org.springframework.security.web.authentication.logout.LogoutFilter.doFilter(LogoutFilter.java:107)
	at org.springframework.security.web.authentication.logout.LogoutFilter.doFilter(LogoutFilter.java:93)
	at org.springframework.security.web.ObservationFilterChainDecorator$ObservationFilter.wrapFilter(ObservationFilterChainDecorator.java:240)
	at org.springframework.security.web.ObservationFilterChainDecorator$ObservationFilter.doFilter(ObservationFilterChainDecorator.java:227)
	at org.springframework.security.web.ObservationFilterChainDecorator$VirtualFilterChain.doFilter(ObservationFilterChainDecorator.java:137)
	at org.springframework.web.filter.CorsFilter.doFilterInternal(CorsFilter.java:91)
	at org.springframework.web.filter.OncePerRequestFilter.doFilter(OncePerRequestFilter.java:116)
	at org.springframework.security.web.ObservationFilterChainDecorator$ObservationFilter.wrapFilter(ObservationFilterChainDecorator.java:240)
	at org.springframework.security.web.ObservationFilterChainDecorator$ObservationFilter.doFilter(ObservationFilterChainDecorator.java:227)
	at org.springframework.security.web.ObservationFilterChainDecorator$VirtualFilterChain.doFilter(ObservationFilterChainDecorator.java:137)
	at org.springframework.security.web.header.HeaderWriterFilter.doHeadersAfter(HeaderWriterFilter.java:90)
	at org.springframework.security.web.header.HeaderWriterFilter.doFilterInternal(HeaderWriterFilter.java:75)
	at org.springframework.web.filter.OncePerRequestFilter.doFilter(OncePerRequestFilter.java:116)
	at org.springframework.security.web.ObservationFilterChainDecorator$ObservationFilter.wrapFilter(ObservationFilterChainDecorator.java:240)
	at org.springframework.security.web.ObservationFilterChainDecorator$ObservationFilter.doFilter(ObservationFilterChainDecorator.java:227)
	at org.springframework.security.web.ObservationFilterChainDecorator$VirtualFilterChain.doFilter(ObservationFilterChainDecorator.java:137)
	at org.springframework.security.web.context.SecurityContextHolderFilter.doFilter(SecurityContextHolderFilter.java:82)
	at org.springframework.security.web.context.SecurityContextHolderFilter.doFilter(SecurityContextHolderFilter.java:69)
	at org.springframework.security.web.ObservationFilterChainDecorator$ObservationFilter.wrapFilter(ObservationFilterChainDecorator.java:240)
	at org.springframework.security.web.ObservationFilterChainDecorator$ObservationFilter.doFilter(ObservationFilterChainDecorator.java:227)
	at org.springframework.security.web.ObservationFilterChainDecorator$VirtualFilterChain.doFilter(ObservationFilterChainDecorator.java:137)
	at org.springframework.security.web.context.request.async.WebAsyncManagerIntegrationFilter.doFilterInternal(WebAsyncManagerIntegrationFilter.java:62)
	at org.springframework.web.filter.OncePerRequestFilter.doFilter(OncePerRequestFilter.java:116)
	at org.springframework.security.web.ObservationFilterChainDecorator$ObservationFilter.wrapFilter(ObservationFilterChainDecorator.java:240)
	at org.springframework.security.web.ObservationFilterChainDecorator$ObservationFilter.doFilter(ObservationFilterChainDecorator.java:227)
	at org.springframework.security.web.ObservationFilterChainDecorator$VirtualFilterChain.doFilter(ObservationFilterChainDecorator.java:137)
	at org.springframework.security.web.session.DisableEncodeUrlFilter.doFilterInternal(DisableEncodeUrlFilter.java:42)
	at org.springframework.web.filter.OncePerRequestFilter.doFilter(OncePerRequestFilter.java:116)
	at org.springframework.security.web.ObservationFilterChainDecorator$ObservationFilter.wrapFilter(ObservationFilterChainDecorator.java:240)
	at org.springframework.security.web.ObservationFilterChainDecorator$AroundFilterObservation$SimpleAroundFilterObservation.lambda$wrap$0(ObservationFilterChainDecorator.java:323)
	at org.springframework.security.web.ObservationFilterChainDecorator$ObservationFilter.doFilter(ObservationFilterChainDecorator.java:224)
	at org.springframework.security.web.ObservationFilterChainDecorator$VirtualFilterChain.doFilter(ObservationFilterChainDecorator.java:137)
	at org.springframework.security.web.FilterChainProxy.doFilterInternal(FilterChainProxy.java:233)
	at org.springframework.security.web.FilterChainProxy.doFilter(FilterChainProxy.java:191)
	at org.springframework.web.filter.CompositeFilter$VirtualFilterChain.doFilter(CompositeFilter.java:113)
	at org.springframework.web.servlet.handler.HandlerMappingIntrospector.lambda$createCacheFilter$3(HandlerMappingIntrospector.java:243)
	at org.springframework.web.filter.CompositeFilter$VirtualFilterChain.doFilter(CompositeFilter.java:113)
	at org.springframework.web.filter.CompositeFilter.doFilter(CompositeFilter.java:74)
	at org.springframework.security.config.annotation.web.configuration.WebMvcSecurityConfiguration$CompositeFilterChainProxy.doFilter(WebMvcSecurityConfiguration.java:238)
	at org.springframework.web.filter.DelegatingFilterProxy.invokeDelegate(DelegatingFilterProxy.java:362)
	at org.springframework.web.filter.DelegatingFilterProxy.doFilter(DelegatingFilterProxy.java:278)
	at org.apache.catalina.core.ApplicationFilterChain.internalDoFilter(ApplicationFilterChain.java:164)
	at org.apache.catalina.core.ApplicationFilterChain.doFilter(ApplicationFilterChain.java:140)
	at org.springframework.web.filter.RequestContextFilter.doFilterInternal(RequestContextFilter.java:100)
	at org.springframework.web.filter.OncePerRequestFilter.doFilter(OncePerRequestFilter.java:116)
	at org.apache.catalina.core.ApplicationFilterChain.internalDoFilter(ApplicationFilterChain.java:164)
	at org.apache.catalina.core.ApplicationFilterChain.doFilter(ApplicationFilterChain.java:140)
	at org.springframework.web.filter.FormContentFilter.doFilterInternal(FormContentFilter.java:93)
	at org.springframework.web.filter.OncePerRequestFilter.doFilter(OncePerRequestFilter.java:116)
	at org.apache.catalina.core.ApplicationFilterChain.internalDoFilter(ApplicationFilterChain.java:164)
	at org.apache.catalina.core.ApplicationFilterChain.doFilter(ApplicationFilterChain.java:140)
	at org.springframework.web.filter.ServerHttpObservationFilter.doFilterInternal(ServerHttpObservationFilter.java:114)
	at org.springframework.web.filter.OncePerRequestFilter.doFilter(OncePerRequestFilter.java:116)
	at org.apache.catalina.core.ApplicationFilterChain.internalDoFilter(ApplicationFilterChain.java:164)
	at org.apache.catalina.core.ApplicationFilterChain.doFilter(ApplicationFilterChain.java:140)
	at org.springframework.web.filter.CharacterEncodingFilter.doFilterInternal(CharacterEncodingFilter.java:201)
	at org.springframework.web.filter.OncePerRequestFilter.doFilter(OncePerRequestFilter.java:116)
	at org.apache.catalina.core.ApplicationFilterChain.internalDoFilter(ApplicationFilterChain.java:164)
	at org.apache.catalina.core.ApplicationFilterChain.doFilter(ApplicationFilterChain.java:140)
	at org.apache.catalina.core.StandardWrapperValve.invoke(StandardWrapperValve.java:167)
	at org.apache.catalina.core.StandardContextValve.invoke(StandardContextValve.java:90)
	at org.apache.catalina.authenticator.AuthenticatorBase.invoke(AuthenticatorBase.java:483)
	at org.apache.catalina.core.StandardHostValve.invoke(StandardHostValve.java:116)
	at org.apache.catalina.valves.ErrorReportValve.invoke(ErrorReportValve.java:93)
	at org.apache.catalina.core.StandardEngineValve.invoke(StandardEngineValve.java:74)
	at org.apache.catalina.connector.CoyoteAdapter.service(CoyoteAdapter.java:344)
	at org.apache.coyote.http11.Http11Processor.service(Http11Processor.java:398)
	at org.apache.coyote.AbstractProcessorLight.process(AbstractProcessorLight.java:63)
	at org.apache.coyote.AbstractProtocol$ConnectionHandler.process(AbstractProtocol.java:903)
	at org.apache.tomcat.util.net.NioEndpoint$SocketProcessor.doRun(NioEndpoint.java:1740)
	at org.apache.tomcat.util.net.SocketProcessorBase.run(SocketProcessorBase.java:52)
	at org.apache.tomcat.util.threads.ThreadPoolExecutor.runWorker(ThreadPoolExecutor.java:1189)
	at org.apache.tomcat.util.threads.ThreadPoolExecutor$Worker.run(ThreadPoolExecutor.java:658)
	at org.apache.tomcat.util.threads.TaskThread$WrappingRunnable.run(TaskThread.java:63)
	at java.base/java.lang.Thread.run(Thread.java:842)
13:04:08.540 [] ERROR c.n.d.DiscoveryClient - DiscoveryClient_GYM-CRM-CORE/gym-crm-core:8081 - de-registration failedCannot execute request on any known server
com.netflix.discovery.shared.transport.TransportException: Cannot execute request on any known server
	at com.netflix.discovery.shared.transport.decorator.RetryableEurekaHttpClient.execute(RetryableEurekaHttpClient.java:112)
	at com.netflix.discovery.shared.transport.decorator.EurekaHttpClientDecorator.cancel(EurekaHttpClientDecorator.java:71)
	at com.netflix.discovery.shared.transport.decorator.EurekaHttpClientDecorator$2.execute(EurekaHttpClientDecorator.java:74)
	at com.netflix.discovery.shared.transport.decorator.SessionedEurekaHttpClient.execute(SessionedEurekaHttpClient.java:76)
	at com.netflix.discovery.shared.transport.decorator.EurekaHttpClientDecorator.cancel(EurekaHttpClientDecorator.java:71)
	at com.netflix.discovery.DiscoveryClient.unregister(DiscoveryClient.java:919)
	at com.netflix.discovery.DiscoveryClient.shutdown(DiscoveryClient.java:900)
	at java.base/jdk.internal.reflect.NativeMethodAccessorImpl.invoke0(Native Method)
	at java.base/jdk.internal.reflect.NativeMethodAccessorImpl.invoke(NativeMethodAccessorImpl.java:77)
	at java.base/jdk.internal.reflect.DelegatingMethodAccessorImpl.invoke(DelegatingMethodAccessorImpl.java:43)
	at java.base/java.lang.reflect.Method.invoke(Method.java:568)
	at org.springframework.beans.factory.annotation.InitDestroyAnnotationBeanPostProcessor$LifecycleMethod.invoke(InitDestroyAnnotationBeanPostProcessor.java:457)
	at org.springframework.beans.factory.annotation.InitDestroyAnnotationBeanPostProcessor$LifecycleMetadata.invokeDestroyMethods(InitDestroyAnnotationBeanPostProcessor.java:415)
	at org.springframework.beans.factory.annotation.InitDestroyAnnotationBeanPostProcessor.postProcessBeforeDestruction(InitDestroyAnnotationBeanPostProcessor.java:239)
	at org.springframework.beans.factory.support.DisposableBeanAdapter.destroy(DisposableBeanAdapter.java:202)
	at org.springframework.beans.factory.support.DisposableBeanAdapter.run(DisposableBeanAdapter.java:195)
	at org.springframework.cloud.context.scope.GenericScope$BeanLifecycleWrapper.destroy(GenericScope.java:387)
	at org.springframework.cloud.context.scope.GenericScope.destroy(GenericScope.java:134)
	at org.springframework.beans.factory.support.DisposableBeanAdapter.destroy(DisposableBeanAdapter.java:211)
	at org.springframework.beans.factory.support.DefaultSingletonBeanRegistry.destroyBean(DefaultSingletonBeanRegistry.java:796)
	at org.springframework.beans.factory.support.DefaultSingletonBeanRegistry.destroySingleton(DefaultSingletonBeanRegistry.java:746)
	at org.springframework.beans.factory.support.DefaultListableBeanFactory.destroySingleton(DefaultListableBeanFactory.java:1473)
	at org.springframework.beans.factory.support.DefaultSingletonBeanRegistry.destroySingletons(DefaultSingletonBeanRegistry.java:705)
	at org.springframework.beans.factory.support.DefaultListableBeanFactory.destroySingletons(DefaultListableBeanFactory.java:1466)
	at org.springframework.context.support.AbstractApplicationContext.destroyBeans(AbstractApplicationContext.java:1219)
	at org.springframework.context.support.AbstractApplicationContext.doClose(AbstractApplicationContext.java:1180)
	at org.springframework.boot.web.servlet.context.ServletWebServerApplicationContext.doClose(ServletWebServerApplicationContext.java:179)
	at org.springframework.context.support.AbstractApplicationContext.close(AbstractApplicationContext.java:1126)
	at org.springframework.boot.SpringApplicationShutdownHook.closeAndWait(SpringApplicationShutdownHook.java:147)
	at java.base/java.lang.Iterable.forEach(Iterable.java:75)
	at org.springframework.boot.SpringApplicationShutdownHook.run(SpringApplicationShutdownHook.java:116)
	at java.base/java.lang.Thread.run(Thread.java:842)
15:38:42.614 [] ERROR c.n.d.DiscoveryClient - DiscoveryClient_GYM-CRM-CORE/gym-crm-core:8081 - was unable to send heartbeat!
com.netflix.discovery.shared.transport.TransportException: Cannot execute request on any known server
	at com.netflix.discovery.shared.transport.decorator.RetryableEurekaHttpClient.execute(RetryableEurekaHttpClient.java:112)
	at com.netflix.discovery.shared.transport.decorator.EurekaHttpClientDecorator.sendHeartBeat(EurekaHttpClientDecorator.java:89)
	at com.netflix.discovery.shared.transport.decorator.EurekaHttpClientDecorator$3.execute(EurekaHttpClientDecorator.java:92)
	at com.netflix.discovery.shared.transport.decorator.SessionedEurekaHttpClient.execute(SessionedEurekaHttpClient.java:76)
	at com.netflix.discovery.shared.transport.decorator.EurekaHttpClientDecorator.sendHeartBeat(EurekaHttpClientDecorator.java:89)
	at com.netflix.discovery.DiscoveryClient.renew(DiscoveryClient.java:845)
	at com.netflix.discovery.DiscoveryClient$HeartbeatThread.run(DiscoveryClient.java:1403)
	at java.base/java.util.concurrent.Executors$RunnableAdapter.call(Executors.java:539)
	at java.base/java.util.concurrent.FutureTask.run(FutureTask.java:264)
	at java.base/java.util.concurrent.ThreadPoolExecutor.runWorker(ThreadPoolExecutor.java:1136)
	at java.base/java.util.concurrent.ThreadPoolExecutor$Worker.run(ThreadPoolExecutor.java:635)
	at java.base/java.lang.Thread.run(Thread.java:842)
15:38:44.785 [] ERROR c.n.d.DiscoveryClient - DiscoveryClient_GYM-CRM-CORE/gym-crm-core:8081 - de-registration failedCannot execute request on any known server
com.netflix.discovery.shared.transport.TransportException: Cannot execute request on any known server
	at com.netflix.discovery.shared.transport.decorator.RetryableEurekaHttpClient.execute(RetryableEurekaHttpClient.java:112)
	at com.netflix.discovery.shared.transport.decorator.EurekaHttpClientDecorator.cancel(EurekaHttpClientDecorator.java:71)
	at com.netflix.discovery.shared.transport.decorator.EurekaHttpClientDecorator$2.execute(EurekaHttpClientDecorator.java:74)
	at com.netflix.discovery.shared.transport.decorator.SessionedEurekaHttpClient.execute(SessionedEurekaHttpClient.java:76)
	at com.netflix.discovery.shared.transport.decorator.EurekaHttpClientDecorator.cancel(EurekaHttpClientDecorator.java:71)
	at com.netflix.discovery.DiscoveryClient.unregister(DiscoveryClient.java:919)
	at com.netflix.discovery.DiscoveryClient.shutdown(DiscoveryClient.java:900)
	at java.base/jdk.internal.reflect.NativeMethodAccessorImpl.invoke0(Native Method)
	at java.base/jdk.internal.reflect.NativeMethodAccessorImpl.invoke(NativeMethodAccessorImpl.java:77)
	at java.base/jdk.internal.reflect.DelegatingMethodAccessorImpl.invoke(DelegatingMethodAccessorImpl.java:43)
	at java.base/java.lang.reflect.Method.invoke(Method.java:568)
	at org.springframework.beans.factory.annotation.InitDestroyAnnotationBeanPostProcessor$LifecycleMethod.invoke(InitDestroyAnnotationBeanPostProcessor.java:457)
	at org.springframework.beans.factory.annotation.InitDestroyAnnotationBeanPostProcessor$LifecycleMetadata.invokeDestroyMethods(InitDestroyAnnotationBeanPostProcessor.java:415)
	at org.springframework.beans.factory.annotation.InitDestroyAnnotationBeanPostProcessor.postProcessBeforeDestruction(InitDestroyAnnotationBeanPostProcessor.java:239)
	at org.springframework.beans.factory.support.DisposableBeanAdapter.destroy(DisposableBeanAdapter.java:202)
	at org.springframework.beans.factory.support.DisposableBeanAdapter.run(DisposableBeanAdapter.java:195)
	at org.springframework.cloud.context.scope.GenericScope$BeanLifecycleWrapper.destroy(GenericScope.java:387)
	at org.springframework.cloud.context.scope.GenericScope.destroy(GenericScope.java:134)
	at org.springframework.beans.factory.support.DisposableBeanAdapter.destroy(DisposableBeanAdapter.java:211)
	at org.springframework.beans.factory.support.DefaultSingletonBeanRegistry.destroyBean(DefaultSingletonBeanRegistry.java:796)
	at org.springframework.beans.factory.support.DefaultSingletonBeanRegistry.destroySingleton(DefaultSingletonBeanRegistry.java:746)
	at org.springframework.beans.factory.support.DefaultListableBeanFactory.destroySingleton(DefaultListableBeanFactory.java:1473)
	at org.springframework.beans.factory.support.DefaultSingletonBeanRegistry.destroySingletons(DefaultSingletonBeanRegistry.java:705)
	at org.springframework.beans.factory.support.DefaultListableBeanFactory.destroySingletons(DefaultListableBeanFactory.java:1466)
	at org.springframework.context.support.AbstractApplicationContext.destroyBeans(AbstractApplicationContext.java:1219)
	at org.springframework.context.support.AbstractApplicationContext.doClose(AbstractApplicationContext.java:1180)
	at org.springframework.boot.web.servlet.context.ServletWebServerApplicationContext.doClose(ServletWebServerApplicationContext.java:179)
	at org.springframework.context.support.AbstractApplicationContext.close(AbstractApplicationContext.java:1126)
	at org.springframework.boot.SpringApplicationShutdownHook.closeAndWait(SpringApplicationShutdownHook.java:147)
	at java.base/java.lang.Iterable.forEach(Iterable.java:75)
	at org.springframework.boot.SpringApplicationShutdownHook.run(SpringApplicationShutdownHook.java:116)
	at java.base/java.lang.Thread.run(Thread.java:842)
